unnamed:_0,start_date,end_date,durationdays,main_cause,state,human_fatality,human_injured,year,month,day,quarter,dayofweek,weekofyear,season,calculated_duration,flood_event,state_flood_count,month_flood_count,fatality_category,severe_flood,monsoon_flood,state_encoded
563,1967-07-02,1967-07-08,7.0,flood,Assam,0.0,0.0,1967.0,7.0,2.0,3.0,6.0,26,Monsoon,7.0,1,908,1709,No Fatality,0,1,5
564,1967-07-22,1967-07-28,7.0,flood,"Maharashtra, Gujarat",0.0,0.0,1967.0,7.0,22.0,3.0,5.0,29,Monsoon,7.0,1,1,1709,No Fatality,0,1,48
565,1967-08-01,1967-08-30,30.0,flood,Uttar Pradesh,0.0,0.0,1967.0,8.0,1.0,3.0,1.0,31,Monsoon,30.0,1,448,1382,No Fatality,0,1,69
566,1967-09-08,1967-09-09,2.0,flood,"Odisha, Bihar, Uttar Pradesh, Madhya Pradesh, Rajasthan, Haryana",0.0,0.0,1967.0,9.0,8.0,3.0,4.0,36,Monsoon,2.0,1,1,938,No Fatality,0,1,57
567,1968-06-22,1968-06-28,7.0,flood,Assam,0.0,0.0,1968.0,6.0,22.0,2.0,5.0,25,Monsoon,7.0,1,908,1071,No Fatality,0,1,5
568,1968-06-08,1968-06-12,5.0,"heavy rains, floods",West Bengal,0.0,0.0,1968.0,6.0,8.0,2.0,5.0,23,Monsoon,5.0,1,330,1071,No Fatality,0,1,79
569,1968-07-01,1968-07-30,30.0,floods,"Kerala, Rajasthan, Haryana, Uttar Pradesh, Bihar",0.0,0.0,1968.0,7.0,1.0,3.0,0.0,27,Monsoon,30.0,1,1,1709,No Fatality,0,1,41
570,1968-07-18,1968-07-18,1.0,cloud burst,Uttar Pradesh,0.0,0.0,1968.0,7.0,18.0,3.0,3.0,29,Monsoon,1.0,1,448,1709,No Fatality,0,1,69
571,1968-08-01,1968-08-08,8.0,severe floods,Gujarat,0.0,0.0,1968.0,8.0,1.0,3.0,3.0,31,Monsoon,8.0,1,168,1382,No Fatality,0,1,26
572,1968-10-01,1968-10-08,8.0,floods,West Bengal,0.0,0.0,1968.0,10.0,1.0,4.0,1.0,40,Post-Monsoon,8.0,1,330,501,No Fatality,0,0,79
573,1968-10-03,1968-10-05,3.0,heavy rains,Sikkim,0.0,0.0,1968.0,10.0,3.0,4.0,3.0,40,Post-Monsoon,3.0,1,64,501,No Fatality,0,0,65
574,1968-11-06,1968-11-06,1.0,heavy rains,Andhra Pradesh,0.0,0.0,1968.0,11.0,6.0,4.0,2.0,45,Post-Monsoon,1.0,1,150,194,No Fatality,0,0,1
575,1969-06-08,1969-07-13,36.0,floods,Assam,0.0,0.0,1969.0,6.0,8.0,2.0,6.0,23,Monsoon,36.0,1,908,1071,No Fatality,0,1,5
576,1969-07-15,1969-07-22,8.0,floods,"Karnataka, Kerala",0.0,0.0,1969.0,7.0,15.0,3.0,1.0,29,Monsoon,8.0,1,1,1709,No Fatality,0,1,38
577,1969-07-22,1969-07-29,8.0,floods,"Odisha, Rajasthan",0.0,0.0,1969.0,7.0,22.0,3.0,1.0,30,Monsoon,8.0,1,1,1709,No Fatality,0,1,58
578,1969-08-02,1969-08-03,2.0,heavy rains,"Himachal Pradesh, Uttar Pradesh",0.0,0.0,1969.0,8.0,2.0,3.0,5.0,31,Monsoon,2.0,1,1,1382,No Fatality,0,1,30
579,1969-08-01,1969-08-22,22.0,floods,"Jammu and Kashmir, Delhi, Punjab",0.0,0.0,1969.0,8.0,1.0,3.0,4.0,31,Monsoon,22.0,1,1,1382,No Fatality,0,1,34
580,1969-09-01,1969-09-15,15.0,floods,Maharashtra,0.0,0.0,1969.0,9.0,1.0,3.0,0.0,36,Monsoon,15.0,1,1011,938,No Fatality,0,1,47
581,1969-08-01,1969-09-14,45.0,floods,Gujarat,0.0,0.0,1969.0,8.0,1.0,3.0,4.0,31,Monsoon,45.0,1,168,1382,No Fatality,0,1,26
582,1969-09-15,1969-09-22,8.0,floods,"Maharashtra, Telangana",0.0,0.0,1969.0,9.0,15.0,3.0,0.0,38,Monsoon,8.0,1,1,938,No Fatality,0,1,49
583,1969-10-22,1969-10-23,2.0,torrential rain,Madras,0.0,0.0,1969.0,10.0,22.0,4.0,2.0,43,Post-Monsoon,2.0,1,1,501,No Fatality,0,0,46
584,1969-10-15,1969-10-29,15.0,heavy rains,Tamil Nadu,0.0,0.0,1969.0,10.0,15.0,4.0,2.0,42,Post-Monsoon,15.0,1,188,501,No Fatality,0,0,66
585,1970-06-15,1970-06-22,8.0,heavy rains,Assam,0.0,0.0,1970.0,6.0,15.0,2.0,0.0,25,Monsoon,8.0,1,908,1071,No Fatality,0,1,5
586,1970-07-15,1970-07-29,15.0,flood,Uttarakhand,0.0,0.0,1970.0,7.0,15.0,3.0,2.0,29,Monsoon,15.0,1,107,1709,No Fatality,0,1,78
587,1970-08-22,1970-08-29,8.0,floods,"Andhra Pradesh, Madhya Pradesh",0.0,0.0,1970.0,8.0,22.0,3.0,5.0,34,Monsoon,8.0,1,1,1382,No Fatality,0,1,2
588,1970-08-08,1970-08-14,7.0,floods,Odisha,0.0,0.0,1970.0,8.0,8.0,3.0,5.0,32,Monsoon,7.0,1,144,1382,No Fatality,0,1,55
589,1970-09-01,1970-09-14,14.0,torrential rain,Gujarat,0.0,0.0,1970.0,9.0,1.0,3.0,1.0,36,Monsoon,14.0,1,168,938,No Fatality,0,1,26
590,1970-09-01,1970-09-14,14.0,heavy rains,West Bengal,80.0,0.0,1970.0,9.0,1.0,3.0,1.0,36,Monsoon,14.0,1,330,938,High,1,1,79
591,1970-09-27,1970-09-30,4.0,floods,Uttar Pradesh,223.0,0.0,1970.0,9.0,27.0,3.0,6.0,39,Monsoon,4.0,1,448,938,High,1,1,69
592,1970-09-01,1970-09-10,10.0,floods,Maharashtra,0.0,0.0,1970.0,9.0,1.0,3.0,1.0,36,Monsoon,10.0,1,1011,938,No Fatality,0,1,47
593,1970-09-11,1970-09-20,10.0,heavy rains,Kerala,0.0,0.0,1970.0,9.0,11.0,3.0,4.0,37,Monsoon,10.0,1,604,938,No Fatality,0,1,39
594,1970-09-22,1970-09-22,1.0,torrential rain,Telangana,100.0,0.0,1970.0,9.0,22.0,3.0,1.0,39,Monsoon,1.0,1,148,938,High,1,1,67
595,1970-11-21,1970-11-27,7.0,"heavy rains,floods",Tamil Nadu,0.0,0.0,1970.0,11.0,21.0,4.0,5.0,47,Post-Monsoon,7.0,1,188,194,No Fatality,0,0,66
596,1971-02-21,1971-02-27,7.0,heavy rains,Jammu and Kashmir,0.0,0.0,1971.0,2.0,21.0,1.0,6.0,7,Winter,7.0,1,137,66,No Fatality,0,0,33
597,1971-05-08,1971-05-14,7.0,heavy rains,Kerala,0.0,0.0,1971.0,5.0,8.0,2.0,5.0,18,Summer,7.0,1,604,479,No Fatality,0,0,39
598,1971-06-01,1971-06-30,30.0,heavy rains,"Uttar Pradesh , Assam , Bihar , West Bengal, Kerala",0.0,0.0,1971.0,6.0,1.0,2.0,1.0,22,Monsoon,30.0,1,1,1071,No Fatality,0,1,70
599,1971-06-23,1971-06-23,1.0,heavy rains,Maharashtra,0.0,0.0,1971.0,6.0,23.0,2.0,2.0,25,Monsoon,1.0,1,1011,1071,No Fatality,0,1,47
600,1971-07-01,1971-07-31,31.0,floods,"Assam, Odisha, West Bengal, Bihar",0.0,0.0,1971.0,7.0,1.0,3.0,3.0,26,Monsoon,31.0,1,1,1709,No Fatality,0,1,8
601,1971-08-01,1971-08-14,14.0,flooded,"Uttar Pradesh, Bihar,  Assam",0.0,0.0,1971.0,8.0,1.0,3.0,6.0,30,Monsoon,14.0,1,1,1382,No Fatality,0,1,73
602,1971-08-01,1971-08-14,14.0,moderate floods,"Madhya Pradesh, Punjab, Haryana, West Bengal",0.0,0.0,1971.0,8.0,1.0,3.0,6.0,30,Monsoon,14.0,1,1,1382,No Fatality,0,1,45
603,1971-08-15,1971-08-28,14.0,floods,"Bihar, Uttar pradesh, West Bengal, Himachal Pradesh",0.0,0.0,1971.0,8.0,15.0,3.0,6.0,32,Monsoon,14.0,1,1,1382,No Fatality,0,1,14
604,1971-08-22,1971-08-31,10.0,floods,Parts of Maharashtra,0.0,0.0,1971.0,8.0,22.0,3.0,6.0,33,Monsoon,10.0,1,1,1382,No Fatality,0,1,59
605,1971-09-01,1971-09-14,14.0,floods,"Uttar Pradesh, West Bengal, Bihar",0.0,0.0,1971.0,9.0,1.0,3.0,2.0,35,Monsoon,14.0,1,1,938,No Fatality,0,1,77
606,1971-09-22,1971-09-28,7.0,floods,"Bihar, Maharashtra",0.0,0.0,1971.0,9.0,22.0,3.0,2.0,38,Monsoon,7.0,1,1,938,No Fatality,0,1,12
607,1971-10-08,1971-10-14,7.0,floods,Assam,0.0,0.0,1971.0,10.0,8.0,4.0,4.0,40,Post-Monsoon,7.0,1,908,501,No Fatality,0,0,5
608,1971-01-01,1971-12-31,365.0,floods,"Uttar Pradesh, Bihar, Odisha, West Bengal",1025.0,0.0,1971.0,1.0,1.0,1.0,4.0,53,Winter,365.0,1,1,108,High,1,0,74
609,1972-05-08,1972-05-21,14.0,heavy rains,Kerala,0.0,0.0,1972.0,5.0,8.0,2.0,0.0,19,Summer,14.0,1,604,479,No Fatality,0,0,39
610,1972-05-15,1972-05-21,7.0,heavy rains,Jammu and Kashmir,0.0,0.0,1972.0,5.0,15.0,2.0,0.0,20,Summer,7.0,1,137,479,No Fatality,0,0,33
611,1972-06-01,1972-06-07,7.0,heavy rains,Karnataka,0.0,0.0,1972.0,6.0,1.0,2.0,3.0,22,Monsoon,7.0,1,491,1071,No Fatality,0,1,37
612,1972-06-15,1972-06-28,14.0,heavy rains,Maharashtra,8.0,0.0,1972.0,6.0,15.0,2.0,3.0,24,Monsoon,14.0,1,1011,1071,Low,0,1,47
613,1972-06-15,1972-06-21,7.0,heavy rains,Assam,50.0,0.0,1972.0,6.0,15.0,2.0,3.0,24,Monsoon,7.0,1,908,1071,Medium,1,1,5
614,1972-07-01,1972-07-14,14.0,heavy rains,Kerala,0.0,0.0,1972.0,7.0,1.0,3.0,5.0,26,Monsoon,14.0,1,604,1709,No Fatality,0,1,39
615,1972-07-01,1972-07-07,7.0,heavy rains,Delhi,0.0,0.0,1972.0,7.0,1.0,3.0,5.0,26,Monsoon,7.0,1,43,1709,No Fatality,0,1,21
616,1972-07-08,1972-07-21,14.0,floods,"Odisha, Bihar, Assam, West Bengal",90.0,0.0,1972.0,7.0,8.0,3.0,5.0,27,Monsoon,14.0,1,1,1709,High,1,1,56
617,1972-08-01,1972-08-14,14.0,heavy rains,Jammu and Kashmir,0.0,0.0,1972.0,8.0,1.0,3.0,1.0,31,Monsoon,14.0,1,137,1382,No Fatality,0,1,33
618,1972-08-15,1972-08-21,7.0,heavy rains,"Uttar Pradesh, East Rajasthan",0.0,0.0,1972.0,8.0,15.0,3.0,1.0,33,Monsoon,7.0,1,1,1382,No Fatality,0,1,75
619,1973-03-08,1973-03-14,7.0,heavy rains,Jammu and Kashmir,0.0,0.0,1973.0,3.0,8.0,1.0,3.0,10,Summer,7.0,1,137,166,No Fatality,0,0,33
620,1973-05-01,1973-05-14,14.0,floods,Assam,0.0,0.0,1973.0,5.0,1.0,2.0,1.0,18,Summer,14.0,1,908,479,No Fatality,0,0,5
621,1973-04-01,1973-04-07,7.0,heavy rains,Maharashtra,0.0,0.0,1973.0,4.0,1.0,2.0,6.0,13,Summer,7.0,1,1011,171,No Fatality,0,0,47
622,1973-06-01,1973-06-07,7.0,Unknown,West Bengal,0.0,0.0,1973.0,6.0,1.0,2.0,4.0,22,Monsoon,7.0,1,330,1071,No Fatality,0,1,79
623,1973-06-08,1973-06-21,14.0,floods,Assam,3.0,0.0,1973.0,6.0,8.0,2.0,4.0,23,Monsoon,14.0,1,908,1071,Low,0,1,5
624,1973-06-22,1973-06-28,7.0,floods,Assam,0.0,0.0,1973.0,6.0,22.0,2.0,4.0,25,Monsoon,7.0,1,908,1071,No Fatality,0,1,5
625,1973-07-01,1973-07-14,14.0,heavy rains,"Rajasthan, Bihar, Madhya Pradesh, Gujarat, Maharashtra, Uttar Pradesh",90.0,0.0,1973.0,7.0,1.0,3.0,6.0,26,Monsoon,14.0,1,1,1709,High,1,1,63
626,1973-07-15,1973-07-21,7.0,floods,Madhya Pradesh,0.0,0.0,1973.0,7.0,15.0,3.0,6.0,28,Monsoon,7.0,1,238,1709,No Fatality,0,1,43
627,1973-07-22,1973-07-28,7.0,"heavy rains, floods","Himachal Pradesh, Uttar Pradesh, Bihar,  West Bengal",144.0,0.0,1973.0,7.0,22.0,3.0,6.0,29,Monsoon,7.0,1,1,1709,High,1,1,31
628,1973-08-08,1973-08-14,7.0,floods,"Jammu and Kashmir, Punjab, Uttar Pradesh, Assam,  Arunachal Pradesh ",268.0,0.0,1973.0,8.0,8.0,3.0,2.0,32,Monsoon,7.0,1,1,1382,High,1,1,35
629,1973-08-15,1973-08-31,17.0,severe flood,Rajasthan,13.0,0.0,1973.0,8.0,15.0,3.0,2.0,33,Monsoon,17.0,1,259,1382,Medium,1,1,62
630,1973-08-15,1973-08-21,7.0,floods,"Rajasthan, Punjab, Uttar Pradesh",79.0,0.0,1973.0,8.0,15.0,3.0,2.0,33,Monsoon,7.0,1,1,1382,High,1,1,64
631,1973-08-31,1973-08-31,1.0,heavy rains,Gujarat,0.0,0.0,1973.0,8.0,31.0,3.0,4.0,35,Monsoon,1.0,1,168,1382,No Fatality,0,1,26
632,1973-08-31,1973-09-09,10.0,floods,Gujarat,66.0,0.0,1973.0,8.0,31.0,3.0,4.0,35,Monsoon,10.0,1,168,1382,High,1,1,26
633,1973-10-01,1973-10-07,7.0,floods,"Uttar Pradesh, Bihar",145.0,0.0,1973.0,10.0,1.0,4.0,0.0,40,Post-Monsoon,7.0,1,1,501,High,1,0,72
634,1973-10-08,1973-10-14,7.0,severe floods,"Bihar, Odisha, West Bengal, Assam, Andhra Pradesh",77.0,0.0,1973.0,10.0,8.0,4.0,0.0,41,Post-Monsoon,7.0,1,1,501,High,1,0,13
635,1974-06-01,1974-09-01,93.0,inceasant rains ,Assam,0.0,0.0,1974.0,6.0,1.0,2.0,5.0,22,Monsoon,93.0,1,908,1071,No Fatality,0,1,5
636,1974-07-01,1974-08-03,34.0,floods,"Bihar, West Bengal",0.0,0.0,1974.0,7.0,1.0,3.0,0.0,27,Monsoon,34.0,1,1,1709,No Fatality,0,1,15
637,1974-07-01,1974-08-07,38.0,heavy rains,Maharashtra,50.0,0.0,1974.0,7.0,1.0,3.0,0.0,27,Monsoon,38.0,1,1011,1709,Medium,1,1,47
638,1974-07-01,1974-07-07,7.0,inceasant rains ,Maharashtra,17.0,0.0,1974.0,7.0,1.0,3.0,0.0,27,Monsoon,7.0,1,1011,1709,Medium,1,1,47
639,1974-07-22,1974-07-28,7.0,floods,"Kerala, Karnataka",0.0,0.0,1974.0,7.0,22.0,3.0,0.0,30,Monsoon,7.0,1,1,1709,No Fatality,0,1,40
640,1975-05-15,1975-05-31,17.0,Unknown,Assam,0.0,0.0,1975.0,5.0,15.0,2.0,3.0,20,Summer,17.0,1,908,479,No Fatality,0,0,5
641,1975-06-22,1975-06-28,7.0,floods,Assam,0.0,0.0,1975.0,6.0,22.0,2.0,6.0,25,Monsoon,7.0,1,908,1071,No Fatality,0,1,5
642,1975-06-01,1975-06-15,15.0,heavy rains,West Bengal ,0.0,0.0,1975.0,6.0,1.0,2.0,6.0,22,Monsoon,15.0,1,3,1071,No Fatality,0,1,80
643,1975-07-22,1975-07-28,7.0,"floods, heavy landslides",West Bengal ,0.0,0.0,1975.0,7.0,22.0,3.0,1.0,30,Monsoon,7.0,1,3,1709,No Fatality,0,1,80
644,1975-08-15,1975-08-21,7.0,heavy rains,West Bengal ,0.0,0.0,1975.0,8.0,15.0,3.0,4.0,33,Monsoon,7.0,1,3,1382,No Fatality,0,1,80
645,1975-09-22,1975-09-28,7.0,heavy rains,"West Bengal, Bihar",0.0,0.0,1975.0,9.0,22.0,3.0,0.0,39,Monsoon,7.0,1,1,938,No Fatality,0,1,81
646,1975-07-22,1975-07-28,7.0,floods,Bihar,26.0,0.0,1975.0,7.0,22.0,3.0,1.0,30,Monsoon,7.0,1,149,1709,Medium,1,1,9
647,1975-08-20,1975-08-24,5.0,heavy rains,Bihar,0.0,0.0,1975.0,8.0,20.0,3.0,2.0,34,Monsoon,5.0,1,149,1382,No Fatality,0,1,9
648,1975-08-25,1975-08-25,1.0,floods,Bihar,200.0,0.0,1975.0,8.0,25.0,3.0,0.0,35,Monsoon,1.0,1,149,1382,High,1,1,9
649,1975-09-22,1975-09-28,7.0,heavy rains,Bihar,11.0,0.0,1975.0,9.0,22.0,3.0,0.0,39,Monsoon,7.0,1,149,938,Medium,1,1,9
650,1975-08-15,1975-08-21,7.0,heavy rains,Odisha,43.0,0.0,1975.0,8.0,15.0,3.0,4.0,33,Monsoon,7.0,1,144,1382,Medium,1,1,55
651,1975-09-08,1975-09-14,7.0,floods,Odisha,0.0,0.0,1975.0,9.0,8.0,3.0,0.0,37,Monsoon,7.0,1,144,938,No Fatality,0,1,55
652,1975-07-15,1975-07-31,17.0,floods,Rajasthan,0.0,0.0,1975.0,7.0,15.0,3.0,1.0,29,Monsoon,17.0,1,259,1709,No Fatality,0,1,62
653,1975-08-01,1975-08-07,7.0,heavy rains,Rajasthan,0.0,0.0,1975.0,8.0,1.0,3.0,4.0,31,Monsoon,7.0,1,259,1382,No Fatality,0,1,62
654,1975-09-01,1975-09-07,7.0,heavy rains,Rajasthan,0.0,0.0,1975.0,9.0,1.0,3.0,0.0,36,Monsoon,7.0,1,259,938,No Fatality,0,1,62
655,1975-07-01,1975-08-07,38.0,floods,Uttar Pradesh,0.0,0.0,1975.0,7.0,1.0,3.0,1.0,27,Monsoon,38.0,1,448,1709,No Fatality,0,1,69
656,1975-09-08,1975-09-14,7.0,floods,Uttar Pradesh,25.0,0.0,1975.0,9.0,8.0,3.0,0.0,37,Monsoon,7.0,1,448,938,Medium,1,1,69
657,1975-06-20,1975-09-06,79.0,heavy rains,Maharashtra,0.0,0.0,1975.0,6.0,20.0,2.0,4.0,25,Monsoon,79.0,1,1011,1071,No Fatality,0,1,47
658,1975-08-01,1975-08-07,7.0,heavy rains,Maharashtra,10.0,0.0,1975.0,8.0,1.0,3.0,4.0,31,Monsoon,7.0,1,1011,1382,Low,0,1,47
659,1975-08-01,1975-08-31,1.0,heavy rains,Maharashtra,0.0,0.0,1975.0,8.0,1.0,3.0,4.0,31,Monsoon,31.0,1,1011,1382,No Fatality,0,1,47
660,1975-06-15,1975-06-30,16.0,floods,Karnataka,0.0,0.0,1975.0,6.0,15.0,2.0,6.0,24,Monsoon,16.0,1,491,1071,No Fatality,0,1,37
661,1975-06-15,1975-06-30,16.0,heavy rains,Karnataka,0.0,0.0,1975.0,6.0,15.0,2.0,6.0,24,Monsoon,16.0,1,491,1071,No Fatality,0,1,37
662,1975-08-01,1975-08-27,27.0,heavy rains,Karnataka,0.0,0.0,1975.0,8.0,1.0,3.0,4.0,31,Monsoon,27.0,1,491,1382,No Fatality,0,1,37
663,1975-10-08,1975-10-21,14.0,heavy rains,Andhra Pradesh,0.0,0.0,1975.0,10.0,8.0,4.0,2.0,41,Post-Monsoon,14.0,1,150,501,No Fatality,0,0,1
664,1975-06-15,1975-06-30,16.0,floods,Kerala,0.0,0.0,1975.0,6.0,15.0,2.0,6.0,24,Monsoon,16.0,1,604,1071,No Fatality,0,1,39
665,1975-11-01,1975-11-07,7.0,heavy rains,Kerala,4.0,0.0,1975.0,11.0,1.0,4.0,5.0,44,Post-Monsoon,7.0,1,604,194,Low,0,0,39
666,1975-11-21,1975-11-27,7.0,heavy rains,Tamil Nadu,0.0,0.0,1975.0,11.0,21.0,4.0,4.0,47,Post-Monsoon,7.0,1,188,194,No Fatality,0,0,66
667,1976-06-08,1976-06-14,7.0,heavy rains,"Assam, Manipur, Tripura,  Arunachal Pradesh",0.0,0.0,1976.0,6.0,8.0,2.0,1.0,24,Monsoon,7.0,1,1,1071,No Fatality,0,1,7
668,1976-07-15,1976-07-21,7.0,floods,"Assam, Manipur, Arunachal Pradesh",44.0,0.0,1976.0,7.0,15.0,3.0,3.0,29,Monsoon,7.0,1,1,1709,Medium,1,1,6
669,1976-06-22,1976-06-28,7.0,floods,West Bengal,3.0,0.0,1976.0,6.0,22.0,2.0,1.0,26,Monsoon,7.0,1,330,1071,Low,0,1,79
670,1976-08-01,1976-08-07,7.0,heavy rains,West Bengal,0.0,0.0,1976.0,8.0,1.0,3.0,6.0,31,Monsoon,7.0,1,330,1382,No Fatality,0,1,79
671,1976-08-15,1976-08-21,7.0,heavy rains,West Bengal,200.0,0.0,1976.0,8.0,15.0,3.0,6.0,33,Monsoon,7.0,1,330,1382,High,1,1,79
672,1976-08-15,1976-08-21,7.0,heavy rains,West Bengal,0.0,0.0,1976.0,8.0,15.0,3.0,6.0,33,Monsoon,7.0,1,330,1382,No Fatality,0,1,79
673,1976-09-15,1976-09-21,7.0,flooded,West Bengal,0.0,0.0,1976.0,9.0,15.0,3.0,2.0,38,Monsoon,7.0,1,330,938,No Fatality,0,1,79
674,1976-08-08,1976-08-14,7.0,floods,Odisha,0.0,0.0,1976.0,8.0,8.0,3.0,6.0,32,Monsoon,7.0,1,144,1382,No Fatality,0,1,55
675,1976-09-08,1976-09-21,14.0,heavy rains,Bihar,0.0,0.0,1976.0,9.0,8.0,3.0,2.0,37,Monsoon,14.0,1,149,938,No Fatality,0,1,9
676,1976-08-15,1976-08-21,7.0,floods,Uttar Pradesh,0.0,0.0,1976.0,8.0,15.0,3.0,6.0,33,Monsoon,7.0,1,448,1382,No Fatality,0,1,69
677,1976-09-08,1976-09-21,14.0,flood,Uttar Pradesh,228.0,0.0,1976.0,9.0,8.0,3.0,2.0,37,Monsoon,14.0,1,448,938,High,1,1,69
678,1976-08-18,1976-08-18,1.0,incessant rains,Delhi,0.0,0.0,1976.0,8.0,18.0,3.0,2.0,34,Monsoon,1.0,1,43,1382,No Fatality,0,1,21
679,1976-08-01,1976-09-07,38.0,floods,Punjab,85.0,0.0,1976.0,8.0,1.0,3.0,6.0,31,Monsoon,38.0,1,171,1382,High,1,1,61
680,1976-08-01,1976-08-07,7.0,floods,Jammu and Kashmir,0.0,0.0,1976.0,8.0,1.0,3.0,6.0,31,Monsoon,7.0,1,137,1382,No Fatality,0,1,33
681,1976-08-08,1976-08-14,7.0,floods,Jammu and Kashmir,68.0,0.0,1976.0,8.0,8.0,3.0,6.0,32,Monsoon,7.0,1,137,1382,High,1,1,33
682,1975-08-01,1975-08-31,1.0,heavy rains,Rajasthan,0.0,0.0,1975.0,8.0,1.0,3.0,4.0,31,Monsoon,31.0,1,259,1382,No Fatality,0,1,62
683,1976-09-22,1976-09-28,7.0,heavy rains,Rajasthan,0.0,0.0,1976.0,9.0,22.0,3.0,2.0,39,Monsoon,7.0,1,259,938,No Fatality,0,1,62
684,1976-07-08,1976-07-14,7.0,heavy rains,Gujarat,0.0,0.0,1976.0,7.0,8.0,3.0,3.0,28,Monsoon,7.0,1,168,1709,No Fatality,0,1,26
685,1976-07-31,1976-07-31,1.0,"torential rain,heavy floods",Dadra and Nagar Haveli,15.0,0.0,1976.0,7.0,31.0,3.0,5.0,31,Monsoon,1.0,1,1,1709,Medium,1,1,19
686,1976-08-01,1976-08-07,7.0,flood,Gujarat,0.0,0.0,1976.0,8.0,1.0,3.0,6.0,31,Monsoon,7.0,1,168,1382,No Fatality,0,1,26
687,1976-08-22,1976-08-28,7.0,heavy rains,Gujarat,0.0,0.0,1976.0,8.0,22.0,3.0,6.0,34,Monsoon,7.0,1,168,1382,No Fatality,0,1,26
688,1976-07-15,1976-07-21,7.0,heavy rains,Maharashtra,0.0,0.0,1976.0,7.0,15.0,3.0,3.0,29,Monsoon,7.0,1,1011,1709,No Fatality,0,1,47
689,1976-07-31,1976-07-31,1.0,heavy rains,Maharashtra,3.0,0.0,1976.0,7.0,31.0,3.0,5.0,31,Monsoon,1.0,1,1011,1709,Low,0,1,47
690,1976-09-01,1976-09-07,7.0,heavy rains,Maharashtra,0.0,0.0,1976.0,9.0,1.0,3.0,2.0,36,Monsoon,7.0,1,1011,938,No Fatality,0,1,47
691,1976-07-01,1976-07-07,7.0,flash floods,Telangana,15.0,0.0,1976.0,7.0,1.0,3.0,3.0,27,Monsoon,7.0,1,148,1709,Medium,1,1,67
692,1976-07-22,1976-07-28,7.0,heavy rains,Kerala,20.0,0.0,1976.0,7.0,22.0,3.0,3.0,30,Monsoon,7.0,1,604,1709,Medium,1,1,39
693,1976-05-11,1976-05-11,1.0,heavy rains,Tamil Nadu,0.0,0.0,1976.0,5.0,11.0,2.0,1.0,20,Summer,1.0,1,188,479,No Fatality,0,0,66
694,1976-10-08,1976-10-21,14.0,floods,Tamil Nadu,2.0,0.0,1976.0,10.0,8.0,4.0,4.0,41,Post-Monsoon,14.0,1,188,501,Low,0,0,66
695,1976-11-15,1976-11-21,7.0,"heavy rains,floods",Tamil Nadu,5.0,0.0,1976.0,11.0,15.0,4.0,0.0,47,Post-Monsoon,7.0,1,188,194,Low,0,0,66
696,1978-08-01,1978-08-21,21.0,moderate to severe,Andhra Pradesh,0.0,0.0,1978.0,8.0,1.0,3.0,1.0,31,Monsoon,21.0,1,150,1382,No Fatality,0,1,1
697,1978-08-01,1978-08-21,21.0,moderate to severe,Andhra Pradesh,44.0,0.0,1978.0,8.0,1.0,3.0,1.0,31,Monsoon,21.0,1,150,1382,Medium,1,1,1
698,1978-06-08,1978-06-14,7.0,moderate,Assam,0.0,0.0,1978.0,6.0,8.0,2.0,3.0,23,Monsoon,7.0,1,908,1071,No Fatality,0,1,5
699,1978-06-22,1978-06-28,7.0,moderate to severe,Assam,9.0,0.0,1978.0,6.0,22.0,2.0,3.0,25,Monsoon,7.0,1,908,1071,Low,0,1,5
700,1978-07-15,1978-07-21,7.0,moderate to severe,Assam,2.0,0.0,1978.0,7.0,15.0,3.0,5.0,28,Monsoon,7.0,1,908,1709,Low,0,1,5
701,1978-08-08,1978-08-14,7.0,moderate,Assam,0.0,0.0,1978.0,8.0,8.0,3.0,1.0,32,Monsoon,7.0,1,908,1382,No Fatality,0,1,5
702,1978-08-15,1978-08-28,14.0,moderate to severe,West Bengal,16.0,0.0,1978.0,8.0,15.0,3.0,1.0,33,Monsoon,14.0,1,330,1382,Medium,1,1,79
703,1978-09-01,1978-09-07,7.0,moderate to severe,West Bengal,64.0,0.0,1978.0,9.0,1.0,3.0,4.0,35,Monsoon,7.0,1,330,938,High,1,1,79
704,1978-09-08,1978-09-14,7.0,severe,West Bengal,86.0,0.0,1978.0,9.0,8.0,3.0,4.0,36,Monsoon,7.0,1,330,938,High,1,1,79
705,1978-09-22,1978-09-28,7.0,severe,West Bengal,177.0,0.0,1978.0,9.0,22.0,3.0,4.0,38,Monsoon,7.0,1,330,938,High,1,1,79
706,1978-10-01,1978-10-07,7.0,severe,West Bengal,58.0,0.0,1978.0,10.0,1.0,4.0,6.0,39,Post-Monsoon,7.0,1,330,501,High,1,0,79
707,1978-07-15,1978-07-28,14.0,severe,Bihar,27.0,0.0,1978.0,7.0,15.0,3.0,5.0,28,Monsoon,14.0,1,149,1709,Medium,1,1,9
708,1978-08-01,1978-08-07,7.0,severe,Bihar,0.0,0.0,1978.0,8.0,1.0,3.0,1.0,31,Monsoon,7.0,1,149,1382,No Fatality,0,1,9
709,1978-08-08,1978-08-14,7.0,moderate to severe,Bihar,36.0,0.0,1978.0,8.0,8.0,3.0,1.0,32,Monsoon,7.0,1,149,1382,Medium,1,1,9
710,1978-08-08,1978-08-21,14.0,moderate to severe,Bihar,45.0,0.0,1978.0,8.0,8.0,3.0,1.0,32,Monsoon,14.0,1,149,1382,Medium,1,1,9
711,1978-08-15,1978-08-21,7.0,moderate to severe,Bihar,0.0,0.0,1978.0,8.0,15.0,3.0,1.0,33,Monsoon,7.0,1,149,1382,No Fatality,0,1,9
712,1978-09-08,1978-09-14,7.0,moderate,Bihar,0.0,0.0,1978.0,9.0,8.0,3.0,4.0,36,Monsoon,7.0,1,149,938,No Fatality,0,1,9
713,1978-09-22,1978-09-28,7.0,moderate to severe,Bihar,6.0,0.0,1978.0,9.0,22.0,3.0,4.0,38,Monsoon,7.0,1,149,938,Low,0,1,9
714,1978-10-01,1978-10-07,7.0,"severe, moderate",Bihar,0.0,0.0,1978.0,10.0,1.0,4.0,6.0,39,Post-Monsoon,7.0,1,149,501,No Fatality,0,0,9
715,1978-03-01,1978-03-07,7.0,moderate,Delhi,0.0,0.0,1978.0,3.0,1.0,1.0,2.0,9,Summer,7.0,1,43,166,No Fatality,0,0,21
716,1978-08-01,1978-08-07,7.0,severe,Delhi,0.0,0.0,1978.0,8.0,1.0,3.0,1.0,31,Monsoon,7.0,1,43,1382,No Fatality,0,1,21
717,1978-09-01,1978-09-07,7.0,very severe,Delhi,33.0,0.0,1978.0,9.0,1.0,3.0,4.0,35,Monsoon,7.0,1,43,938,Medium,1,1,21
718,1978-08-22,1978-08-28,7.0,severe,Gujarat,19.0,0.0,1978.0,8.0,22.0,3.0,1.0,34,Monsoon,7.0,1,168,1382,Medium,1,1,26
719,1978-09-01,1978-09-07,7.0,severe,Haryana,10.0,0.0,1978.0,9.0,1.0,3.0,4.0,35,Monsoon,7.0,1,60,938,Low,0,1,27
720,1978-07-22,1978-07-28,7.0,moderate,Himachal Pradesh,1.0,0.0,1978.0,7.0,22.0,3.0,5.0,29,Monsoon,7.0,1,362,1709,Low,0,1,29
721,1978-08-15,1978-08-21,7.0,moderate,Himachal Pradesh,44.0,0.0,1978.0,8.0,15.0,3.0,1.0,33,Monsoon,7.0,1,362,1382,Medium,1,1,29
722,1978-09-01,1978-09-07,7.0,severe,Himachal Pradesh,44.0,0.0,1978.0,9.0,1.0,3.0,4.0,35,Monsoon,7.0,1,362,938,Medium,1,1,29
723,1978-08-08,1978-08-14,7.0,moderate,Jammu and Kashmir,0.0,0.0,1978.0,8.0,8.0,3.0,1.0,32,Monsoon,7.0,1,137,1382,No Fatality,0,1,33
724,1978-08-15,1978-08-21,7.0,"floods,cloud burst",Jammu and Kashmir,0.0,0.0,1978.0,8.0,15.0,3.0,1.0,33,Monsoon,7.0,1,137,1382,No Fatality,0,1,33
725,1978-07-15,1978-07-21,7.0,moderate to severe,Karnataka,9.0,0.0,1978.0,7.0,15.0,3.0,5.0,28,Monsoon,7.0,1,491,1709,Low,0,1,37
726,1978-07-22,1978-07-28,7.0,moderate to severe,Karnataka,4.0,2.0,1978.0,7.0,22.0,3.0,5.0,29,Monsoon,7.0,1,491,1709,Low,0,1,37
727,1978-11-01,1978-11-07,7.0,severe,Kerala,44.0,1.0,1978.0,11.0,1.0,4.0,2.0,44,Post-Monsoon,7.0,1,604,194,Medium,1,0,39
728,1978-02-01,1978-02-07,7.0,moderate,Madhya Pradesh,0.0,0.0,1978.0,2.0,1.0,1.0,2.0,5,Winter,7.0,1,238,66,No Fatality,0,0,43
729,1978-07-01,1978-07-07,7.0,moderate,Madhya Pradesh,11.0,0.0,1978.0,7.0,1.0,3.0,5.0,26,Monsoon,7.0,1,238,1709,Medium,1,1,43
730,1978-07-22,1978-07-28,7.0,moderate,Madhya Pradesh,0.0,0.0,1978.0,7.0,22.0,3.0,5.0,29,Monsoon,7.0,1,238,1709,No Fatality,0,1,43
731,1978-08-01,1978-08-07,7.0,moderate,Madhya Pradesh,0.0,0.0,1978.0,8.0,1.0,3.0,1.0,31,Monsoon,7.0,1,238,1382,No Fatality,0,1,43
732,1978-08-15,1978-08-21,7.0,moderate,Madhya Pradesh,0.0,0.0,1978.0,8.0,15.0,3.0,1.0,33,Monsoon,7.0,1,238,1382,No Fatality,0,1,43
733,1978-08-22,1978-08-28,7.0,moderate,Madhya Pradesh,0.0,0.0,1978.0,8.0,22.0,3.0,1.0,34,Monsoon,7.0,1,238,1382,No Fatality,0,1,43
734,1978-09-01,1978-09-07,7.0,moderate to severe,Madhya Pradesh,2.0,0.0,1978.0,9.0,1.0,3.0,4.0,35,Monsoon,7.0,1,238,938,Low,0,1,43
735,1978-02-01,1978-02-07,7.0,moderate,Maharashtra,50.0,0.0,1978.0,2.0,1.0,1.0,2.0,5,Winter,7.0,1,1011,66,Medium,1,0,47
736,1978-03-08,1978-03-14,7.0,moderate,Maharashtra,0.0,0.0,1978.0,3.0,8.0,1.0,2.0,10,Summer,7.0,1,1011,166,No Fatality,0,0,47
737,1978-06-08,1978-06-14,7.0,"moderate to severe, moderate",Maharashtra,9.0,6.0,1978.0,6.0,8.0,2.0,3.0,23,Monsoon,7.0,1,1011,1071,Low,0,1,47
738,1978-06-22,1978-06-28,7.0,floods,Maharashtra,0.0,0.0,1978.0,6.0,22.0,2.0,3.0,25,Monsoon,7.0,1,1011,1071,No Fatality,0,1,47
739,1978-07-08,1978-07-14,7.0,moderate,Maharashtra,1.0,0.0,1978.0,7.0,8.0,3.0,5.0,27,Monsoon,7.0,1,1011,1709,Low,0,1,47
740,1978-07-22,1978-07-28,7.0,moderate,Maharashtra,16.0,0.0,1978.0,7.0,22.0,3.0,5.0,29,Monsoon,7.0,1,1011,1709,Medium,1,1,47
741,1978-08-22,1978-08-28,7.0,severe,Maharashtra,3.0,0.0,1978.0,8.0,22.0,3.0,1.0,34,Monsoon,7.0,1,1011,1382,Low,0,1,47
742,1978-08-15,1978-08-21,7.0,moderate,Odisha,0.0,0.0,1978.0,8.0,15.0,3.0,1.0,33,Monsoon,7.0,1,144,1382,No Fatality,0,1,55
743,1978-07-22,1978-07-28,7.0,heavy rains,Punjab,1.0,0.0,1978.0,7.0,22.0,3.0,5.0,29,Monsoon,7.0,1,171,1709,Low,0,1,61
744,1978-08-01,1978-08-07,7.0,moderate,Punjab,0.0,0.0,1978.0,8.0,1.0,3.0,1.0,31,Monsoon,7.0,1,171,1382,No Fatality,0,1,61
745,1978-08-03,1978-08-04,2.0,severe,Punjab,14.0,0.0,1978.0,8.0,3.0,3.0,3.0,31,Monsoon,2.0,1,171,1382,Medium,1,1,61
746,1978-07-15,1978-07-21,7.0,moderate,Rajasthan,9.0,0.0,1978.0,7.0,15.0,3.0,5.0,28,Monsoon,7.0,1,259,1709,Low,0,1,62
747,1978-07-15,1978-07-21,7.0,moderate to severe,Rajasthan,2.0,2.0,1978.0,7.0,15.0,3.0,5.0,28,Monsoon,7.0,1,259,1709,Low,0,1,62
748,1978-06-22,1978-06-28,7.0,moderate to severe,Rajasthan,80.0,0.0,1978.0,6.0,22.0,2.0,3.0,25,Monsoon,7.0,1,259,1071,High,1,1,62
749,1978-04-01,1978-04-07,7.0,moderate,Tamil Nadu,0.0,0.0,1978.0,4.0,1.0,2.0,5.0,13,Summer,7.0,1,188,171,No Fatality,0,0,66
750,1978-11-01,1978-11-07,7.0,moderate to severe,Tamil Nadu,200.0,23.0,1978.0,11.0,1.0,4.0,2.0,44,Post-Monsoon,7.0,1,188,194,High,1,0,66
751,1978-11-22,1978-11-28,7.0,severe,Tamil Nadu,0.0,0.0,1978.0,11.0,22.0,4.0,2.0,47,Post-Monsoon,7.0,1,188,194,No Fatality,0,0,66
752,1978-12-22,1978-12-28,7.0,moderate to severe,Tamil Nadu,45.0,0.0,1978.0,12.0,22.0,4.0,4.0,51,Winter,7.0,1,188,71,Medium,1,0,66
753,1978-07-22,1978-07-28,7.0,moderate,Tripura,0.0,0.0,1978.0,7.0,22.0,3.0,5.0,29,Monsoon,7.0,1,47,1709,No Fatality,0,1,68
754,1978-06-15,1978-06-21,7.0,moderate,Uttar Pradesh,2.0,0.0,1978.0,6.0,15.0,2.0,3.0,24,Monsoon,7.0,1,448,1071,Low,0,1,69
755,1978-07-15,1978-07-28,14.0,moderate to severe,Uttar Pradesh,161.0,40.0,1978.0,7.0,15.0,3.0,5.0,28,Monsoon,14.0,1,448,1709,High,1,1,69
756,1978-08-01,1978-08-07,7.0,moderate to severe,Uttar Pradesh,2.0,0.0,1978.0,8.0,1.0,3.0,1.0,31,Monsoon,7.0,1,448,1382,Low,0,1,69
757,1978-08-08,1978-08-14,7.0,moderate to severe,Uttar Pradesh,29.0,0.0,1978.0,8.0,8.0,3.0,1.0,32,Monsoon,7.0,1,448,1382,Medium,1,1,69
758,1978-08-15,1978-08-21,7.0,Unknown,Uttar Pradesh,12.0,0.0,1978.0,8.0,15.0,3.0,1.0,33,Monsoon,7.0,1,448,1382,Medium,1,1,69
759,1978-09-01,1978-09-07,7.0,"severe, moderate to severe",Uttar Pradesh,850.0,0.0,1978.0,9.0,1.0,3.0,4.0,35,Monsoon,7.0,1,448,938,High,1,1,69
760,1978-09-08,1978-09-14,7.0,"moderate, severe",Uttar Pradesh,51.0,22.0,1978.0,9.0,8.0,3.0,4.0,36,Monsoon,7.0,1,448,938,High,1,1,69
761,1978-09-08,1978-09-21,14.0,moderate,Uttar Pradesh,0.0,0.0,1978.0,9.0,8.0,3.0,4.0,36,Monsoon,14.0,1,448,938,No Fatality,0,1,69
762,1978-09-22,1978-09-28,7.0,moderate,Uttar Pradesh,0.0,0.0,1978.0,9.0,22.0,3.0,4.0,38,Monsoon,7.0,1,448,938,No Fatality,0,1,69
763,1979-11-15,1979-11-25,11.0,heavy rains,Andhra Pradesh,0.0,0.0,1979.0,11.0,15.0,4.0,3.0,46,Post-Monsoon,11.0,1,150,194,No Fatality,0,0,1
764,1979-10-01,1979-10-14,14.0,flash floods in lohit river,Arunachal Pradesh,5.0,0.0,1979.0,10.0,1.0,4.0,0.0,40,Post-Monsoon,14.0,1,150,501,Low,0,0,4
765,1979-06-30,1979-06-30,1.0,heavy rains,Assam,0.0,0.0,1979.0,6.0,30.0,2.0,5.0,26,Monsoon,1.0,1,908,1071,No Fatality,0,1,5
766,1979-07-01,1979-07-07,7.0,severe floods ,Assam,3.0,0.0,1979.0,7.0,1.0,3.0,6.0,26,Monsoon,7.0,1,908,1709,Low,0,1,5
767,1979-07-22,1979-07-28,7.0,moderate to severe floods,Assam,0.0,0.0,1979.0,7.0,22.0,3.0,6.0,29,Monsoon,7.0,1,908,1709,No Fatality,0,1,5
768,1979-09-08,1979-09-14,7.0,severe floods ,Assam,0.0,0.0,1979.0,9.0,8.0,3.0,5.0,36,Monsoon,7.0,1,908,938,No Fatality,0,1,5
769,1979-08-11,1979-08-11,1.0,moderate floods,Gujarat,0.0,0.0,1979.0,8.0,11.0,3.0,5.0,32,Monsoon,1.0,1,168,1382,No Fatality,0,1,26
770,1979-08-11,1979-08-11,1.0,flash floods,Gujarat,1485.0,0.0,1979.0,8.0,11.0,3.0,5.0,32,Monsoon,1.0,1,168,1382,High,1,1,26
771,1979-11-15,1979-11-28,14.0,heavy rains,Gujarat,0.0,0.0,1979.0,11.0,15.0,4.0,3.0,46,Post-Monsoon,14.0,1,168,194,No Fatality,0,0,26
772,1979-05-22,1979-05-28,7.0,heavy rains,Jammu and Kashmir,8.0,0.0,1979.0,5.0,22.0,2.0,1.0,21,Summer,7.0,1,137,479,Low,0,0,33
773,1979-07-08,1979-07-14,7.0,heavy rains,Jammu and Kashmir,0.0,0.0,1979.0,7.0,8.0,3.0,6.0,27,Monsoon,7.0,1,137,1709,No Fatality,0,1,33
774,1979-08-08,1979-08-09,2.0,heavy rains,Jammu and Kashmir,0.0,0.0,1979.0,8.0,8.0,3.0,2.0,32,Monsoon,2.0,1,137,1382,No Fatality,0,1,33
775,1979-08-02,1979-08-02,1.0,moderate floods,Karnataka,0.0,0.0,1979.0,8.0,2.0,3.0,3.0,31,Monsoon,1.0,1,491,1382,No Fatality,0,1,37
776,1979-08-03,1979-08-04,2.0,severe floods ,Karnataka,0.0,0.0,1979.0,8.0,3.0,3.0,4.0,31,Monsoon,2.0,1,491,1382,No Fatality,0,1,37
777,1979-09-13,1979-09-13,1.0,heavy rains,Karnataka,35.0,2.0,1979.0,9.0,13.0,3.0,3.0,37,Monsoon,1.0,1,491,938,Medium,1,1,37
778,1979-09-16,1979-09-16,1.0,moderate floods,Karnataka,0.0,0.0,1979.0,9.0,16.0,3.0,6.0,37,Monsoon,1.0,1,491,938,No Fatality,0,1,37
779,1979-09-25,1979-09-25,1.0,heavy rains,Karnataka,0.0,0.0,1979.0,9.0,25.0,3.0,1.0,39,Monsoon,1.0,1,491,938,No Fatality,0,1,37
780,1979-09-22,1979-09-28,7.0,severe floods ,Karnataka,0.0,0.0,1979.0,9.0,22.0,3.0,5.0,38,Monsoon,7.0,1,491,938,No Fatality,0,1,37
781,1979-10-08,1979-10-08,1.0,heavy rains,Karnataka,1.0,20.0,1979.0,10.0,8.0,4.0,0.0,41,Post-Monsoon,1.0,1,491,501,Low,0,0,37
782,1979-11-16,1979-11-16,1.0,heavy rains,Karnataka,0.0,0.0,1979.0,11.0,16.0,4.0,4.0,46,Post-Monsoon,1.0,1,491,194,No Fatality,0,0,37
783,1979-06-10,1979-06-19,10.0,heavy rains,Kerala,0.0,0.0,1979.0,6.0,10.0,2.0,6.0,23,Monsoon,10.0,1,604,1071,No Fatality,0,1,39
784,1979-06-14,1979-06-14,1.0,heavy rains,Kerala,0.0,0.0,1979.0,6.0,14.0,2.0,3.0,24,Monsoon,1.0,1,604,1071,No Fatality,0,1,39
785,1979-07-02,1979-07-02,1.0,heavy rains,Kerala,4.0,0.0,1979.0,7.0,2.0,3.0,0.0,27,Monsoon,1.0,1,604,1709,Low,0,1,39
786,1979-07-29,1979-07-31,3.0,heavy rains,Kerala,0.0,0.0,1979.0,7.0,29.0,3.0,6.0,30,Monsoon,3.0,1,604,1709,No Fatality,0,1,39
787,1979-08-01,1979-08-03,3.0,heavy rains,Kerala,3.0,1.0,1979.0,8.0,1.0,3.0,2.0,31,Monsoon,3.0,1,604,1382,Low,0,1,39
788,1979-08-06,1979-08-07,2.0,heavy rains,Kerala,0.0,1.0,1979.0,8.0,6.0,3.0,0.0,32,Monsoon,2.0,1,604,1382,No Fatality,0,1,39
789,1979-11-15,1979-11-19,5.0,moderate floods,Kerala,0.0,0.0,1979.0,11.0,15.0,4.0,3.0,46,Post-Monsoon,5.0,1,604,194,No Fatality,0,0,39
790,1979-06-25,1979-06-25,1.0,heavy rains,Madhya Pradesh,31.0,13.0,1979.0,6.0,25.0,2.0,0.0,26,Monsoon,1.0,1,238,1071,Medium,1,1,43
791,1979-07-01,1979-07-01,1.0,heavy rains,Madhya Pradesh,2.0,0.0,1979.0,7.0,1.0,3.0,6.0,26,Monsoon,1.0,1,238,1709,Low,0,1,43
792,1979-08-03,1979-08-03,1.0,heavy rains,Madhya Pradesh,4.0,0.0,1979.0,8.0,3.0,3.0,4.0,31,Monsoon,1.0,1,238,1382,Low,0,1,43
793,1979-10-08,1979-10-14,7.0,erratic rains,Madhya Pradesh,0.0,0.0,1979.0,10.0,8.0,4.0,0.0,41,Post-Monsoon,7.0,1,238,501,No Fatality,0,0,43
794,1979-01-22,1979-02-14,24.0,heavy rains,Maharashtra,9.0,0.0,1979.0,1.0,22.0,1.0,0.0,4,Winter,24.0,1,1011,108,Low,0,0,47
795,1979-06-24,1979-06-24,1.0,flash floods,Maharashtra,2.0,0.0,1979.0,6.0,24.0,2.0,6.0,25,Monsoon,1.0,1,1011,1071,Low,0,1,47
796,1979-07-08,1979-07-08,1.0,heavy rains,Maharashtra,0.0,0.0,1979.0,7.0,8.0,3.0,6.0,27,Monsoon,1.0,1,1011,1709,No Fatality,0,1,47
797,1979-08-01,1979-08-07,7.0,severe floods ,Maharashtra,7.0,26.0,1979.0,8.0,1.0,3.0,2.0,31,Monsoon,7.0,1,1011,1382,Low,0,1,47
798,1979-07-03,1979-07-04,2.0,heavy rains,Maharashtra,10.0,0.0,1979.0,7.0,3.0,3.0,1.0,27,Monsoon,2.0,1,1011,1709,Low,0,1,47
799,1979-08-08,1979-08-10,3.0,flash floods,Maharashtra,40.0,0.0,1979.0,8.0,8.0,3.0,2.0,32,Monsoon,3.0,1,1011,1382,Medium,1,1,47
800,1979-09-08,1979-09-28,21.0,heavy rains,Maharashtra,0.0,0.0,1979.0,9.0,8.0,3.0,5.0,36,Monsoon,21.0,1,1011,938,No Fatality,0,1,47
801,1979-09-16,1979-09-16,1.0,flash floods,Maharashtra,1.0,6.0,1979.0,9.0,16.0,3.0,6.0,37,Monsoon,1.0,1,1011,938,Low,0,1,47
802,1979-09-25,1979-09-25,1.0,flash floods,Maharashtra,1.0,2.0,1979.0,9.0,25.0,3.0,1.0,39,Monsoon,1.0,1,1011,938,Low,0,1,47
803,1979-09-27,1979-09-27,1.0,moderate floods,Maharashtra,0.0,0.0,1979.0,9.0,27.0,3.0,3.0,39,Monsoon,1.0,1,1011,938,No Fatality,0,1,47
804,1979-11-04,1979-11-04,1.0,moderate floods,Maharashtra,2.0,2.0,1979.0,11.0,4.0,4.0,6.0,44,Post-Monsoon,1.0,1,1011,194,Low,0,0,47
805,1979-02-21,1979-02-21,1.0,moderate floods,Delhi,0.0,0.0,1979.0,2.0,21.0,1.0,2.0,8,Winter,1.0,1,43,66,No Fatality,0,0,21
806,1979-07-08,1979-07-21,14.0,severe floods ,Rajasthan,581.0,0.0,1979.0,7.0,8.0,3.0,6.0,27,Monsoon,14.0,1,259,1709,High,1,1,62
807,1979-08-03,1979-08-04,2.0,severe floods ,Rajasthan,0.0,0.0,1979.0,8.0,3.0,3.0,4.0,31,Monsoon,2.0,1,259,1382,No Fatality,0,1,62
808,1979-07-22,1979-07-22,1.0,incessant heavy rains,Sikkim,2.0,0.0,1979.0,7.0,22.0,3.0,6.0,29,Monsoon,1.0,1,64,1709,Low,0,1,65
809,1979-11-17,1979-11-23,7.0,heavy rains,Tamil Nadu,18.0,0.0,1979.0,11.0,17.0,4.0,5.0,46,Post-Monsoon,7.0,1,188,194,Medium,1,0,66
810,1979-05-12,1979-11-13,186.0,heavy rains,Tamil Nadu,4.0,3.0,1979.0,5.0,12.0,2.0,5.0,19,Summer,186.0,1,188,479,Low,0,0,66
811,1979-11-13,1979-11-20,8.0,severe floods ,Tamil Nadu,19.0,0.0,1979.0,11.0,13.0,4.0,1.0,46,Post-Monsoon,8.0,1,188,194,Medium,1,0,66
812,1979-11-22,1979-11-22,1.0,heavy rains,Tamil Nadu,0.0,0.0,1979.0,11.0,22.0,4.0,3.0,47,Post-Monsoon,1.0,1,188,194,No Fatality,0,0,66
813,1979-11-19,1979-11-19,1.0,heavy rains,Tamil Nadu,34.0,0.0,1979.0,11.0,19.0,4.0,0.0,47,Post-Monsoon,1.0,1,188,194,Medium,1,0,66
814,1979-11-13,1979-11-20,8.0,heavy rains,Tamil Nadu,9.0,0.0,1979.0,11.0,13.0,4.0,1.0,46,Post-Monsoon,8.0,1,188,194,Low,0,0,66
815,1979-07-23,1979-11-18,119.0,heavy rains,Tamil Nadu,3.0,0.0,1979.0,7.0,23.0,3.0,0.0,30,Monsoon,119.0,1,188,1709,Low,0,1,66
816,1979-11-13,1979-11-20,8.0,heavy rains,Tamil Nadu,18.0,0.0,1979.0,11.0,13.0,4.0,1.0,46,Post-Monsoon,8.0,1,188,194,Medium,1,0,66
817,1979-11-13,1979-11-22,10.0,"heavy rains,moderate floods",Tamil Nadu,9.0,0.0,1979.0,11.0,13.0,4.0,1.0,46,Post-Monsoon,10.0,1,188,194,Low,0,0,66
818,1979-11-12,1979-11-18,7.0,severe floods ,Tamil Nadu,30.0,0.0,1979.0,11.0,12.0,4.0,0.0,46,Post-Monsoon,7.0,1,188,194,Medium,1,0,66
819,1979-03-09,1979-03-09,1.0,heavy rains,Uttarakhand,0.0,0.0,1979.0,3.0,9.0,1.0,4.0,10,Summer,1.0,1,107,166,No Fatality,0,0,78
820,1979-07-08,1979-07-28,21.0,severe floods ,"Uttar Pradesh, Uttarakhand",11.0,0.0,1979.0,7.0,8.0,3.0,6.0,27,Monsoon,21.0,1,13,1709,Medium,1,1,76
821,1979-08-08,1979-08-21,14.0,severe floods ,Uttar Pradesh,76.0,0.0,1979.0,8.0,8.0,3.0,2.0,32,Monsoon,14.0,1,448,1382,High,1,1,69
822,1979-07-10,1979-07-10,1.0,heavy rains,West Bengal,0.0,0.0,1979.0,7.0,10.0,3.0,1.0,28,Monsoon,1.0,1,330,1709,No Fatality,0,1,79
823,1979-08-05,1979-08-08,4.0,moderate to severe floods,Uttar Pradesh,0.0,0.0,1979.0,8.0,5.0,3.0,6.0,31,Monsoon,4.0,1,448,1382,No Fatality,0,1,69
824,1980-09-15,1980-09-21,7.0,flash floods,Andhra Pradesh,85.0,0.0,1980.0,9.0,15.0,3.0,0.0,38,Monsoon,7.0,1,150,938,High,1,1,1
825,1980-06-15,1980-06-28,14.0,severe floods,Assam,0.0,0.0,1980.0,6.0,15.0,2.0,6.0,24,Monsoon,14.0,1,908,1071,No Fatality,0,1,5
826,1980-06-08,1980-06-21,14.0,severe floods,Assam,1.0,0.0,1980.0,6.0,8.0,2.0,6.0,23,Monsoon,14.0,1,908,1071,Low,0,1,5
827,1980-08-08,1980-08-21,14.0,severe floods,Assam,23.0,0.0,1980.0,8.0,8.0,3.0,4.0,32,Monsoon,14.0,1,908,1382,Medium,1,1,5
828,1980-07-15,1980-07-21,7.0,floods,Bihar,0.0,0.0,1980.0,7.0,15.0,3.0,1.0,29,Monsoon,7.0,1,149,1709,No Fatality,0,1,9
829,1980-08-08,1980-08-14,7.0,floods,Bihar,18.0,0.0,1980.0,8.0,8.0,3.0,4.0,32,Monsoon,7.0,1,149,1382,Medium,1,1,9
830,1980-08-22,1980-08-28,7.0,moderate floods,Bihar,3.0,3.0,1980.0,8.0,22.0,3.0,4.0,34,Monsoon,7.0,1,149,1382,Low,0,1,9
831,1980-06-22,1980-07-31,40.0,severe floods,Gujarat,27.0,27.0,1980.0,6.0,22.0,2.0,6.0,25,Monsoon,40.0,1,168,1071,Medium,1,1,26
832,1980-08-31,1980-08-31,1.0,moderate floods,Gujarat,0.0,0.0,1980.0,8.0,31.0,3.0,6.0,35,Monsoon,1.0,1,168,1382,No Fatality,0,1,26
833,1980-07-08,1980-07-28,21.0,flash floods,Haryana,3.0,0.0,1980.0,7.0,8.0,3.0,1.0,28,Monsoon,21.0,1,60,1709,Low,0,1,27
834,1980-07-01,1980-07-01,1.0,heavy rains,Delhi,1.0,1.0,1980.0,7.0,1.0,3.0,1.0,27,Monsoon,1.0,1,43,1709,Low,0,1,21
835,1980-07-08,1980-07-28,21.0,heavy rains,Delhi,4.0,4.0,1980.0,7.0,8.0,3.0,1.0,28,Monsoon,21.0,1,43,1709,Low,0,1,21
836,1980-07-08,1980-07-21,14.0,moderate floods,Chandigarh ,3.0,0.0,1980.0,7.0,8.0,3.0,1.0,28,Monsoon,14.0,1,6,1709,Low,0,1,16
837,1980-07-12,1980-07-12,1.0,moderate floods,Himachal Pradesh,4.0,4.0,1980.0,7.0,12.0,3.0,5.0,28,Monsoon,1.0,1,362,1709,Low,0,1,29
838,1980-07-08,1980-07-14,7.0,heavy rains,Jammu and Kashmir,1.0,1.0,1980.0,7.0,8.0,3.0,1.0,28,Monsoon,7.0,1,137,1709,Low,0,1,33
839,1980-07-02,1980-07-02,1.0,moderate floods,Karnataka,0.0,0.0,1980.0,7.0,2.0,3.0,2.0,27,Monsoon,1.0,1,491,1709,No Fatality,0,1,37
840,1980-07-05,1980-07-05,1.0,moderate floods,Karnataka,0.0,0.0,1980.0,7.0,5.0,3.0,5.0,27,Monsoon,1.0,1,491,1709,No Fatality,0,1,37
841,1980-07-01,1980-07-07,7.0,heavy rains,Karnataka,3.0,4.0,1980.0,7.0,1.0,3.0,1.0,27,Monsoon,7.0,1,491,1709,Low,0,1,37
842,1980-08-08,1980-08-14,7.0,"heavy rains, moderate floods",Karnataka,3.0,3.0,1980.0,8.0,8.0,3.0,4.0,32,Monsoon,7.0,1,491,1382,Low,0,1,37
843,1980-08-22,1980-08-28,7.0,heavy rains,Karnataka,7.0,0.0,1980.0,8.0,22.0,3.0,4.0,34,Monsoon,7.0,1,491,1382,Low,0,1,37
844,1980-06-15,1980-06-21,7.0,heavy rains,Kerala,3.0,4.0,1980.0,6.0,15.0,2.0,6.0,24,Monsoon,7.0,1,604,1071,Low,0,1,39
845,1980-06-22,1980-06-28,7.0,heavy rains,Kerala,0.0,0.0,1980.0,6.0,22.0,2.0,6.0,25,Monsoon,7.0,1,604,1071,No Fatality,0,1,39
846,1980-07-01,1980-07-14,14.0,heavy rains,Kerala,8.0,5.0,1980.0,7.0,1.0,3.0,1.0,27,Monsoon,14.0,1,604,1709,Low,0,1,39
847,1980-08-22,1980-08-28,7.0,heavy rains,Kerala,2.0,2.0,1980.0,8.0,22.0,3.0,4.0,34,Monsoon,7.0,1,604,1382,Low,0,1,39
848,1980-09-22,1980-09-28,7.0,heavy rains,Kerala,0.0,0.0,1980.0,9.0,22.0,3.0,0.0,39,Monsoon,7.0,1,604,938,No Fatality,0,1,39
849,1980-10-01,1980-10-07,7.0,heavy rains,Kerala,0.0,0.0,1980.0,10.0,1.0,4.0,2.0,40,Post-Monsoon,7.0,1,604,501,No Fatality,0,0,39
850,1980-07-01,1980-07-07,7.0,heavy rains,Madhya Pradesh,0.0,0.0,1980.0,7.0,1.0,3.0,1.0,27,Monsoon,7.0,1,238,1709,No Fatality,0,1,43
851,1980-08-31,1980-08-31,1.0,moderate floods,Madhya Pradesh,6.0,6.0,1980.0,8.0,31.0,3.0,6.0,35,Monsoon,1.0,1,238,1382,Low,0,1,43
852,1980-09-15,1980-09-21,7.0,heavy rains,Chhattisgarh,1.0,0.0,1980.0,9.0,15.0,3.0,0.0,38,Monsoon,7.0,1,52,938,Low,0,1,17
853,1980-09-15,1980-09-28,14.0,severe floods,Chhattisgarh,22.0,10.0,1980.0,9.0,15.0,3.0,0.0,38,Monsoon,14.0,1,52,938,Medium,1,1,17
854,1980-06-15,1980-06-15,1.0,heavy rains,Maharashtra,1.0,2.0,1980.0,6.0,15.0,2.0,6.0,24,Monsoon,1.0,1,1011,1071,Low,0,1,47
855,1980-07-01,1980-07-07,7.0,heavy rains,Maharashtra,2.0,5.0,1980.0,7.0,1.0,3.0,1.0,27,Monsoon,7.0,1,1011,1709,Low,0,1,47
856,1980-08-04,1980-08-04,1.0,heavy rains,Maharashtra,1.0,0.0,1980.0,8.0,4.0,3.0,0.0,32,Monsoon,1.0,1,1011,1382,Low,0,1,47
857,1980-08-21,1980-08-22,2.0,heavy rains,Maharashtra,45.0,0.0,1980.0,8.0,21.0,3.0,3.0,34,Monsoon,2.0,1,1011,1382,Medium,1,1,47
858,1980-07-01,1980-07-07,7.0,heavy rains,Goa,0.0,0.0,1980.0,7.0,1.0,3.0,1.0,27,Monsoon,7.0,1,30,1709,No Fatality,0,1,22
859,1980-07-01,1980-07-07,7.0,moderate floods,Maharashtra,0.0,0.0,1980.0,7.0,1.0,3.0,1.0,27,Monsoon,7.0,1,1011,1709,No Fatality,0,1,47
860,1980-08-04,1980-08-04,1.0,severe floods,Maharashtra,0.0,0.0,1980.0,8.0,4.0,3.0,0.0,32,Monsoon,1.0,1,1011,1382,No Fatality,0,1,47
861,1980-08-18,1980-08-18,1.0,moderate floods,Maharashtra,0.0,0.0,1980.0,8.0,18.0,3.0,0.0,34,Monsoon,1.0,1,1011,1382,No Fatality,0,1,47
862,1980-08-15,1980-08-21,7.0,"severe floods, heavy rains",Maharashtra,13.0,0.0,1980.0,8.0,15.0,3.0,4.0,33,Monsoon,7.0,1,1011,1382,Medium,1,1,47
863,1980-08-15,1980-08-28,14.0,"severe floods, heavy rains",Maharashtra,15.0,0.0,1980.0,8.0,15.0,3.0,4.0,33,Monsoon,14.0,1,1011,1382,Medium,1,1,47
864,1980-07-22,1980-07-28,7.0,heavy rains,Maharashtra,0.0,0.0,1980.0,7.0,22.0,3.0,1.0,30,Monsoon,7.0,1,1011,1709,No Fatality,0,1,47
865,1980-08-31,1980-08-31,1.0,heavy rains,Maharashtra,7.0,0.0,1980.0,8.0,31.0,3.0,6.0,35,Monsoon,1.0,1,1011,1382,Low,0,1,47
866,1980-09-01,1980-09-07,7.0,heavy rains,Maharashtra,0.0,0.0,1980.0,9.0,1.0,3.0,0.0,36,Monsoon,7.0,1,1011,938,No Fatality,0,1,47
867,1980-10-05,1980-10-05,1.0,flash floods,Manipur,0.0,0.0,1980.0,10.0,5.0,4.0,6.0,40,Post-Monsoon,1.0,1,20,501,No Fatality,0,0,50
868,1980-08-01,1980-08-07,7.0,heavy rains,Odisha,0.0,0.0,1980.0,8.0,1.0,3.0,4.0,31,Monsoon,7.0,1,144,1382,No Fatality,0,1,55
869,1980-09-15,1980-09-21,7.0,severe floods,Odisha,220.0,0.0,1980.0,9.0,15.0,3.0,0.0,38,Monsoon,7.0,1,144,938,High,1,1,55
870,1980-06-25,1980-06-25,1.0,flash floods,Punjab,0.0,0.0,1980.0,6.0,25.0,2.0,2.0,26,Monsoon,1.0,1,171,1071,No Fatality,0,1,61
871,1980-07-08,1980-07-21,14.0,flash floods,Punjab,21.0,0.0,1980.0,7.0,8.0,3.0,1.0,28,Monsoon,14.0,1,171,1709,Medium,1,1,61
872,1980-07-15,1980-07-28,14.0,flash floods,Punjab,0.0,0.0,1980.0,7.0,15.0,3.0,1.0,29,Monsoon,14.0,1,171,1709,No Fatality,0,1,61
873,1980-07-08,1980-07-21,14.0,heavy rains,Rajasthan,27.0,0.0,1980.0,7.0,8.0,3.0,1.0,28,Monsoon,14.0,1,259,1709,Medium,1,1,62
874,1980-08-22,1980-08-28,7.0,heavy rains,Sikkim,0.0,0.0,1980.0,8.0,22.0,3.0,4.0,34,Monsoon,7.0,1,64,1382,No Fatality,0,1,65
875,1980-07-01,1980-07-07,7.0,moderate floods,Tamil Nadu,1.0,0.0,1980.0,7.0,1.0,3.0,1.0,27,Monsoon,7.0,1,188,1709,Low,0,1,66
876,1980-11-12,1980-11-12,1.0,flash floods,Tamil Nadu,1.0,0.0,1980.0,11.0,12.0,4.0,2.0,46,Post-Monsoon,1.0,1,188,194,Low,0,0,66
877,1980-11-15,1980-11-21,7.0,heavy rains,Tamil Nadu,0.0,0.0,1980.0,11.0,15.0,4.0,5.0,46,Post-Monsoon,7.0,1,188,194,No Fatality,0,0,66
878,1980-06-25,1980-06-25,1.0,heavy rains,Uttarakhand,25.0,7.0,1980.0,6.0,25.0,2.0,2.0,26,Monsoon,1.0,1,107,1071,Medium,1,1,78
879,1980-07-08,1980-07-08,1.0,moderate floods,Uttar Pradesh,8.0,8.0,1980.0,7.0,8.0,3.0,1.0,28,Monsoon,1.0,1,448,1709,Low,0,1,69
880,1980-07-08,1980-07-14,7.0,"modern floods, flash floods, heavy rains","Uttar Pradesh, Uttarakhand",49.0,24.0,1980.0,7.0,8.0,3.0,1.0,28,Monsoon,7.0,1,13,1709,Medium,1,1,76
881,1980-07-15,1980-07-28,14.0,severe floods,"Uttar Pradesh, Uttarakhand",130.0,0.0,1980.0,7.0,15.0,3.0,1.0,29,Monsoon,14.0,1,13,1709,High,1,1,76
882,1980-08-01,1980-09-21,52.0,severe floods,"Uttar Pradesh, Uttarakhand",1313.0,0.0,1980.0,8.0,1.0,3.0,4.0,31,Monsoon,52.0,1,13,1382,High,1,1,76
883,1980-09-01,1980-09-07,7.0,heavy rains,West Bengal,60.0,0.0,1980.0,9.0,1.0,3.0,0.0,36,Monsoon,7.0,1,330,938,High,1,1,79
884,1981-09-10,1981-09-10,1.0,flash floods due to sudden cloud burst,Andhra Pradesh,0.0,0.0,1981.0,9.0,10.0,3.0,3.0,37,Monsoon,1.0,1,150,938,No Fatality,0,1,1
885,1981-09-18,1981-09-19,2.0,flash floods in vamsadhara river,Andhra Pradesh,0.0,0.0,1981.0,9.0,18.0,3.0,4.0,38,Monsoon,2.0,1,150,938,No Fatality,0,1,1
886,1981-09-22,1981-09-22,1.0,floods in pennar river ,Andhra Pradesh,15.0,0.0,1981.0,9.0,22.0,3.0,1.0,39,Monsoon,1.0,1,150,938,Medium,1,1,1
887,1981-09-22,1981-09-22,1.0,flash floods,Andhra Pradesh,4.0,0.0,1981.0,9.0,22.0,3.0,1.0,39,Monsoon,1.0,1,150,938,Low,0,1,1
888,1981-06-22,1981-06-28,7.0,"brahmaputra,its tributaries in moderate floods",Assam,0.0,0.0,1981.0,6.0,22.0,2.0,0.0,26,Monsoon,7.0,1,908,1071,No Fatality,0,1,5
889,1981-07-01,1981-07-07,7.0,"brahmaputra,its tributaries in floods",Assam,1.0,0.0,1981.0,7.0,1.0,3.0,2.0,27,Monsoon,7.0,1,908,1709,Low,0,1,5
890,1981-07-15,1981-07-21,7.0,"brahmaputra,its tributaries in floods",Assam,11.0,0.0,1981.0,7.0,15.0,3.0,2.0,29,Monsoon,7.0,1,908,1709,Medium,1,1,5
891,1981-07-01,1981-07-07,7.0,torrential rains,Bihar,3.0,40.0,1981.0,7.0,1.0,3.0,2.0,27,Monsoon,7.0,1,149,1709,Low,0,1,9
892,1981-07-08,1981-07-28,21.0,"kosi, kamala, ganga,mahananda rivers in floods",Bihar,0.0,0.0,1981.0,7.0,8.0,3.0,2.0,28,Monsoon,21.0,1,149,1709,No Fatality,0,1,9
893,1981-06-30,1981-07-01,2.0,heavy rains,Delhi,1.0,2.0,1981.0,6.0,30.0,2.0,1.0,27,Monsoon,2.0,1,43,1071,Low,0,1,21
894,1981-08-01,1981-08-07,7.0,flash flood in ghaggar river,Chandigarh ,0.0,0.0,1981.0,8.0,1.0,3.0,5.0,31,Monsoon,7.0,1,6,1382,No Fatality,0,1,16
895,1981-06-30,1981-06-30,1.0,flash floods,Gujarat,0.0,4.0,1981.0,6.0,30.0,2.0,1.0,27,Monsoon,1.0,1,168,1071,No Fatality,0,1,26
896,1981-07-09,1981-07-10,2.0,heavy rains,Gujarat,18.0,0.0,1981.0,7.0,9.0,3.0,3.0,28,Monsoon,2.0,1,168,1709,Medium,1,1,26
897,1981-07-08,1981-07-14,7.0,heavy rains,Gujarat,0.0,0.0,1981.0,7.0,8.0,3.0,2.0,28,Monsoon,7.0,1,168,1709,No Fatality,0,1,26
898,1981-08-09,1981-08-09,1.0,heavy rains,Gujarat,5.0,0.0,1981.0,8.0,9.0,3.0,6.0,32,Monsoon,1.0,1,168,1382,Low,0,1,26
899,1981-08-16,1981-08-16,1.0,heavy rains,Gujarat,2.0,0.0,1981.0,8.0,16.0,3.0,6.0,33,Monsoon,1.0,1,168,1382,Low,0,1,26
900,1981-08-19,1981-08-19,1.0,heavy rains,Gujarat,1.0,0.0,1981.0,8.0,19.0,3.0,2.0,34,Monsoon,1.0,1,168,1382,Low,0,1,26
901,1981-08-19,1981-08-19,1.0,heavy rains,Gujarat,0.0,1.0,1981.0,8.0,19.0,3.0,2.0,34,Monsoon,1.0,1,168,1382,No Fatality,0,1,26
902,1981-08-19,1981-08-19,1.0,heavy rains,Gujarat,0.0,0.0,1981.0,8.0,19.0,3.0,2.0,34,Monsoon,1.0,1,168,1382,No Fatality,0,1,26
903,1981-09-22,1981-09-28,7.0,heavy rains,Gujarat,0.0,0.0,1981.0,9.0,22.0,3.0,1.0,39,Monsoon,7.0,1,168,938,No Fatality,0,1,26
904,1981-08-08,1981-08-14,7.0,heavy rains,Haryana,4.0,0.0,1981.0,8.0,8.0,3.0,5.0,32,Monsoon,7.0,1,60,1382,Low,0,1,27
905,1981-08-29,1981-08-29,1.0,heavy rains,Himachal Pradesh,0.0,0.0,1981.0,8.0,29.0,3.0,5.0,35,Monsoon,1.0,1,362,1382,No Fatality,0,1,29
906,1981-07-25,1981-07-31,7.0,"moderate floods in chenab,tawi rivers",Jammu and Kashmir,9.0,0.0,1981.0,7.0,25.0,3.0,5.0,30,Monsoon,7.0,1,137,1709,Low,0,1,33
907,1981-08-07,1981-08-07,1.0,heavy rains,Jammu and Kashmir,0.0,0.0,1981.0,8.0,7.0,3.0,4.0,32,Monsoon,1.0,1,137,1382,No Fatality,0,1,33
908,1981-09-30,1981-09-30,1.0,flash floods in rambhan stream by a cloud burst,Jammu and Kashmir,3.0,11.0,1981.0,9.0,30.0,3.0,2.0,40,Monsoon,1.0,1,137,938,Low,0,1,33
909,1981-08-01,1981-08-07,7.0,heavy rains,Karnataka,0.0,0.0,1981.0,8.0,1.0,3.0,5.0,31,Monsoon,7.0,1,491,1382,No Fatality,0,1,37
910,1981-08-15,1981-08-21,7.0,"cauvery,kabini rivers in floods",Karnataka,0.0,0.0,1981.0,8.0,15.0,3.0,5.0,33,Monsoon,7.0,1,491,1382,No Fatality,0,1,37
911,1981-09-03,1981-09-03,1.0,heavy rains,Karnataka,0.0,0.0,1981.0,9.0,3.0,3.0,3.0,36,Monsoon,1.0,1,491,938,No Fatality,0,1,37
912,1981-09-10,1981-09-10,1.0,heavy rains following cloud burst,Karnataka,2.0,0.0,1981.0,9.0,10.0,3.0,3.0,37,Monsoon,1.0,1,491,938,Low,0,1,37
913,1981-09-22,1981-09-28,7.0,flash floods in basrur river,Karnataka,0.0,10.0,1981.0,9.0,22.0,3.0,1.0,39,Monsoon,7.0,1,491,938,No Fatality,0,1,37
914,1981-06-01,1981-06-07,7.0,moderate floods,Kerala,39.0,13.0,1981.0,6.0,1.0,2.0,0.0,23,Monsoon,7.0,1,604,1071,Medium,1,1,39
915,1981-06-08,1981-06-08,1.0,heavy rains,Kerala,0.0,0.0,1981.0,6.0,8.0,2.0,0.0,24,Monsoon,1.0,1,604,1071,No Fatality,0,1,39
916,1981-06-14,1981-06-14,1.0,flash floods,Kerala,2.0,0.0,1981.0,6.0,14.0,2.0,6.0,24,Monsoon,1.0,1,604,1071,Low,0,1,39
917,1981-07-27,1981-07-27,1.0,heavy rains,Kerala,0.0,0.0,1981.0,7.0,27.0,3.0,0.0,31,Monsoon,1.0,1,604,1709,No Fatality,0,1,39
918,1981-08-17,1981-08-17,1.0,continuous heavy rains,Kerala,1.0,0.0,1981.0,8.0,17.0,3.0,0.0,34,Monsoon,1.0,1,604,1382,Low,0,1,39
919,1981-09-15,1981-09-28,14.0,heavy rains,Kerala,0.0,0.0,1981.0,9.0,15.0,3.0,1.0,38,Monsoon,14.0,1,604,938,No Fatality,0,1,39
920,1981-07-08,1981-07-14,7.0,narmada river in spate,Madhya Pradesh,1.0,0.0,1981.0,7.0,8.0,3.0,2.0,28,Monsoon,7.0,1,238,1709,Low,0,1,43
921,1981-07-22,1981-07-28,7.0,flood in waimganga,Madhya Pradesh,0.0,0.0,1981.0,7.0,22.0,3.0,2.0,30,Monsoon,7.0,1,238,1709,No Fatality,0,1,43
922,1981-08-05,1981-08-05,1.0,heavy rains,Madhya Pradesh,5.0,0.0,1981.0,8.0,5.0,3.0,2.0,32,Monsoon,1.0,1,238,1382,Low,0,1,43
923,1981-08-08,1981-08-14,7.0,heavy rains,Madhya Pradesh,0.0,0.0,1981.0,8.0,8.0,3.0,5.0,32,Monsoon,7.0,1,238,1382,No Fatality,0,1,43
924,1981-08-14,1981-08-15,2.0,heavy rains,Madhya Pradesh,4.0,0.0,1981.0,8.0,14.0,3.0,4.0,33,Monsoon,2.0,1,238,1382,Low,0,1,43
925,1981-08-16,1981-08-17,2.0,heavy rains,Madhya Pradesh,0.0,0.0,1981.0,8.0,16.0,3.0,6.0,33,Monsoon,2.0,1,238,1382,No Fatality,0,1,43
926,1981-01-18,1981-01-18,1.0,unseasonal rains,Maharashtra,0.0,0.0,1981.0,1.0,18.0,1.0,6.0,3,Winter,1.0,1,1011,108,No Fatality,0,0,47
927,1981-06-06,1981-06-07,2.0,heavy rains,Maharashtra,1.0,0.0,1981.0,6.0,6.0,2.0,5.0,23,Monsoon,2.0,1,1011,1071,Low,0,1,47
928,1981-06-20,1981-06-20,1.0,heavy rains,Maharashtra,0.0,0.0,1981.0,6.0,20.0,2.0,5.0,25,Monsoon,1.0,1,1011,1071,No Fatality,0,1,47
929,1981-06-22,1981-06-28,7.0,heavy rains,Maharashtra,0.0,0.0,1981.0,6.0,22.0,2.0,0.0,26,Monsoon,7.0,1,1011,1071,No Fatality,0,1,47
930,1981-07-04,1981-07-05,2.0,heavy rains,Maharashtra,0.0,0.0,1981.0,7.0,4.0,3.0,5.0,27,Monsoon,2.0,1,1011,1709,No Fatality,0,1,47
931,1981-07-16,1981-07-16,1.0,heavy rains,Maharashtra,0.0,0.0,1981.0,7.0,16.0,3.0,3.0,29,Monsoon,1.0,1,1011,1709,No Fatality,0,1,47
932,1981-08-01,1981-08-07,7.0,floods,Maharashtra,0.0,0.0,1981.0,8.0,1.0,3.0,5.0,31,Monsoon,7.0,1,1011,1382,No Fatality,0,1,47
933,1981-08-04,1981-08-05,2.0,heavy rains,Maharashtra,0.0,0.0,1981.0,8.0,4.0,3.0,1.0,32,Monsoon,2.0,1,1011,1382,No Fatality,0,1,47
934,1981-08-08,1981-08-09,2.0,heavy rains,Maharashtra,0.0,0.0,1981.0,8.0,8.0,3.0,5.0,32,Monsoon,2.0,1,1011,1382,No Fatality,0,1,47
935,1981-08-16,1981-08-16,1.0,"floods in purna,chandrabhaga",Maharashtra,0.0,2.0,1981.0,8.0,16.0,3.0,6.0,33,Monsoon,1.0,1,1011,1382,No Fatality,0,1,47
936,1981-08-22,1981-08-28,7.0,heavy rains,Maharashtra,12.0,0.0,1981.0,8.0,22.0,3.0,5.0,34,Monsoon,7.0,1,1011,1382,Medium,1,1,47
937,1981-09-07,1981-09-07,1.0,heavy rains,Maharashtra,4.0,7.0,1981.0,9.0,7.0,3.0,0.0,37,Monsoon,1.0,1,1011,938,Low,0,1,47
938,1981-09-15,1981-09-21,7.0,"wardha,its tributaries  in floods due to continuus heavy rains",Maharashtra,6.0,0.0,1981.0,9.0,15.0,3.0,1.0,38,Monsoon,7.0,1,1011,938,Low,0,1,47
939,1981-09-15,1981-09-21,7.0,heavy rains,Maharashtra,26.0,0.0,1981.0,9.0,15.0,3.0,1.0,38,Monsoon,7.0,1,1011,938,Medium,1,1,47
940,1981-09-15,1981-09-21,7.0,heavy rains,Maharashtra,20.0,0.0,1981.0,9.0,15.0,3.0,1.0,38,Monsoon,7.0,1,1011,938,Medium,1,1,47
941,1981-09-24,1981-09-24,1.0,heavy rains,Maharashtra,0.0,0.0,1981.0,9.0,24.0,3.0,3.0,39,Monsoon,1.0,1,1011,938,No Fatality,0,1,47
942,1981-09-24,1981-09-24,1.0,flash floods,Maharashtra,0.0,4.0,1981.0,9.0,24.0,3.0,3.0,39,Monsoon,1.0,1,1011,938,No Fatality,0,1,47
943,1981-06-09,1981-06-09,1.0,heavy rains,Maharashtra,0.0,0.0,1981.0,6.0,9.0,2.0,1.0,24,Monsoon,1.0,1,1011,1071,No Fatality,0,1,47
944,1981-06-10,1981-06-10,1.0,heavy rains,Maharashtra,0.0,0.0,1981.0,6.0,10.0,2.0,2.0,24,Monsoon,1.0,1,1011,1071,No Fatality,0,1,47
945,1981-09-24,1981-09-24,1.0,heavy rains,Maharashtra,0.0,0.0,1981.0,9.0,24.0,3.0,3.0,39,Monsoon,1.0,1,1011,938,No Fatality,0,1,47
946,1981-09-29,1981-09-29,1.0,heavy rains,Maharashtra,0.0,2.0,1981.0,9.0,29.0,3.0,1.0,40,Monsoon,1.0,1,1011,938,No Fatality,0,1,47
947,1981-07-01,1981-07-07,7.0,heavy rains,Nagaland,0.0,0.0,1981.0,7.0,1.0,3.0,2.0,27,Monsoon,7.0,1,18,1709,No Fatality,0,1,53
948,1981-03-22,1981-03-22,1.0,heavy rains,Odisha,0.0,0.0,1981.0,3.0,22.0,1.0,6.0,12,Summer,1.0,1,144,166,No Fatality,0,0,55
949,1981-04-03,1981-04-03,1.0,heavy rains,Odisha,0.0,0.0,1981.0,4.0,3.0,2.0,4.0,14,Summer,1.0,1,144,171,No Fatality,0,0,55
950,1981-06-24,1981-06-24,1.0,moderate floods,Odisha,0.0,0.0,1981.0,6.0,24.0,2.0,2.0,26,Monsoon,1.0,1,144,1071,No Fatality,0,1,55
951,1981-01-08,1981-01-14,7.0,heavy rains,Punjab,0.0,0.0,1981.0,1.0,8.0,1.0,3.0,2,Winter,7.0,1,171,108,No Fatality,0,0,61
952,1981-07-15,1981-07-21,7.0,heavy rains,Punjab,0.0,0.0,1981.0,7.0,15.0,3.0,2.0,29,Monsoon,7.0,1,171,1709,No Fatality,0,1,61
953,1981-07-22,1981-07-28,7.0,budki river in floods,Punjab,0.0,0.0,1981.0,7.0,22.0,3.0,2.0,30,Monsoon,7.0,1,171,1709,No Fatality,0,1,61
954,1981-08-01,1981-08-07,7.0,severe floods in rivulets,Punjab,7.0,0.0,1981.0,8.0,1.0,3.0,5.0,31,Monsoon,7.0,1,171,1382,Low,0,1,61
955,1981-07-15,1981-07-21,7.0,heavy rains,Rajasthan,100.0,0.0,1981.0,7.0,15.0,3.0,2.0,29,Monsoon,7.0,1,259,1709,High,1,1,62
956,1981-07-15,1981-07-21,7.0,severe floods in dhundh river.,Rajasthan,205.0,1000.0,1981.0,7.0,15.0,3.0,2.0,29,Monsoon,7.0,1,259,1709,High,1,1,62
957,1981-09-11,1981-09-11,1.0,palar river in floods,Tamil Nadu,0.0,4.0,1981.0,9.0,11.0,3.0,4.0,37,Monsoon,1.0,1,188,938,No Fatality,0,1,66
958,1981-07-01,1981-07-07,7.0,"manu,deo rivers in floods",Tripura,0.0,0.0,1981.0,7.0,1.0,3.0,2.0,27,Monsoon,7.0,1,47,1709,No Fatality,0,1,68
959,1981-06-30,1981-06-30,1.0,heavy rains,Uttar Pradesh,18.0,12.0,1981.0,6.0,30.0,2.0,1.0,27,Monsoon,1.0,1,448,1071,Medium,1,1,69
960,1981-07-01,1981-07-31,31.0,"rivers gomti, ghagra,tapti in floods","Uttar Pradesh, Uttarakhand",148.0,0.0,1981.0,7.0,1.0,3.0,2.0,27,Monsoon,31.0,1,13,1709,High,1,1,76
961,1981-08-01,1981-08-07,7.0,"rohini, rapti, burhi gandak, sharda, ghagra in floods",Uttar Pradesh,95.0,0.0,1981.0,8.0,1.0,3.0,5.0,31,Monsoon,7.0,1,448,1382,High,1,1,69
962,1981-08-22,1981-08-28,7.0,"floods in ghagra, gandak,ganga rivers",Uttar Pradesh,0.0,0.0,1981.0,8.0,22.0,3.0,5.0,34,Monsoon,7.0,1,448,1382,No Fatality,0,1,69
963,1981-09-08,1981-09-28,21.0,"floods in ghagra, rapti , burhi,kawano",Uttar Pradesh,109.0,0.0,1981.0,9.0,8.0,3.0,1.0,37,Monsoon,21.0,1,448,938,High,1,1,69
964,1981-10-01,1981-10-07,7.0,"flodds in rapti, burhi,ghagra rivers",Uttar Pradesh,14.0,0.0,1981.0,10.0,1.0,4.0,3.0,40,Post-Monsoon,7.0,1,448,501,Medium,1,0,69
965,1981-05-01,1981-05-31,31.0,unseasonal heavy rains,West Bengal,0.0,0.0,1981.0,5.0,1.0,2.0,4.0,18,Summer,31.0,1,330,479,No Fatality,0,0,79
966,1981-05-27,1981-05-27,1.0,heavy rains,West Bengal,0.0,0.0,1981.0,5.0,27.0,2.0,2.0,22,Summer,1.0,1,330,479,No Fatality,0,0,79
967,1981-06-09,1981-06-09,1.0,heavy rains,West Bengal,0.0,0.0,1981.0,6.0,9.0,2.0,1.0,24,Monsoon,1.0,1,330,1071,No Fatality,0,1,79
968,1981-06-15,1981-06-28,14.0,flash floods,West Bengal,0.0,15.0,1981.0,6.0,15.0,2.0,0.0,25,Monsoon,14.0,1,330,1071,No Fatality,0,1,79
969,1981-07-01,1981-07-07,7.0,"mechi, jalanhaka,mahananda river in floods",West Bengal,0.0,0.0,1981.0,7.0,1.0,3.0,2.0,27,Monsoon,7.0,1,330,1709,No Fatality,0,1,79
970,1981-07-01,1981-07-07,7.0,haldi river in floods,West Bengal,0.0,0.0,1981.0,7.0,1.0,3.0,2.0,27,Monsoon,7.0,1,330,1709,No Fatality,0,1,79
971,1981-07-10,1981-07-10,1.0,heavy rains,West Bengal,0.0,0.0,1981.0,7.0,10.0,3.0,4.0,28,Monsoon,1.0,1,330,1709,No Fatality,0,1,79
972,1981-09-25,1981-09-25,1.0,heavy rains,West Bengal,0.0,0.0,1981.0,9.0,25.0,3.0,4.0,39,Monsoon,1.0,1,330,938,No Fatality,0,1,79
973,1982-06-22,1982-06-28,7.0,"severe (brahmaputra,its tributaries)",Assam,0.0,0.0,1982.0,6.0,22.0,2.0,1.0,25,Monsoon,7.0,1,908,1071,No Fatality,0,1,5
974,1982-07-22,1982-07-28,7.0,"severe (brahmaputra,its tributaries)",Assam,0.0,0.0,1982.0,7.0,22.0,3.0,3.0,29,Monsoon,7.0,1,908,1709,No Fatality,0,1,5
975,1982-07-22,1982-07-28,7.0,moderate(brahmaputra),Assam,0.0,0.0,1982.0,7.0,22.0,3.0,3.0,29,Monsoon,7.0,1,908,1709,No Fatality,0,1,5
976,1982-07-22,1982-07-28,7.0,moderate (gandak river),Bihar,0.0,0.0,1982.0,7.0,22.0,3.0,3.0,29,Monsoon,7.0,1,149,1709,No Fatality,0,1,9
977,1982-08-22,1982-08-28,7.0,moderate (ganga river) ,Bihar,0.0,0.0,1982.0,8.0,22.0,3.0,6.0,33,Monsoon,7.0,1,149,1382,No Fatality,0,1,9
978,1982-09-01,1982-09-07,7.0,"severe (ganga, mahananda,pun pun rivers)",Bihar,0.0,0.0,1982.0,9.0,1.0,3.0,2.0,35,Monsoon,7.0,1,149,938,No Fatality,0,1,9
979,1982-05-06,1982-05-06,1.0,heavy rains,Gujarat,5.0,8.0,1982.0,5.0,6.0,2.0,3.0,18,Summer,1.0,1,168,479,Low,0,0,26
980,1982-05-10,1982-05-10,1.0,heavy rains,Gujarat,0.0,0.0,1982.0,5.0,10.0,2.0,0.0,19,Summer,1.0,1,168,479,No Fatality,0,0,26
981,1982-07-13,1982-07-13,1.0,heavy rains,Gujarat,8.0,0.0,1982.0,7.0,13.0,3.0,1.0,28,Monsoon,1.0,1,168,1709,Low,0,1,26
982,1982-07-28,1982-07-28,1.0,heavy rains,Gujarat,0.0,0.0,1982.0,7.0,28.0,3.0,2.0,30,Monsoon,1.0,1,168,1709,No Fatality,0,1,26
983,1982-03-01,1982-03-04,4.0,heavy rains (unseasonal),Haryana,0.0,0.0,1982.0,3.0,1.0,1.0,0.0,9,Summer,4.0,1,60,166,No Fatality,0,0,27
984,1982-04-15,1982-04-28,14.0,heavy rains (seasonal),Himachal Pradesh,0.0,0.0,1982.0,4.0,15.0,2.0,3.0,15,Summer,14.0,1,362,171,No Fatality,0,0,29
985,1982-04-15,1982-04-28,14.0,heavy rains (un seasonal),Jammu and Kashmir,0.0,0.0,1982.0,4.0,15.0,2.0,3.0,15,Summer,14.0,1,137,171,No Fatality,0,0,33
986,1982-05-12,1982-05-12,1.0,cloud burst,Jammu and Kashmir,0.0,0.0,1982.0,5.0,12.0,2.0,2.0,19,Summer,1.0,1,137,479,No Fatality,0,0,33
987,1982-08-01,1982-08-04,4.0,"heavy rains, (flooding of tawi river.)",Jammu and Kashmir,12.0,9.0,1982.0,8.0,1.0,3.0,6.0,30,Monsoon,4.0,1,137,1382,Medium,1,1,33
988,1982-05-23,1982-05-23,1.0,heavy rains,Karnataka,6.0,0.0,1982.0,5.0,23.0,2.0,6.0,20,Summer,1.0,1,491,479,Low,0,0,37
989,1982-08-01,1982-08-14,14.0,moderate (tunga river) ,Karnataka,2.0,0.0,1982.0,8.0,1.0,3.0,6.0,30,Monsoon,14.0,1,491,1382,Low,0,1,37
990,1982-08-01,1982-08-14,14.0,"severe (ne travathi, sharavathi, aghana shini. & varada rivers.",Karnataka,16.0,0.0,1982.0,8.0,1.0,3.0,6.0,30,Monsoon,14.0,1,491,1382,Medium,1,1,37
991,1982-08-01,1982-08-14,14.0,moderate,Karnataka,1.0,0.0,1982.0,8.0,1.0,3.0,6.0,30,Monsoon,14.0,1,491,1382,Low,0,1,37
992,1982-08-01,1982-08-07,7.0,moderate (tungabhadra - river),Karnataka,0.0,0.0,1982.0,8.0,1.0,3.0,6.0,30,Monsoon,7.0,1,491,1382,No Fatality,0,1,37
993,1982-07-30,1982-08-04,6.0,moderate (streams from cape comorin) ... ,Kerala,0.0,0.0,1982.0,7.0,30.0,3.0,4.0,30,Monsoon,6.0,1,604,1709,No Fatality,0,1,39
994,1982-08-01,1982-08-03,3.0,heavy rains,Kerala,0.0,0.0,1982.0,8.0,1.0,3.0,6.0,30,Monsoon,3.0,1,604,1382,No Fatality,0,1,39
995,1982-08-17,1982-08-17,1.0,heavy rains,Madhya Pradesh,1.0,0.0,1982.0,8.0,17.0,3.0,1.0,33,Monsoon,1.0,1,238,1382,Low,0,1,43
996,1982-08-19,1982-08-19,1.0,heavy rains,Madhya Pradesh,1.0,0.0,1982.0,8.0,19.0,3.0,3.0,33,Monsoon,1.0,1,238,1382,Low,0,1,43
997,1982-08-23,1982-08-24,2.0,heavy rains,Madhya Pradesh,16.0,0.0,1982.0,8.0,23.0,3.0,0.0,34,Monsoon,2.0,1,238,1382,Medium,1,1,43
998,1982-09-01,1982-09-15,15.0,heavy rains,Madhya Pradesh,9.0,0.0,1982.0,9.0,1.0,3.0,2.0,35,Monsoon,15.0,1,238,938,Low,0,1,43
999,1982-08-25,1982-08-26,2.0,heavy rains,Madhya Pradesh,9.0,0.0,1982.0,8.0,25.0,3.0,2.0,34,Monsoon,2.0,1,238,1382,Low,0,1,43
1000,1982-08-22,1982-08-28,7.0,moderate (chambal river),Madhya Pradesh,0.0,0.0,1982.0,8.0,22.0,3.0,6.0,33,Monsoon,7.0,1,238,1382,No Fatality,0,1,43
1001,1982-08-22,1982-08-28,7.0,heavy rains,Madhya Pradesh,2.0,0.0,1982.0,8.0,22.0,3.0,6.0,33,Monsoon,7.0,1,238,1382,Low,0,1,43
1002,1982-08-22,1982-08-28,7.0,severe (mahanadi river),Madhya Pradesh,41.0,0.0,1982.0,8.0,22.0,3.0,6.0,33,Monsoon,7.0,1,238,1382,Medium,1,1,43
1003,1982-05-28,1982-05-29,2.0,heavy rains (unseasonal) ,Maharashtra,0.0,0.0,1982.0,5.0,28.0,2.0,4.0,21,Summer,2.0,1,1011,479,No Fatality,0,0,47
1004,1982-05-25,1982-05-25,1.0,heavy rains (unseasonal) ,Maharashtra,0.0,0.0,1982.0,5.0,25.0,2.0,1.0,21,Summer,1.0,1,1011,479,No Fatality,0,0,47
1005,1982-06-03,1982-06-03,1.0,heavy rains,Maharashtra,0.0,2.0,1982.0,6.0,3.0,2.0,3.0,22,Monsoon,1.0,1,1011,1071,No Fatality,0,1,47
1006,1982-06-22,1982-06-22,1.0,heavy rains,Maharashtra,0.0,0.0,1982.0,6.0,22.0,2.0,1.0,25,Monsoon,1.0,1,1011,1071,No Fatality,0,1,47
1007,1982-06-23,1982-06-23,1.0,moderate,Maharashtra,0.0,5.0,1982.0,6.0,23.0,2.0,2.0,25,Monsoon,1.0,1,1011,1071,No Fatality,0,1,47
1008,1982-07-05,1982-07-05,1.0,heavy rains,Maharashtra,0.0,0.0,1982.0,7.0,5.0,3.0,0.0,27,Monsoon,1.0,1,1011,1709,No Fatality,0,1,47
1009,1982-07-12,1982-07-12,1.0,heavy rains,Maharashtra,2.0,5.0,1982.0,7.0,12.0,3.0,0.0,28,Monsoon,1.0,1,1011,1709,Low,0,1,47
1010,1982-07-28,1982-07-28,1.0,"severe(unprecedented flooding of shastri,tonvi rivers)",Maharashtra,1.0,0.0,1982.0,7.0,28.0,3.0,2.0,30,Monsoon,1.0,1,1011,1709,Low,0,1,47
1011,1982-08-20,1982-08-20,1.0,moderate (bondi river),Maharashtra,0.0,0.0,1982.0,8.0,20.0,3.0,4.0,33,Monsoon,1.0,1,1011,1382,No Fatality,0,1,47
1012,1982-08-18,1982-08-19,2.0,moderate (mahanadi river),Odisha,0.0,0.0,1982.0,8.0,18.0,3.0,2.0,33,Monsoon,2.0,1,144,1382,No Fatality,0,1,55
1013,1982-08-22,1982-08-28,7.0,"severe (mahanadi, brahmani, baitarni & devi rivers) ",Odisha,1000.0,0.0,1982.0,8.0,22.0,3.0,6.0,33,Monsoon,7.0,1,144,1382,High,1,1,55
1014,1982-03-01,1982-03-04,4.0,moderate (rivulets in spate) ,Punjab,0.0,0.0,1982.0,3.0,1.0,1.0,0.0,9,Summer,4.0,1,171,166,No Fatality,0,0,61
1015,1982-03-01,1982-03-04,4.0,heavy rains (unseasonal) ,Punjab,0.0,0.0,1982.0,3.0,1.0,1.0,0.0,9,Summer,4.0,1,171,166,No Fatality,0,0,61
1016,1982-04-15,1982-04-21,7.0,heavy rains (unseasonal) ,Punjab,0.0,0.0,1982.0,4.0,15.0,2.0,3.0,15,Summer,7.0,1,171,171,No Fatality,0,0,61
1017,1982-04-22,1982-04-28,7.0,heavy rains (unseasonal) ,Punjab,0.0,0.0,1982.0,4.0,22.0,2.0,3.0,16,Summer,7.0,1,171,171,No Fatality,0,0,61
1018,1982-08-17,1982-08-24,8.0,"moderate(chambal,  parbati , rivulets)",Rajasthan,0.0,0.0,1982.0,8.0,17.0,3.0,1.0,33,Monsoon,8.0,1,259,1382,No Fatality,0,1,62
1019,1982-08-17,1982-08-24,8.0,heavy rains,Rajasthan,0.0,0.0,1982.0,8.0,17.0,3.0,1.0,33,Monsoon,8.0,1,259,1382,No Fatality,0,1,62
1020,1982-08-20,1982-08-27,8.0,"moderate(chambal,parbati rivers)",Rajasthan,0.0,0.0,1982.0,8.0,20.0,3.0,4.0,33,Monsoon,8.0,1,259,1382,No Fatality,0,1,62
1021,1982-08-13,1982-08-13,1.0,flash flood(tambraparni river),Tamil Nadu,2.0,0.0,1982.0,8.0,13.0,3.0,4.0,32,Monsoon,1.0,1,188,1382,Low,0,1,66
1022,1982-04-15,1982-04-28,14.0,heavy rains (unseasonal),Uttarakhand,0.0,0.0,1982.0,4.0,15.0,2.0,3.0,15,Summer,14.0,1,107,171,No Fatality,0,0,78
1023,1982-06-05,1982-06-05,1.0,heavy rains,Uttar Pradesh,5.0,0.0,1982.0,6.0,5.0,2.0,5.0,22,Monsoon,1.0,1,448,1071,Low,0,1,69
1024,1982-08-08,1982-08-14,7.0,flash floods in a nullah,Uttarakhand,0.0,5.0,1982.0,8.0,8.0,3.0,6.0,31,Monsoon,7.0,1,107,1382,No Fatality,0,1,78
1025,1982-08-22,1982-09-07,17.0," severe(ganga, yamuna,their tributaries, ghagra, rapti, gomti,burhi-gandak,betwa) )","Uttar Pradesh , Uttarakhand",382.0,0.0,1982.0,8.0,22.0,3.0,6.0,33,Monsoon,17.0,1,1,1382,High,1,1,71
1026,1982-09-08,1982-09-14,7.0," severe(ganga, yamuna,their tributaries, ghagra, rapti, gomti,burhi-gandak,betwa) )",Uttar Pradesh,0.0,0.0,1982.0,9.0,8.0,3.0,2.0,36,Monsoon,7.0,1,448,938,No Fatality,0,1,69
1027,1982-08-22,1982-08-28,7.0,moderate(padma river),West Bengal,0.0,0.0,1982.0,8.0,22.0,3.0,6.0,33,Monsoon,7.0,1,330,1382,No Fatality,0,1,79
1028,1982-09-01,1982-09-07,7.0,"moderate(bhagirathi,bhairab rivers)",West Bengal,0.0,0.0,1982.0,9.0,1.0,3.0,2.0,35,Monsoon,7.0,1,330,938,No Fatality,0,1,79
1029,1982-07-25,1982-07-25,1.0,heavy rains,Delhi,3.0,0.0,1982.0,7.0,25.0,3.0,6.0,29,Monsoon,1.0,1,43,1709,Low,0,1,21
1030,1982-06-22,1982-06-22,1.0,heavy rains,Daman and Diu,0.0,0.0,1982.0,6.0,22.0,2.0,1.0,25,Monsoon,1.0,1,4,1071,No Fatality,0,1,20
1031,1982-07-19,1982-07-19,1.0,heavy rains,Daman and Diu,0.0,0.0,1982.0,7.0,19.0,3.0,0.0,29,Monsoon,1.0,1,4,1709,No Fatality,0,1,20
1032,1982-07-24,1982-07-24,1.0,heavy rains,Daman and Diu,0.0,3.0,1982.0,7.0,24.0,3.0,5.0,29,Monsoon,1.0,1,4,1709,No Fatality,0,1,20
1033,1982-07-28,1982-07-28,1.0,heavy rains,Daman and Diu,0.0,0.0,1982.0,7.0,28.0,3.0,2.0,30,Monsoon,1.0,1,4,1709,No Fatality,0,1,20
1034,1982-09-15,1982-09-21,7.0,severe (brahmaputra river),Arunachal Pradesh,0.0,0.0,1982.0,9.0,15.0,3.0,2.0,37,Monsoon,7.0,1,150,938,No Fatality,0,1,4
1035,1983-08-08,1983-08-11,4.0,severe (godavari),Andhra Pradesh,4.0,0.0,1983.0,8.0,8.0,3.0,0.0,32,Monsoon,4.0,1,150,1382,Low,0,1,1
1036,1983-08-08,1983-08-11,4.0,severe (godavari),Andhra Pradesh,0.0,0.0,1983.0,8.0,8.0,3.0,0.0,32,Monsoon,4.0,1,150,1382,No Fatality,0,1,1
1037,1983-08-08,1983-08-11,4.0,severe (godavari),Andhra Pradesh,27.0,0.0,1983.0,8.0,8.0,3.0,0.0,32,Monsoon,4.0,1,150,1382,Medium,1,1,1
1038,1983-08-08,1983-08-11,4.0,severe (godavari),Andhra Pradesh,0.0,0.0,1983.0,8.0,8.0,3.0,0.0,32,Monsoon,4.0,1,150,1382,No Fatality,0,1,1
1039,1983-08-08,1983-08-11,4.0,severe (godavari),Andhra Pradesh,0.0,0.0,1983.0,8.0,8.0,3.0,0.0,32,Monsoon,4.0,1,150,1382,No Fatality,0,1,1
1040,1983-08-08,1983-08-11,4.0,severe (godavari),Andhra Pradesh,0.0,0.0,1983.0,8.0,8.0,3.0,0.0,32,Monsoon,4.0,1,150,1382,No Fatality,0,1,1
1041,1983-08-08,1983-08-11,4.0,severe (godavari),Andhra Pradesh,6.0,0.0,1983.0,8.0,8.0,3.0,0.0,32,Monsoon,4.0,1,150,1382,Low,0,1,1
1042,1983-09-21,1983-09-22,2.0,heavy rains,Andhra Pradesh,0.0,0.0,1983.0,9.0,21.0,3.0,2.0,38,Monsoon,2.0,1,150,938,No Fatality,0,1,1
1043,1983-09-22,1983-09-22,1.0,heavy rains,Andhra Pradesh,0.0,0.0,1983.0,9.0,22.0,3.0,3.0,38,Monsoon,1.0,1,150,938,No Fatality,0,1,1
1044,1983-09-23,1983-09-23,1.0,heavy rains,Andhra Pradesh,12.0,0.0,1983.0,9.0,23.0,3.0,4.0,38,Monsoon,1.0,1,150,938,Medium,1,1,1
1045,1983-10-01,1983-10-07,7.0,severe (godavari),Andhra Pradesh,0.0,0.0,1983.0,10.0,1.0,4.0,5.0,39,Post-Monsoon,7.0,1,150,501,No Fatality,0,0,1
1046,1983-05-08,1983-05-23,16.0,"severe(brahmaputra,its tributaries) ",Assam,0.0,0.0,1983.0,5.0,8.0,2.0,6.0,18,Summer,16.0,1,908,479,No Fatality,0,0,5
1047,1983-07-01,1983-07-07,7.0,"severe(brahmaputra, Baksa,their tributaries)",Assam,0.0,6.0,1983.0,7.0,1.0,3.0,4.0,26,Monsoon,7.0,1,908,1709,No Fatality,0,1,5
1048,1983-07-15,1983-07-21,7.0,"severe(brahmaputra,its tributaries) ",Assam,11.0,0.0,1983.0,7.0,15.0,3.0,4.0,28,Monsoon,7.0,1,908,1709,Medium,1,1,5
1049,1983-08-22,1983-08-28,7.0,"severe(Baksa,its tributaries) ",Assam,1.0,0.0,1983.0,8.0,22.0,3.0,0.0,34,Monsoon,7.0,1,908,1382,Low,0,1,5
1050,1983-09-08,1983-09-14,7.0,"severe(brahmaputra,its tributaries) ",Assam,22.0,0.0,1983.0,9.0,8.0,3.0,3.0,36,Monsoon,7.0,1,908,938,Medium,1,1,5
1051,1983-07-01,1983-07-07,7.0,"severe (mahananda, ganga,kosi)",Bihar,0.0,0.0,1983.0,7.0,1.0,3.0,4.0,26,Monsoon,7.0,1,149,1709,No Fatality,0,1,9
1052,1983-07-08,1983-07-14,7.0,"(severe (mahananda, ankan,their tributaries )",Bihar,0.0,0.0,1983.0,7.0,8.0,3.0,4.0,27,Monsoon,7.0,1,149,1709,No Fatality,0,1,9
1053,1983-07-15,1983-07-21,7.0,severe (bagmati),Bihar,0.0,0.0,1983.0,7.0,15.0,3.0,4.0,28,Monsoon,7.0,1,149,1709,No Fatality,0,1,9
1054,1983-07-22,1983-07-28,7.0,"severe(kosi, kamalabalan,gandak)",Bihar,0.0,26.0,1983.0,7.0,22.0,3.0,4.0,29,Monsoon,7.0,1,149,1709,No Fatality,0,1,9
1055,1983-08-01,1983-08-07,7.0,"severe(ganga,its tributaries)",Bihar,0.0,0.0,1983.0,8.0,1.0,3.0,0.0,31,Monsoon,7.0,1,149,1382,No Fatality,0,1,9
1056,1983-08-01,1983-08-07,7.0,severe (bagmati),Bihar,0.0,0.0,1983.0,8.0,1.0,3.0,0.0,31,Monsoon,7.0,1,149,1382,No Fatality,0,1,9
1057,1983-08-15,1983-08-21,7.0,severe (ganga),Bihar,0.0,0.0,1983.0,8.0,15.0,3.0,0.0,33,Monsoon,7.0,1,149,1382,No Fatality,0,1,9
1058,1983-08-15,1983-08-28,14.0,"severe (ganga, bagmati,their tributaries)","Bihar, Jharkhand",0.0,0.0,1983.0,8.0,15.0,3.0,0.0,33,Monsoon,14.0,1,7,1382,No Fatality,0,1,11
1059,1983-09-08,1983-09-21,14.0,"severe (ganga, mahananda,their tributaries)",Bihar,0.0,10.0,1983.0,9.0,8.0,3.0,3.0,36,Monsoon,14.0,1,149,938,No Fatality,0,1,9
1060,1983-06-20,1983-06-23,4.0,"severe (ujen,ojat)",Gujarat,594.0,0.0,1983.0,6.0,20.0,2.0,0.0,25,Monsoon,4.0,1,168,1071,High,1,1,26
1061,1983-07-19,1983-07-19,1.0,heavy rains,Gujarat,0.0,6.0,1983.0,7.0,19.0,3.0,1.0,29,Monsoon,1.0,1,168,1709,No Fatality,0,1,26
1062,1983-09-15,1983-09-21,7.0,severe(flash flooding in kalva),Gujarat,0.0,0.0,1983.0,9.0,15.0,3.0,3.0,37,Monsoon,7.0,1,168,938,No Fatality,0,1,26
1063,1983-07-04,1983-07-05,2.0,heavy rains,Haryana,0.0,0.0,1983.0,7.0,4.0,3.0,0.0,27,Monsoon,2.0,1,60,1709,No Fatality,0,1,27
1064,1983-08-14,1983-08-20,7.0,severe ( flash flooding in western jamuna canal),Haryana,0.0,0.0,1983.0,8.0,14.0,3.0,6.0,32,Monsoon,7.0,1,60,1382,No Fatality,0,1,27
1065,1983-08-22,1983-08-27,6.0,severe ( flash flooding in western jamuna canal),Haryana,0.0,6.0,1983.0,8.0,22.0,3.0,0.0,34,Monsoon,6.0,1,60,1382,No Fatality,0,1,27
1066,1983-03-19,1983-03-19,1.0,heavy rains,Himachal Pradesh,0.0,0.0,1983.0,3.0,19.0,1.0,5.0,11,Summer,1.0,1,362,166,No Fatality,0,0,29
1067,1983-09-05,1983-09-10,6.0,severe(flash flooding),Himachal Pradesh,2.0,9.0,1983.0,9.0,5.0,3.0,0.0,36,Monsoon,6.0,1,362,938,Low,0,1,29
1068,1983-10-14,1983-10-20,7.0,heavy rains,Himachal Pradesh,4.0,100.0,1983.0,10.0,14.0,4.0,4.0,41,Post-Monsoon,7.0,1,362,501,Low,0,0,29
1069,1983-03-21,1983-03-21,1.0,heavy rains,Jammu and Kashmir,2.0,3.0,1983.0,3.0,21.0,1.0,0.0,12,Summer,1.0,1,137,166,Low,0,0,33
1070,1983-10-12,1983-10-16,5.0,heavy rains,Jammu and Kashmir,3.0,0.0,1983.0,10.0,12.0,4.0,2.0,41,Post-Monsoon,5.0,1,137,501,Low,0,0,33
1071,1983-07-03,1983-07-03,1.0,cloud burst,Jammu and Kashmir,2.0,0.0,1983.0,7.0,3.0,3.0,6.0,26,Monsoon,1.0,1,137,1709,Low,0,1,33
1072,1983-08-09,1983-08-09,1.0,heavy rains,Jammu and Kashmir,0.0,0.0,1983.0,8.0,9.0,3.0,1.0,32,Monsoon,1.0,1,137,1382,No Fatality,0,1,33
1073,1983-08-22,1983-10-27,67.0,heavy rains,Jammu and Kashmir,4.0,1.0,1983.0,8.0,22.0,3.0,0.0,34,Monsoon,67.0,1,137,1382,Low,0,1,33
1074,1983-09-01,1983-09-02,2.0,heavy rains due to cloud burst,Jammu and Kashmir,12.0,0.0,1983.0,9.0,1.0,3.0,3.0,35,Monsoon,2.0,1,137,938,Medium,1,1,33
1075,1983-06-15,1983-06-15,1.0,heavy rains,Karnataka,0.0,0.0,1983.0,6.0,15.0,2.0,2.0,24,Monsoon,1.0,1,491,1071,No Fatality,0,1,37
1076,1983-01-22,1983-01-28,7.0,"severe (krishna, ghatprabha,vedganga)",Karnataka,9.0,1.0,1983.0,1.0,22.0,1.0,5.0,3,Winter,7.0,1,491,108,Low,0,0,37
1077,1983-08-08,1983-08-14,7.0,moderate(bhima),Karnataka,0.0,0.0,1983.0,8.0,8.0,3.0,0.0,32,Monsoon,7.0,1,491,1382,No Fatality,0,1,37
1078,1983-09-10,1983-09-10,1.0,heavy rains,Karnataka,4.0,0.0,1983.0,9.0,10.0,3.0,5.0,36,Monsoon,1.0,1,491,938,Low,0,1,37
1079,1983-09-23,1983-09-23,1.0,heavy rains,Karnataka,4.0,0.0,1983.0,9.0,23.0,3.0,4.0,38,Monsoon,1.0,1,491,938,Low,0,1,37
1080,1983-07-23,1983-07-23,1.0,heavy rains,Kerala,3.0,0.0,1983.0,7.0,23.0,3.0,5.0,29,Monsoon,1.0,1,604,1709,Low,0,1,39
1081,1983-08-10,1983-08-17,8.0,incessant rains,Kerala,0.0,0.0,1983.0,8.0,10.0,3.0,2.0,32,Monsoon,8.0,1,604,1382,No Fatality,0,1,39
1082,1983-11-02,1983-11-02,1.0,heavy rains,Kerala,0.0,0.0,1983.0,11.0,2.0,4.0,2.0,44,Post-Monsoon,1.0,1,604,194,No Fatality,0,0,39
1083,1983-08-16,1983-08-16,1.0,moderate (godavari),Madhya Pradesh,0.0,0.0,1983.0,8.0,16.0,3.0,1.0,33,Monsoon,1.0,1,238,1382,No Fatality,0,1,43
1084,1983-08-17,1983-08-17,1.0,heavy rains,Madhya Pradesh,1.0,0.0,1983.0,8.0,17.0,3.0,2.0,33,Monsoon,1.0,1,238,1382,Low,0,1,43
1085,1983-08-20,1983-08-20,1.0,heavy rains,Madhya Pradesh,0.0,0.0,1983.0,8.0,20.0,3.0,5.0,33,Monsoon,1.0,1,238,1382,No Fatality,0,1,43
1086,1983-09-05,1983-09-05,1.0,moderate(berna),Madhya Pradesh,28.0,11.0,1983.0,9.0,5.0,3.0,0.0,36,Monsoon,1.0,1,238,938,Medium,1,1,43
1087,1983-09-08,1983-09-08,1.0,"severe(berna, bina, ghasan,sunar)",Madhya Pradesh,0.0,0.0,1983.0,9.0,8.0,3.0,3.0,36,Monsoon,1.0,1,238,938,No Fatality,0,1,43
1088,1983-09-08,1983-09-09,2.0,heavy rains,Madhya Pradesh,22.0,0.0,1983.0,9.0,8.0,3.0,3.0,36,Monsoon,2.0,1,238,938,Medium,1,1,43
1089,1983-09-09,1983-09-09,1.0,moderate (tamus),Madhya Pradesh,0.0,25.0,1983.0,9.0,9.0,3.0,4.0,36,Monsoon,1.0,1,238,938,No Fatality,0,1,43
1090,1983-09-11,1983-09-11,1.0,"severe (betwa,kunwari)",Madhya Pradesh,60.0,0.0,1983.0,9.0,11.0,3.0,6.0,36,Monsoon,1.0,1,238,938,High,1,1,43
1091,1983-09-12,1983-09-12,1.0,heavy rains,Madhya Pradesh,3.0,0.0,1983.0,9.0,12.0,3.0,0.0,37,Monsoon,1.0,1,238,938,Low,0,1,43
1092,1983-09-14,1983-09-14,1.0,heavy rains,Madhya Pradesh,3.0,0.0,1983.0,9.0,14.0,3.0,2.0,37,Monsoon,1.0,1,238,938,Low,0,1,43
1093,1983-06-22,1983-06-28,7.0,heavy rains,Maharashtra,1.0,0.0,1983.0,6.0,22.0,2.0,2.0,25,Monsoon,7.0,1,1011,1071,Low,0,1,47
1094,1983-06-24,1983-06-24,1.0,heavy rains,Maharashtra,0.0,3.0,1983.0,6.0,24.0,2.0,4.0,25,Monsoon,1.0,1,1011,1071,No Fatality,0,1,47
1095,1983-06-22,1983-06-28,7.0,"severe (kalawli, vashishti,shastri)",Maharashtra,30.0,0.0,1983.0,6.0,22.0,2.0,2.0,25,Monsoon,7.0,1,1011,1071,Medium,1,1,47
1096,1983-08-11,1983-08-17,7.0,"severe(godavari, krishna, bhima, pravara, koyna, manjura, manwad, lendi, kayadu, penganga,warna)",Maharashtra,106.0,26.0,1983.0,8.0,11.0,3.0,3.0,32,Monsoon,7.0,1,1011,1382,High,1,1,47
1097,1983-08-14,1983-08-15,2.0,"severe (ulhas,batsa-kalu)",Maharashtra,5.0,0.0,1983.0,8.0,14.0,3.0,6.0,32,Monsoon,2.0,1,1011,1382,Low,0,1,47
1098,1983-08-16,1983-08-16,1.0,heavy rains,Maharashtra,0.0,5.0,1983.0,8.0,16.0,3.0,1.0,33,Monsoon,1.0,1,1011,1382,No Fatality,0,1,47
1099,1983-08-16,1983-08-17,2.0,severe (flash flooding in mula-mutha),Maharashtra,0.0,0.0,1983.0,8.0,16.0,3.0,1.0,33,Monsoon,2.0,1,1011,1382,No Fatality,0,1,47
1100,1983-08-17,1983-08-18,2.0,severe (flash flooding in bhima),Maharashtra,117.0,0.0,1983.0,8.0,17.0,3.0,2.0,33,Monsoon,2.0,1,1011,1382,High,1,1,47
1101,1983-09-14,1983-09-15,2.0,heavy rains,Maharashtra,2.0,0.0,1983.0,9.0,14.0,3.0,2.0,37,Monsoon,2.0,1,1011,938,Low,0,1,47
1102,1983-09-15,1983-09-19,5.0,"severe( godavari, dudhana,poorna)",Maharashtra,60.0,0.0,1983.0,9.0,15.0,3.0,3.0,37,Monsoon,5.0,1,1011,938,High,1,1,47
1103,1983-09-18,1983-09-18,1.0,heavy rains,Maharashtra,4.0,2.0,1983.0,9.0,18.0,3.0,6.0,37,Monsoon,1.0,1,1011,938,Low,0,1,47
1104,1983-09-24,1983-09-24,1.0,heavy rains,Maharashtra,3.0,0.0,1983.0,9.0,24.0,3.0,5.0,38,Monsoon,1.0,1,1011,938,Low,0,1,47
1105,1983-09-26,1983-09-27,2.0,heavy rains,Maharashtra,8.0,0.0,1983.0,9.0,26.0,3.0,0.0,39,Monsoon,2.0,1,1011,938,Low,0,1,47
1106,1983-10-05,1983-10-07,3.0,"severe (godavari, manjira, lendi,manya)",Maharashtra,5.0,0.0,1983.0,10.0,5.0,4.0,2.0,40,Post-Monsoon,3.0,1,1011,501,Low,0,0,47
1107,1983-10-09,1983-10-09,1.0,severe(mula-mutha),Maharashtra,0.0,0.0,1983.0,10.0,9.0,4.0,6.0,40,Post-Monsoon,1.0,1,1011,501,No Fatality,0,0,47
1108,1983-07-01,1983-07-07,7.0,heavy rains,Meghalaya,4.0,0.0,1983.0,7.0,1.0,3.0,4.0,26,Monsoon,7.0,1,57,1709,Low,0,1,51
1109,1983-06-25,1983-06-26,2.0,heavy rains,Odisha,0.0,3.0,1983.0,6.0,25.0,2.0,5.0,25,Monsoon,2.0,1,144,1071,No Fatality,0,1,55
1110,1983-07-08,1983-07-10,3.0,"moderate(kolab,indravati)",Odisha,3.0,0.0,1983.0,7.0,8.0,3.0,4.0,27,Monsoon,3.0,1,144,1709,Low,0,1,55
1111,1983-07-29,1983-07-29,1.0,heavy rains,Odisha,0.0,0.0,1983.0,7.0,29.0,3.0,4.0,30,Monsoon,1.0,1,144,1709,No Fatality,0,1,55
1112,1983-09-07,1983-09-10,4.0,"moderate(brahmi,baitarni)",Odisha,5.0,0.0,1983.0,9.0,7.0,3.0,2.0,36,Monsoon,4.0,1,144,938,Low,0,1,55
1113,1983-06-29,1983-06-29,1.0,heavy rains,Punjab,0.0,0.0,1983.0,6.0,29.0,2.0,2.0,26,Monsoon,1.0,1,171,1071,No Fatality,0,1,61
1114,1983-07-04,1983-07-05,2.0,heavy rains,Punjab,1.0,0.0,1983.0,7.0,4.0,3.0,0.0,27,Monsoon,2.0,1,171,1709,Low,0,1,61
1115,1983-07-29,1983-07-29,1.0,moderate(patialwi rivulet),Punjab,0.0,0.0,1983.0,7.0,29.0,3.0,4.0,30,Monsoon,1.0,1,171,1709,No Fatality,0,1,61
1116,1983-08-30,1983-08-30,1.0,"moderate(ghaggar,tangri)",Punjab,0.0,0.0,1983.0,8.0,30.0,3.0,1.0,35,Monsoon,1.0,1,171,1382,No Fatality,0,1,61
1117,1983-07-01,1983-07-07,7.0,heavy rains,Rajasthan,10.0,0.0,1983.0,7.0,1.0,3.0,4.0,26,Monsoon,7.0,1,259,1709,Low,0,1,62
1118,1983-07-26,1983-07-30,5.0,heavy rains,Rajasthan,15.0,0.0,1983.0,7.0,26.0,3.0,1.0,30,Monsoon,5.0,1,259,1709,Medium,1,1,62
1119,1983-09-10,1983-09-10,1.0,heavy rains,Rajasthan,0.0,0.0,1983.0,9.0,10.0,3.0,5.0,36,Monsoon,1.0,1,259,938,No Fatality,0,1,62
1120,1983-09-12,1983-09-13,2.0,severe (flash floods),Sikkim,113.0,0.0,1983.0,9.0,12.0,3.0,0.0,37,Monsoon,2.0,1,64,938,High,1,1,65
1121,1983-09-07,1983-09-14,8.0,"severe(flash flooding in palar,mahakamanta)",Tamil Nadu,3.0,0.0,1983.0,9.0,7.0,3.0,2.0,36,Monsoon,8.0,1,188,938,Low,0,1,66
1122,1983-12-21,1983-12-26,6.0,heavy rains,Tamil Nadu,64.0,0.0,1983.0,12.0,21.0,4.0,2.0,51,Winter,6.0,1,188,71,High,1,0,66
1123,1983-05-03,1983-05-03,1.0,severe (flash flooding),Tripura,12.0,0.0,1983.0,5.0,3.0,2.0,1.0,18,Summer,1.0,1,47,479,Medium,1,0,68
1124,1983-07-04,1983-07-06,3.0,"moderate(manu,khowai)",Tripura,0.0,0.0,1983.0,7.0,4.0,3.0,0.0,27,Monsoon,3.0,1,47,1709,No Fatality,0,1,68
1125,1983-07-22,1983-07-28,7.0,severe(flooding of all major rivers),Tripura,14.0,0.0,1983.0,7.0,22.0,3.0,4.0,29,Monsoon,7.0,1,47,1709,Medium,1,1,68
1126,1983-08-08,1983-08-21,14.0,severe(all the major rivers),Tripura,34.0,0.0,1983.0,8.0,8.0,3.0,0.0,32,Monsoon,14.0,1,47,1382,Medium,1,1,68
1127,1983-07-06,1983-07-06,1.0,heavy rains,Uttar Pradesh,0.0,0.0,1983.0,7.0,6.0,3.0,2.0,27,Monsoon,1.0,1,448,1709,No Fatality,0,1,69
1128,1983-07-22,1983-07-22,1.0,heavy rains,Uttarakhand,37.0,0.0,1983.0,7.0,22.0,3.0,4.0,29,Monsoon,1.0,1,107,1709,Medium,1,1,78
1129,1983-07-26,1983-07-30,5.0,heavy rains,Uttar Pradesh,14.0,0.0,1983.0,7.0,26.0,3.0,1.0,30,Monsoon,5.0,1,448,1709,Medium,1,1,69
1130,1983-07-22,1983-07-28,7.0,moderate(rapti),Uttar Pradesh,0.0,0.0,1983.0,7.0,22.0,3.0,4.0,29,Monsoon,7.0,1,448,1709,No Fatality,0,1,69
1131,1983-08-05,1983-08-31,27.0,"severe (ganga, yamuna,their tributaries)",Uttar Pradesh,118.0,0.0,1983.0,8.0,5.0,3.0,4.0,31,Monsoon,27.0,1,448,1382,High,1,1,69
1132,1983-08-15,1983-08-17,3.0,heavyh rains,Uttar Pradesh,6.0,12.0,1983.0,8.0,15.0,3.0,0.0,33,Monsoon,3.0,1,448,1382,Low,0,1,69
1133,1983-09-09,1983-09-24,16.0,"severe(ganga , yamuna, ken shandrawal, rapti, sarju, gadri,ghagra )",Uttar Pradesh,216.0,0.0,1983.0,9.0,9.0,3.0,4.0,36,Monsoon,16.0,1,448,938,High,1,1,69
1134,1983-10-13,1983-10-15,3.0,"severe (ganga, yamuna,their tributaries)",Uttar Pradesh,42.0,0.0,1983.0,10.0,13.0,4.0,3.0,41,Post-Monsoon,3.0,1,448,501,Medium,1,0,69
1135,1983-07-01,1983-07-07,7.0,"moderate(tiata, torsa, raidak. mansi,dalong)",West Bengal,0.0,1.0,1983.0,7.0,1.0,3.0,4.0,26,Monsoon,7.0,1,330,1709,No Fatality,0,1,79
1136,1983-07-14,1983-07-16,3.0,"moderate( mansi, mechhi,raidak)",West Bengal,0.0,4.0,1983.0,7.0,14.0,3.0,3.0,28,Monsoon,3.0,1,330,1709,No Fatality,0,1,79
1137,1983-09-12,1983-09-14,3.0,moderate (kajihi),West Bengal,13.0,0.0,1983.0,9.0,12.0,3.0,0.0,37,Monsoon,3.0,1,330,938,Medium,1,1,79
1138,1983-09-10,1983-09-14,5.0,heavy rains,Arunachal Pradesh,0.0,0.0,1983.0,9.0,10.0,3.0,5.0,36,Monsoon,5.0,1,150,938,No Fatality,0,1,4
1139,1983-07-04,1983-07-05,2.0,heavy rains,Punjab,0.0,0.0,1983.0,7.0,4.0,3.0,0.0,27,Monsoon,2.0,1,171,1709,No Fatality,0,1,61
1140,1983-08-22,1983-08-27,6.0,heavy rains,Punjab,2.0,3.0,1983.0,8.0,22.0,3.0,0.0,34,Monsoon,6.0,1,171,1382,Low,0,1,61
1141,1983-04-15,1983-04-15,1.0,heavy rains,Delhi,2.0,7.0,1983.0,4.0,15.0,2.0,4.0,15,Summer,1.0,1,43,171,Low,0,0,21
1142,1983-07-26,1983-07-30,5.0,heavy rains,Delhi,1.0,6.0,1983.0,7.0,26.0,3.0,1.0,30,Monsoon,5.0,1,43,1709,Low,0,1,21
1143,1983-06-27,1983-06-27,1.0,heavy rains,"Goa, Daman and Diu",3.0,0.0,1983.0,6.0,27.0,2.0,0.0,26,Monsoon,1.0,1,1,1071,Low,0,1,24
1144,1984-02-13,1984-02-17,5.0,heavy rains,Andhra Pradesh,5.0,0.0,1984.0,2.0,13.0,1.0,0.0,7,Winter,5.0,1,150,66,Low,0,0,1
1145,1984-09-10,1984-09-10,1.0,heavy rains,Andhra Pradesh,0.0,4.0,1984.0,9.0,10.0,3.0,0.0,37,Monsoon,1.0,1,150,938,No Fatality,0,1,1
1146,1984-05-13,1984-05-17,5.0,severe,Assam,4.0,0.0,1984.0,5.0,13.0,2.0,6.0,19,Summer,5.0,1,908,479,Low,0,0,5
1147,1984-06-08,1984-06-14,7.0,severe,Assam,0.0,0.0,1984.0,6.0,8.0,2.0,4.0,23,Monsoon,7.0,1,908,1071,No Fatality,0,1,5
1148,1984-07-08,1984-07-14,7.0,severe,Assam,8.0,3.0,1984.0,7.0,8.0,3.0,6.0,27,Monsoon,7.0,1,908,1709,Low,0,1,5
1149,1984-07-22,1984-07-28,7.0,severe,Assam,28.0,0.0,1984.0,7.0,22.0,3.0,6.0,29,Monsoon,7.0,1,908,1709,Medium,1,1,5
1150,1984-08-22,1984-08-28,7.0,severe,Assam,0.0,0.0,1984.0,8.0,22.0,3.0,2.0,34,Monsoon,7.0,1,908,1382,No Fatality,0,1,5
1151,1984-09-08,1984-09-21,14.0,severe,Assam,43.0,0.0,1984.0,9.0,8.0,3.0,5.0,36,Monsoon,14.0,1,908,938,Medium,1,1,5
1152,1984-06-08,1984-06-14,7.0,severe,Bihar,14.0,0.0,1984.0,6.0,8.0,2.0,4.0,23,Monsoon,7.0,1,149,1071,Medium,1,1,9
1153,1984-07-02,1984-08-07,28.0,severe,Bihar,22.0,0.0,1984.0,7.0,2.0,3.0,0.0,27,Monsoon,37.0,1,149,1709,Medium,1,1,9
1154,1984-08-15,1984-08-28,14.0,severe,Bihar,52.0,0.0,1984.0,8.0,15.0,3.0,2.0,33,Monsoon,14.0,1,149,1382,High,1,1,9
1155,1984-08-20,1984-08-20,1.0,severe,Bihar,0.0,0.0,1984.0,8.0,20.0,3.0,0.0,34,Monsoon,1.0,1,149,1382,No Fatality,0,1,9
1156,1984-09-01,1984-09-07,7.0,severe,Bihar,4.0,0.0,1984.0,9.0,1.0,3.0,5.0,35,Monsoon,7.0,1,149,938,Low,0,1,9
1157,1984-09-08,1984-09-08,1.0,severe,Bihar,45.0,0.0,1984.0,9.0,8.0,3.0,5.0,36,Monsoon,1.0,1,149,938,Medium,1,1,9
1158,1984-09-15,1984-09-28,14.0,severe,Bihar,0.0,0.0,1984.0,9.0,15.0,3.0,5.0,37,Monsoon,14.0,1,149,938,No Fatality,0,1,9
1159,1984-06-15,1984-06-21,7.0,severe,Gujarat,0.0,0.0,1984.0,6.0,15.0,2.0,4.0,24,Monsoon,7.0,1,168,1071,No Fatality,0,1,26
1160,1984-07-01,1984-07-07,7.0,severe,Gujarat,6.0,3.0,1984.0,7.0,1.0,3.0,6.0,26,Monsoon,7.0,1,168,1709,Low,0,1,26
1161,1984-07-08,1984-07-14,7.0,severe,Gujarat,17.0,0.0,1984.0,7.0,8.0,3.0,6.0,27,Monsoon,7.0,1,168,1709,Medium,1,1,26
1162,1984-08-01,1984-08-07,7.0,severe,Gujarat,3.0,3.0,1984.0,8.0,1.0,3.0,2.0,31,Monsoon,7.0,1,168,1382,Low,0,1,26
1163,1984-08-08,1984-08-14,7.0,severe,Gujarat,0.0,0.0,1984.0,8.0,8.0,3.0,2.0,32,Monsoon,7.0,1,168,1382,No Fatality,0,1,26
1164,1984-08-15,1984-08-21,7.0,severe,Gujarat,0.0,0.0,1984.0,8.0,15.0,3.0,2.0,33,Monsoon,7.0,1,168,1382,No Fatality,0,1,26
1165,1984-09-08,1984-09-14,7.0,severe,Gujarat,0.0,0.0,1984.0,9.0,8.0,3.0,5.0,36,Monsoon,7.0,1,168,938,No Fatality,0,1,26
1166,1984-07-17,1984-07-17,1.0,heavy rains,Jammu and Kashmir,0.0,0.0,1984.0,7.0,17.0,3.0,1.0,29,Monsoon,1.0,1,137,1709,No Fatality,0,1,33
1167,1984-08-10,1984-08-10,1.0,cloud burst,Jammu and Kashmir,0.0,0.0,1984.0,8.0,10.0,3.0,4.0,32,Monsoon,1.0,1,137,1382,No Fatality,0,1,33
1168,1984-08-14,1984-08-14,1.0,cloud burst,Jammu and Kashmir,14.0,0.0,1984.0,8.0,14.0,3.0,1.0,33,Monsoon,1.0,1,137,1382,Medium,1,1,33
1169,1984-08-24,1984-08-24,1.0,heavy rains,Jammu and Kashmir,2.0,0.0,1984.0,8.0,24.0,3.0,4.0,34,Monsoon,1.0,1,137,1382,Low,0,1,33
1170,1984-08-27,1984-08-27,1.0,cloud burst,Jammu and Kashmir,0.0,0.0,1984.0,8.0,27.0,3.0,0.0,35,Monsoon,1.0,1,137,1382,No Fatality,0,1,33
1171,1984-08-28,1984-08-28,1.0,cloud burst,Jammu and Kashmir,0.0,0.0,1984.0,8.0,28.0,3.0,1.0,35,Monsoon,1.0,1,137,1382,No Fatality,0,1,33
1172,1984-09-01,1984-09-01,1.0,cloud burst,Jammu and Kashmir,6.0,0.0,1984.0,9.0,1.0,3.0,5.0,35,Monsoon,1.0,1,137,938,Low,0,1,33
1173,1984-06-15,1984-06-15,1.0,severe,Karnataka,1.0,0.0,1984.0,6.0,15.0,2.0,4.0,24,Monsoon,1.0,1,491,1071,Low,0,1,37
1174,1984-06-16,1984-06-16,1.0,heavy rains,Karnataka,0.0,0.0,1984.0,6.0,16.0,2.0,5.0,24,Monsoon,1.0,1,491,1071,No Fatality,0,1,37
1175,1984-07-02,1984-07-03,2.0,heavy rains,Karnataka,15.0,0.0,1984.0,7.0,2.0,3.0,0.0,27,Monsoon,2.0,1,491,1709,Medium,1,1,37
1176,1984-07-08,1984-07-14,7.0,severe,Karnataka,1.0,0.0,1984.0,7.0,8.0,3.0,6.0,27,Monsoon,7.0,1,491,1709,Low,0,1,37
1177,1984-10-01,1984-10-01,1.0,heavy rains,Karnataka,1.0,0.0,1984.0,10.0,1.0,4.0,0.0,40,Post-Monsoon,1.0,1,491,501,Low,0,0,37
1178,1984-04-23,1984-04-23,1.0,severe,Kerala,3.0,0.0,1984.0,4.0,23.0,2.0,0.0,17,Summer,1.0,1,604,171,Low,0,0,39
1179,1984-06-15,1984-06-15,1.0,heavy rains,Kerala,8.0,25.0,1984.0,6.0,15.0,2.0,4.0,24,Monsoon,1.0,1,604,1071,Low,0,1,39
1180,1984-06-16,1984-06-16,1.0,heavy rains,Kerala,4.0,0.0,1984.0,6.0,16.0,2.0,5.0,24,Monsoon,1.0,1,604,1071,Low,0,1,39
1181,1984-06-17,1984-06-17,1.0,heavy rains,Kerala,6.0,4.0,1984.0,6.0,17.0,2.0,6.0,24,Monsoon,1.0,1,604,1071,Low,0,1,39
1182,1984-06-17,1984-06-28,12.0,heavy rains,Kerala,17.0,0.0,1984.0,6.0,17.0,2.0,6.0,24,Monsoon,12.0,1,604,1071,Medium,1,1,39
1183,1984-06-18,1984-06-18,1.0,heavy rains,Kerala,0.0,0.0,1984.0,6.0,18.0,2.0,0.0,25,Monsoon,1.0,1,604,1071,No Fatality,0,1,39
1184,1984-07-01,1984-07-03,3.0,heavy rains,Kerala,16.0,0.0,1984.0,7.0,1.0,3.0,6.0,26,Monsoon,3.0,1,604,1709,Medium,1,1,39
1185,1984-10-05,1984-10-05,1.0,heavy rains,Kerala,2.0,0.0,1984.0,10.0,5.0,4.0,4.0,40,Post-Monsoon,1.0,1,604,501,Low,0,0,39
1186,1984-10-06,1984-10-08,3.0,heavy rains,Kerala,17.0,0.0,1984.0,10.0,6.0,4.0,5.0,40,Post-Monsoon,3.0,1,604,501,Medium,1,0,39
1187,1984-07-23,1984-07-24,2.0,heavy rains,Madhya Pradesh,6.0,0.0,1984.0,7.0,23.0,3.0,0.0,30,Monsoon,2.0,1,238,1709,Low,0,1,43
1188,1984-08-03,1984-08-03,1.0,heavy rains,Madhya Pradesh,0.0,0.0,1984.0,8.0,3.0,3.0,4.0,31,Monsoon,1.0,1,238,1382,No Fatality,0,1,43
1189,1984-08-05,1984-08-05,1.0,heavy rains,Madhya Pradesh,5.0,0.0,1984.0,8.0,5.0,3.0,6.0,31,Monsoon,1.0,1,238,1382,Low,0,1,43
1190,1984-08-11,1984-08-11,1.0,"heavy rains, severe",Madhya Pradesh,12.0,0.0,1984.0,8.0,11.0,3.0,5.0,32,Monsoon,1.0,1,238,1382,Medium,1,1,43
1191,1984-08-12,1984-08-12,1.0,heavy rains,Madhya Pradesh,1.0,1.0,1984.0,8.0,12.0,3.0,6.0,32,Monsoon,1.0,1,238,1382,Low,0,1,43
1192,1984-08-17,1984-08-17,1.0,severe,Madhya Pradesh,103.0,108.0,1984.0,8.0,17.0,3.0,4.0,33,Monsoon,1.0,1,238,1382,High,1,1,43
1193,1984-08-18,1984-08-18,1.0,heavy rains,Madhya Pradesh,4.0,12.0,1984.0,8.0,18.0,3.0,5.0,33,Monsoon,1.0,1,238,1382,Low,0,1,43
1194,1984-08-19,1984-08-19,1.0,heavy rains,Madhya Pradesh,6.0,0.0,1984.0,8.0,19.0,3.0,6.0,33,Monsoon,1.0,1,238,1382,Low,0,1,43
1195,1984-08-20,1984-08-20,1.0,heavy rains,Madhya Pradesh,5.0,0.0,1984.0,8.0,20.0,3.0,0.0,34,Monsoon,1.0,1,238,1382,Low,0,1,43
1196,1984-08-21,1984-08-21,1.0,severe,Madhya Pradesh,6.0,0.0,1984.0,8.0,21.0,3.0,1.0,34,Monsoon,1.0,1,238,1382,Low,0,1,43
1197,1984-08-22,1984-08-22,1.0,heavy rains,Madhya Pradesh,3.0,0.0,1984.0,8.0,22.0,3.0,2.0,34,Monsoon,1.0,1,238,1382,Low,0,1,43
1198,1984-08-27,1984-08-27,1.0,heavy rains,Madhya Pradesh,0.0,0.0,1984.0,8.0,27.0,3.0,0.0,35,Monsoon,1.0,1,238,1382,No Fatality,0,1,43
1199,1984-06-09,1984-06-09,1.0,heavy rains,Maharashtra,12.0,0.0,1984.0,6.0,9.0,2.0,5.0,23,Monsoon,1.0,1,1011,1071,Medium,1,1,47
1200,1984-06-15,1984-06-15,1.0,heavy rains,Maharashtra,0.0,0.0,1984.0,6.0,15.0,2.0,4.0,24,Monsoon,1.0,1,1011,1071,No Fatality,0,1,47
1201,1984-06-30,1984-07-02,3.0,"heavy rains, moderate, severe",Maharashtra,13.0,0.0,1984.0,6.0,30.0,2.0,5.0,26,Monsoon,3.0,1,1011,1071,Medium,1,1,47
1202,1984-07-01,1984-07-04,4.0,heavy rains,Maharashtra,16.0,0.0,1984.0,7.0,1.0,3.0,6.0,26,Monsoon,4.0,1,1011,1709,Medium,1,1,47
1203,1984-07-03,1984-07-04,2.0,heavy rains,Maharashtra,6.0,0.0,1984.0,7.0,3.0,3.0,1.0,27,Monsoon,2.0,1,1011,1709,Low,0,1,47
1204,1984-07-14,1984-07-14,1.0,heavy rains,Maharashtra,3.0,0.0,1984.0,7.0,14.0,3.0,5.0,28,Monsoon,1.0,1,1011,1709,Low,0,1,47
1205,1984-07-17,1984-07-18,2.0,heavy rains,Maharashtra,11.0,0.0,1984.0,7.0,17.0,3.0,1.0,29,Monsoon,2.0,1,1011,1709,Medium,1,1,47
1206,1984-07-17,1984-07-19,3.0,severe,Maharashtra,312.0,0.0,1984.0,7.0,17.0,3.0,1.0,29,Monsoon,3.0,1,1011,1709,High,1,1,47
1207,1984-07-15,1984-07-21,7.0,severe,Maharashtra,12.0,0.0,1984.0,7.0,15.0,3.0,6.0,28,Monsoon,7.0,1,1011,1709,Medium,1,1,47
1208,1984-07-21,1984-07-21,1.0,heavy rains,Maharashtra,0.0,0.0,1984.0,7.0,21.0,3.0,5.0,29,Monsoon,1.0,1,1011,1709,No Fatality,0,1,47
1209,1984-08-02,1984-08-02,1.0,heavy rains,Maharashtra,0.0,0.0,1984.0,8.0,2.0,3.0,3.0,31,Monsoon,1.0,1,1011,1382,No Fatality,0,1,47
1210,1984-08-03,1984-08-03,1.0,heavy rains,Maharashtra,0.0,0.0,1984.0,8.0,3.0,3.0,4.0,31,Monsoon,1.0,1,1011,1382,No Fatality,0,1,47
1211,1984-08-06,1984-08-06,1.0,moderate,Maharashtra,0.0,0.0,1984.0,8.0,6.0,3.0,0.0,32,Monsoon,1.0,1,1011,1382,No Fatality,0,1,47
1212,1984-09-09,1984-09-12,4.0,heavy rains,Maharashtra,1.0,1.0,1984.0,9.0,9.0,3.0,6.0,36,Monsoon,4.0,1,1011,938,Low,0,1,47
1213,1984-09-11,1984-09-11,1.0,heavy rains,Maharashtra,2.0,0.0,1984.0,9.0,11.0,3.0,1.0,37,Monsoon,1.0,1,1011,938,Low,0,1,47
1214,1984-09-12,1984-09-12,1.0,heavy rains,Maharashtra,0.0,1.0,1984.0,9.0,12.0,3.0,2.0,37,Monsoon,1.0,1,1011,938,No Fatality,0,1,47
1215,1984-10-08,1984-10-08,1.0,heavy rains,Maharashtra,1.0,2.0,1984.0,10.0,8.0,4.0,0.0,41,Post-Monsoon,1.0,1,1011,501,Low,0,0,47
1216,1984-06-12,1984-06-13,2.0,heavy rains,Odisha,0.0,0.0,1984.0,6.0,12.0,2.0,1.0,24,Monsoon,2.0,1,144,1071,No Fatality,0,1,55
1217,1984-06-13,1984-06-13,1.0,severe,Odisha,0.0,0.0,1984.0,6.0,13.0,2.0,2.0,24,Monsoon,1.0,1,144,1071,No Fatality,0,1,55
1218,1984-08-08,1984-09-07,31.0,severe,Odisha,27.0,0.0,1984.0,8.0,8.0,3.0,2.0,32,Monsoon,31.0,1,144,1382,Medium,1,1,55
1219,1984-09-01,1984-09-01,1.0,heavy rains,Punjab,0.0,0.0,1984.0,9.0,1.0,3.0,5.0,35,Monsoon,1.0,1,171,938,No Fatality,0,1,61
1220,1984-07-20,1984-07-20,1.0,heavy rains,Rajasthan,14.0,7.0,1984.0,7.0,20.0,3.0,4.0,29,Monsoon,1.0,1,259,1709,Medium,1,1,62
1221,1984-02-16,1984-02-17,2.0,heavy rains,Tamil Nadu,8.0,0.0,1984.0,2.0,16.0,1.0,3.0,7,Winter,2.0,1,188,66,Low,0,0,66
1222,1984-03-04,1984-03-06,3.0,heavy rains,Tamil Nadu,12.0,0.0,1984.0,3.0,4.0,1.0,6.0,9,Summer,3.0,1,188,166,Medium,1,0,66
1223,1984-03-04,1984-03-07,4.0,severe,Tamil Nadu,0.0,0.0,1984.0,3.0,4.0,1.0,6.0,9,Summer,4.0,1,188,166,No Fatality,0,0,66
1224,1984-03-06,1984-03-06,1.0,heavy rains,Tamil Nadu,3.0,40.0,1984.0,3.0,6.0,1.0,1.0,10,Summer,1.0,1,188,166,Low,0,0,66
1225,1984-04-30,1984-04-30,1.0,heavy rains,Tamil Nadu,4.0,49.0,1984.0,4.0,30.0,2.0,0.0,18,Summer,1.0,1,188,171,Low,0,0,66
1226,1984-10-03,1984-10-04,2.0,severe,Tamil Nadu,9.0,0.0,1984.0,10.0,3.0,4.0,2.0,40,Post-Monsoon,2.0,1,188,501,Low,0,0,66
1227,1984-05-13,1984-05-17,5.0,severe,Tripura,26.0,0.0,1984.0,5.0,13.0,2.0,6.0,19,Summer,5.0,1,47,479,Medium,1,0,68
1228,1984-06-16,1984-06-18,3.0,severe,Tripura,32.0,0.0,1984.0,6.0,16.0,2.0,5.0,24,Monsoon,3.0,1,47,1071,Medium,1,1,68
1229,1984-06-19,1984-06-26,8.0,severe,Uttar Pradesh,9.0,0.0,1984.0,6.0,19.0,2.0,1.0,25,Monsoon,8.0,1,448,1071,Low,0,1,69
1230,1984-06-29,1984-06-29,1.0,heavy rains,Uttarakhand,6.0,0.0,1984.0,6.0,29.0,2.0,4.0,26,Monsoon,1.0,1,107,1071,Low,0,1,78
1231,1984-07-02,1984-07-02,1.0,heavy rains,Uttarakhand,9.0,0.0,1984.0,7.0,2.0,3.0,0.0,27,Monsoon,1.0,1,107,1709,Low,0,1,78
1232,1984-07-11,1984-07-11,1.0,severe,Uttar Pradesh,0.0,0.0,1984.0,7.0,11.0,3.0,2.0,28,Monsoon,1.0,1,448,1709,No Fatality,0,1,69
1233,1984-07-30,1984-07-30,1.0,heavy rains,Uttarakhand,8.0,0.0,1984.0,7.0,30.0,3.0,0.0,31,Monsoon,1.0,1,107,1709,Low,0,1,78
1234,1984-07-22,1984-07-28,7.0,severe,Uttar Pradesh,91.0,0.0,1984.0,7.0,22.0,3.0,6.0,29,Monsoon,7.0,1,448,1709,High,1,1,69
1235,1984-08-01,1984-08-21,21.0,severe,Uttar Pradesh,9.0,0.0,1984.0,8.0,1.0,3.0,2.0,31,Monsoon,21.0,1,448,1382,Low,0,1,69
1236,1984-08-31,1984-08-31,1.0,heavy rains,Uttar Pradesh,13.0,0.0,1984.0,8.0,31.0,3.0,4.0,35,Monsoon,1.0,1,448,1382,Medium,1,1,69
1237,1984-09-05,1984-09-11,7.0,severe,Uttar Pradesh,33.0,0.0,1984.0,9.0,5.0,3.0,2.0,36,Monsoon,7.0,1,448,938,Medium,1,1,69
1238,1984-09-08,1984-09-08,1.0,heavy rains,Uttar Pradesh,0.0,0.0,1984.0,9.0,8.0,3.0,5.0,36,Monsoon,1.0,1,448,938,No Fatality,0,1,69
1239,1984-06-03,1984-06-06,4.0,heavy rains,West Bengal,19.0,10.0,1984.0,6.0,3.0,2.0,6.0,22,Monsoon,4.0,1,330,1071,Medium,1,1,79
1240,1984-06-08,1984-06-28,21.0,severe,West Bengal,61.0,0.0,1984.0,6.0,8.0,2.0,4.0,23,Monsoon,21.0,1,330,1071,High,1,1,79
1241,1984-07-08,1984-07-08,1.0,heavy rains,West Bengal,0.0,0.0,1984.0,7.0,8.0,3.0,6.0,27,Monsoon,1.0,1,330,1709,No Fatality,0,1,79
1242,1984-07-09,1984-07-09,1.0,heavy rains,West Bengal,0.0,0.0,1984.0,7.0,9.0,3.0,0.0,28,Monsoon,1.0,1,330,1709,No Fatality,0,1,79
1243,1984-07-08,1984-07-21,14.0,severe,West Bengal,0.0,0.0,1984.0,7.0,8.0,3.0,6.0,27,Monsoon,14.0,1,330,1709,No Fatality,0,1,79
1244,1984-07-22,1984-07-28,7.0,"heavy rains, severe",West Bengal,0.0,0.0,1984.0,7.0,22.0,3.0,6.0,29,Monsoon,7.0,1,330,1709,No Fatality,0,1,79
1245,1984-08-01,1984-09-07,38.0,severe,West Bengal,19.0,0.0,1984.0,8.0,1.0,3.0,2.0,31,Monsoon,38.0,1,330,1382,Medium,1,1,79
1246,1984-09-08,1984-09-14,7.0,severe,West Bengal,1.0,0.0,1984.0,9.0,8.0,3.0,5.0,36,Monsoon,7.0,1,330,938,Low,0,1,79
1247,1984-08-23,1984-08-23,1.0,heavy rains,Delhi,1.0,16.0,1984.0,8.0,23.0,3.0,3.0,34,Monsoon,1.0,1,43,1382,Low,0,1,21
1248,1984-09-01,1984-09-01,1.0,heavy rains,Delhi,3.0,3.0,1984.0,9.0,1.0,3.0,5.0,35,Monsoon,1.0,1,43,938,Low,0,1,21
1249,1984-07-01,1984-07-02,2.0,heavy rains,"Goa, Daman,Diu",0.0,0.0,1984.0,7.0,1.0,3.0,6.0,26,Monsoon,2.0,1,2,1709,No Fatality,0,1,25
1250,1984-08-01,1984-08-02,2.0,heavy rains,"Goa, Daman,Diu",0.0,0.0,1984.0,8.0,1.0,3.0,2.0,31,Monsoon,2.0,1,2,1382,No Fatality,0,1,25
1251,1985-10-05,1985-10-05,1.0,heavy rains,Andhra Pradesh,1.0,0.0,1985.0,10.0,5.0,4.0,5.0,40,Post-Monsoon,1.0,1,150,501,Low,0,0,1
1252,1985-11-11,1985-11-12,2.0,heavy rains,Andhra Pradesh,6.0,0.0,1985.0,11.0,11.0,4.0,0.0,46,Post-Monsoon,2.0,1,150,194,Low,0,0,1
1253,1985-06-01,1985-06-14,14.0,severe,Assam,6.0,0.0,1985.0,6.0,1.0,2.0,5.0,22,Monsoon,14.0,1,908,1071,Low,0,1,5
1254,1985-07-01,1985-07-31,31.0,severe,Assam,15.0,0.0,1985.0,7.0,1.0,3.0,0.0,27,Monsoon,31.0,1,908,1709,Medium,1,1,5
1255,1985-07-02,1985-07-03,2.0,flash floods,Assam,3.0,0.0,1985.0,7.0,2.0,3.0,1.0,27,Monsoon,2.0,1,908,1709,Low,0,1,5
1256,1985-07-03,1985-07-03,1.0,severe,Bihar,7.0,0.0,1985.0,7.0,3.0,3.0,2.0,27,Monsoon,1.0,1,149,1709,Low,0,1,9
1257,1985-07-14,1985-07-14,1.0,heavy rains,Bihar,0.0,5.0,1985.0,7.0,14.0,3.0,6.0,28,Monsoon,1.0,1,149,1709,No Fatality,0,1,9
1258,1985-07-15,1985-07-21,7.0,severe,Bihar,0.0,0.0,1985.0,7.0,15.0,3.0,0.0,29,Monsoon,7.0,1,149,1709,No Fatality,0,1,9
1259,1985-07-22,1985-08-31,41.0,severe,Bihar,15.0,0.0,1985.0,7.0,22.0,3.0,0.0,30,Monsoon,41.0,1,149,1709,Medium,1,1,9
1260,1985-09-08,1985-09-28,21.0,severe,Bihar,40.0,0.0,1985.0,9.0,8.0,3.0,6.0,36,Monsoon,21.0,1,149,938,Medium,1,1,9
1261,1985-10-06,1985-10-06,1.0,severe,Bihar,0.0,0.0,1985.0,10.0,6.0,4.0,6.0,40,Post-Monsoon,1.0,1,149,501,No Fatality,0,0,9
1262,1985-10-17,1985-10-17,1.0,flash floods,Bihar,0.0,0.0,1985.0,10.0,17.0,4.0,3.0,42,Post-Monsoon,1.0,1,149,501,No Fatality,0,0,9
1263,1985-10-15,1985-10-21,7.0,severe,Bihar,0.0,0.0,1985.0,10.0,15.0,4.0,1.0,42,Post-Monsoon,7.0,1,149,501,No Fatality,0,0,9
1264,1985-08-06,1985-08-08,3.0,heavy rains,Gujarat,11.0,0.0,1985.0,8.0,6.0,3.0,1.0,32,Monsoon,3.0,1,168,1382,Medium,1,1,26
1265,1985-08-05,1985-08-16,12.0,severe,Haryana,21.0,0.0,1985.0,8.0,5.0,3.0,0.0,32,Monsoon,12.0,1,60,1382,Medium,1,1,27
1266,1985-07-14,1985-07-16,3.0,heavy rains,Himachal Pradesh,0.0,0.0,1985.0,7.0,14.0,3.0,6.0,28,Monsoon,3.0,1,362,1709,No Fatality,0,1,29
1267,1985-08-05,1985-08-05,1.0,heavy rains,Himachal Pradesh,2.0,0.0,1985.0,8.0,5.0,3.0,0.0,32,Monsoon,1.0,1,362,1382,Low,0,1,29
1268,1985-08-06,1985-08-07,2.0,heavy rains,Himachal Pradesh,0.0,0.0,1985.0,8.0,6.0,3.0,1.0,32,Monsoon,2.0,1,362,1382,No Fatality,0,1,29
1269,1985-08-11,1985-08-11,1.0,heavy rains,Himachal Pradesh,0.0,0.0,1985.0,8.0,11.0,3.0,6.0,32,Monsoon,1.0,1,362,1382,No Fatality,0,1,29
1270,1985-08-13,1985-08-14,2.0,heavy rains,Himachal Pradesh,2.0,0.0,1985.0,8.0,13.0,3.0,1.0,33,Monsoon,2.0,1,362,1382,Low,0,1,29
1271,1985-08-22,1985-08-22,1.0,heavy rains,Himachal Pradesh,3.0,0.0,1985.0,8.0,22.0,3.0,3.0,34,Monsoon,1.0,1,362,1382,Low,0,1,29
1272,1985-08-24,1985-08-24,1.0,moderate,Himachal Pradesh,4.0,0.0,1985.0,8.0,24.0,3.0,5.0,34,Monsoon,1.0,1,362,1382,Low,0,1,29
1273,1985-07-18,1985-07-18,1.0,heavy rains,Jammu and Kashmir,8.0,50.0,1985.0,7.0,18.0,3.0,3.0,29,Monsoon,1.0,1,137,1709,Low,0,1,33
1274,1985-07-22,1985-07-22,1.0,heavy rains,Jammu and Kashmir,7.0,0.0,1985.0,7.0,22.0,3.0,0.0,30,Monsoon,1.0,1,137,1709,Low,0,1,33
1275,1985-07-24,1985-07-24,1.0,cloud burst,Jammu and Kashmir,0.0,0.0,1985.0,7.0,24.0,3.0,2.0,30,Monsoon,1.0,1,137,1709,No Fatality,0,1,33
1276,1985-08-04,1985-08-04,1.0,cloud burst,Jammu and Kashmir,5.0,0.0,1985.0,8.0,4.0,3.0,6.0,31,Monsoon,1.0,1,137,1382,Low,0,1,33
1277,1985-05-12,1985-05-12,1.0,heavy rains,Karnataka,5.0,17.0,1985.0,5.0,12.0,2.0,6.0,19,Summer,1.0,1,491,479,Low,0,0,37
1278,1985-09-28,1985-09-28,1.0,flash floods,Karnataka,5.0,0.0,1985.0,9.0,28.0,3.0,5.0,39,Monsoon,1.0,1,491,938,Low,0,1,37
1279,1985-06-15,1985-06-15,1.0,heavy rains,Kerala,2.0,0.0,1985.0,6.0,15.0,2.0,5.0,24,Monsoon,1.0,1,604,1071,Low,0,1,39
1280,1985-06-24,1985-06-28,5.0,heavy rains,Kerala,28.0,0.0,1985.0,6.0,24.0,2.0,0.0,26,Monsoon,5.0,1,604,1071,Medium,1,1,39
1281,1985-06-25,1985-06-29,5.0,heavy rains,Kerala,16.0,0.0,1985.0,6.0,25.0,2.0,1.0,26,Monsoon,5.0,1,604,1071,Medium,1,1,39
1282,1985-07-14,1985-07-14,1.0,heavy rains,Kerala,0.0,0.0,1985.0,7.0,14.0,3.0,6.0,28,Monsoon,1.0,1,604,1709,No Fatality,0,1,39
1283,1985-05-24,1985-05-24,1.0,heavy rains,Madhya Pradesh,1.0,0.0,1985.0,5.0,24.0,2.0,4.0,21,Summer,1.0,1,238,479,Low,0,0,43
1284,1985-08-04,1985-08-05,2.0,severe,Madhya Pradesh,0.0,0.0,1985.0,8.0,4.0,3.0,6.0,31,Monsoon,2.0,1,238,1382,No Fatality,0,1,43
1285,1985-08-06,1985-08-10,5.0,heavy rains,Madhya Pradesh,0.0,0.0,1985.0,8.0,6.0,3.0,1.0,32,Monsoon,5.0,1,238,1382,No Fatality,0,1,43
1286,1985-08-06,1985-08-09,4.0,heavy rains,Madhya Pradesh,0.0,0.0,1985.0,8.0,6.0,3.0,1.0,32,Monsoon,4.0,1,238,1382,No Fatality,0,1,43
1287,1985-08-07,1985-08-08,2.0,heavy rains,Madhya Pradesh,3.0,0.0,1985.0,8.0,7.0,3.0,2.0,32,Monsoon,2.0,1,238,1382,Low,0,1,43
1288,1985-08-17,1985-08-18,2.0,heavy rains,Madhya Pradesh,0.0,0.0,1985.0,8.0,17.0,3.0,5.0,33,Monsoon,2.0,1,238,1382,No Fatality,0,1,43
1289,1985-08-22,1985-08-22,1.0,heavy rains,Madhya Pradesh,0.0,0.0,1985.0,8.0,22.0,3.0,3.0,34,Monsoon,1.0,1,238,1382,No Fatality,0,1,43
1290,1985-09-13,1985-09-13,1.0,heavy rains,Madhya Pradesh,0.0,0.0,1985.0,9.0,13.0,3.0,4.0,37,Monsoon,1.0,1,238,938,No Fatality,0,1,43
1291,1985-06-04,1985-06-04,1.0,heavy rains,Maharashtra,4.0,0.0,1985.0,6.0,4.0,2.0,1.0,23,Monsoon,1.0,1,1011,1071,Low,0,1,47
1292,1985-06-11,1985-06-11,1.0,heavy rains,Maharashtra,0.0,0.0,1985.0,6.0,11.0,2.0,1.0,24,Monsoon,1.0,1,1011,1071,No Fatality,0,1,47
1293,1985-06-13,1985-06-13,1.0,heavy rains,Maharashtra,12.0,0.0,1985.0,6.0,13.0,2.0,3.0,24,Monsoon,1.0,1,1011,1071,Medium,1,1,47
1294,1985-06-16,1985-06-16,1.0,"heavy rains, flash flood",Maharashtra,9.0,17.0,1985.0,6.0,16.0,2.0,6.0,24,Monsoon,1.0,1,1011,1071,Low,0,1,47
1295,1985-06-25,1985-06-25,1.0,heavy rains,Maharashtra,24.0,33.0,1985.0,6.0,25.0,2.0,1.0,26,Monsoon,1.0,1,1011,1071,Medium,1,1,47
1296,1985-07-17,1985-07-17,1.0,heavy rains,Maharashtra,1.0,2.0,1985.0,7.0,17.0,3.0,2.0,29,Monsoon,1.0,1,1011,1709,Low,0,1,47
1297,1985-07-22,1985-08-07,17.0,flash floods,Maharashtra,6.0,4.0,1985.0,7.0,22.0,3.0,0.0,30,Monsoon,17.0,1,1011,1709,Low,0,1,47
1298,1985-08-12,1985-08-12,1.0,heavy rains,Maharashtra,0.0,8.0,1985.0,8.0,12.0,3.0,0.0,33,Monsoon,1.0,1,1011,1382,No Fatality,0,1,47
1299,1985-05-22,1985-06-07,17.0,severe,Manipur,0.0,0.0,1985.0,5.0,22.0,2.0,2.0,21,Summer,17.0,1,20,479,No Fatality,0,0,50
1300,1985-07-27,1985-07-30,4.0,severe,Meghalaya,30.0,0.0,1985.0,7.0,27.0,3.0,5.0,30,Monsoon,4.0,1,57,1709,Medium,1,1,51
1301,1985-08-01,1985-08-07,7.0,severe,Odisha,0.0,0.0,1985.0,8.0,1.0,3.0,3.0,31,Monsoon,7.0,1,144,1382,No Fatality,0,1,55
1302,1985-09-10,1985-09-10,1.0,severe,Odisha,0.0,0.0,1985.0,9.0,10.0,3.0,1.0,37,Monsoon,1.0,1,144,938,No Fatality,0,1,55
1303,1985-07-18,1985-07-25,8.0,severe,Punjab,70.0,0.0,1985.0,7.0,18.0,3.0,3.0,29,Monsoon,8.0,1,171,1709,High,1,1,61
1304,1985-07-29,1985-07-30,2.0,heavy rains,Punjab,0.0,0.0,1985.0,7.0,29.0,3.0,0.0,31,Monsoon,2.0,1,171,1709,No Fatality,0,1,61
1305,1985-08-05,1985-08-16,12.0,severe,Punjab,23.0,0.0,1985.0,8.0,5.0,3.0,0.0,32,Monsoon,12.0,1,171,1382,Medium,1,1,61
1306,1985-12-16,1985-12-16,1.0,heavy rains,Rajasthan,6.0,0.0,1985.0,12.0,16.0,4.0,0.0,51,Winter,1.0,1,259,71,Low,0,0,62
1307,1985-11-01,1985-11-14,14.0,severe,Tamil Nadu,80.0,0.0,1985.0,11.0,1.0,4.0,4.0,44,Post-Monsoon,14.0,1,188,194,High,1,0,66
1308,1985-05-22,1985-05-28,7.0,severe,Tripura,10.0,4.0,1985.0,5.0,22.0,2.0,2.0,21,Summer,7.0,1,47,479,Low,0,0,68
1309,1985-06-08,1985-06-14,7.0,severe,Tripura,0.0,0.0,1985.0,6.0,8.0,2.0,5.0,23,Monsoon,7.0,1,47,1071,No Fatality,0,1,68
1310,1985-07-22,1985-07-28,7.0,flash floods,Uttarakhand,12.0,0.0,1985.0,7.0,22.0,3.0,0.0,30,Monsoon,7.0,1,107,1709,Medium,1,1,78
1311,1985-08-08,1985-08-21,14.0,severe,"Uttar Pradesh, Uttarakhand",24.0,7.0,1985.0,8.0,8.0,3.0,3.0,32,Monsoon,14.0,1,13,1382,Medium,1,1,76
1312,1985-09-08,1985-09-28,21.0,severe,Uttar Pradesh,220.0,0.0,1985.0,9.0,8.0,3.0,6.0,36,Monsoon,21.0,1,448,938,High,1,1,69
1313,1985-10-09,1985-10-10,2.0,heavy rains,Uttar Pradesh,7.0,0.0,1985.0,10.0,9.0,4.0,2.0,41,Post-Monsoon,2.0,1,448,501,Low,0,0,69
1314,1985-10-10,1985-10-11,2.0,heavy rains,Uttar Pradesh,16.0,0.0,1985.0,10.0,10.0,4.0,3.0,41,Post-Monsoon,2.0,1,448,501,Medium,1,0,69
1315,1985-10-15,1985-10-21,7.0,heavy rains,Uttar Pradesh,6.0,0.0,1985.0,10.0,15.0,4.0,1.0,42,Post-Monsoon,7.0,1,448,501,Low,0,0,69
1316,1985-10-22,1985-10-28,7.0,heavy rains,Uttarakhand,0.0,0.0,1985.0,10.0,22.0,4.0,1.0,43,Post-Monsoon,7.0,1,107,501,No Fatality,0,0,78
1317,1985-07-22,1985-07-28,7.0,severe,West Bengal,0.0,0.0,1985.0,7.0,22.0,3.0,0.0,30,Monsoon,7.0,1,330,1709,No Fatality,0,1,79
1318,1985-08-04,1985-08-04,1.0,heavy rains,West Bengal,0.0,0.0,1985.0,8.0,4.0,3.0,6.0,31,Monsoon,1.0,1,330,1382,No Fatality,0,1,79
1319,1985-07-22,1985-07-28,7.0,heavy rains,Arunachal Pradesh,0.0,0.0,1985.0,7.0,22.0,3.0,0.0,30,Monsoon,7.0,1,150,1709,No Fatality,0,1,4
1320,1985-07-08,1985-07-14,7.0,moderate,Arunachal Pradesh,1.0,0.0,1985.0,7.0,8.0,3.0,0.0,28,Monsoon,7.0,1,150,1709,Low,0,1,4
1321,1985-08-23,1985-08-24,2.0,heavy rains,Arunachal Pradesh,0.0,0.0,1985.0,8.0,23.0,3.0,4.0,34,Monsoon,2.0,1,150,1382,No Fatality,0,1,4
1322,1985-07-11,1985-07-11,1.0,heavy rains,Delhi,2.0,0.0,1985.0,7.0,11.0,3.0,3.0,28,Monsoon,1.0,1,43,1709,Low,0,1,21
1323,1985-07-25,1985-07-25,1.0,heavy rains,Delhi,0.0,0.0,1985.0,7.0,25.0,3.0,3.0,30,Monsoon,1.0,1,43,1709,No Fatality,0,1,21
1324,1985-11-01,1985-11-14,14.0,heavy rains,Puducherry,0.0,0.0,1985.0,11.0,1.0,4.0,4.0,44,Post-Monsoon,14.0,1,6,194,No Fatality,0,0,60
1325,1986-01-13,1986-01-15,3.0,heavy rains,Andhra Pradesh,9.0,0.0,1986.0,1.0,13.0,1.0,0.0,3,Winter,3.0,1,150,108,Low,0,0,1
1326,1986-01-17,1986-01-17,1.0,heavy rains,Andhra Pradesh,3.0,0.0,1986.0,1.0,17.0,1.0,4.0,3,Winter,1.0,1,150,108,Low,0,0,1
1327,1986-02-10,1986-02-10,1.0,heavy rains,Andhra Pradesh,0.0,0.0,1986.0,2.0,10.0,1.0,0.0,7,Winter,1.0,1,150,66,No Fatality,0,0,1
1328,1986-06-16,1986-06-16,1.0,heavy rains,Andhra Pradesh,1.0,0.0,1986.0,6.0,16.0,2.0,0.0,25,Monsoon,1.0,1,150,1071,Low,0,1,1
1329,1986-07-25,1986-07-25,1.0,heavy rains,Andhra Pradesh,1.0,0.0,1986.0,7.0,25.0,3.0,4.0,30,Monsoon,1.0,1,150,1709,Low,0,1,1
1330,1986-08-11,1986-08-12,2.0,flash floods,Andhra Pradesh,18.0,0.0,1986.0,8.0,11.0,3.0,0.0,33,Monsoon,2.0,1,150,1382,Medium,1,1,1
1331,1986-08-14,1986-08-20,7.0,severe,Andhra Pradesh,262.0,0.0,1986.0,8.0,14.0,3.0,3.0,33,Monsoon,7.0,1,150,1382,High,1,1,1
1332,1986-10-22,1986-10-28,7.0,severe,Andhra Pradesh,2.0,0.0,1986.0,10.0,22.0,4.0,2.0,43,Post-Monsoon,7.0,1,150,501,Low,0,0,1
1333,1986-09-08,1986-09-14,7.0,severe,Arunachal Pradesh,0.0,0.0,1986.0,9.0,8.0,3.0,0.0,37,Monsoon,7.0,1,150,938,No Fatality,0,1,4
1334,1986-06-22,1986-06-28,7.0,severe,Assam,1.0,0.0,1986.0,6.0,22.0,2.0,6.0,25,Monsoon,7.0,1,908,1071,Low,0,1,5
1335,1986-07-22,1986-07-28,7.0,severe,Assam,0.0,0.0,1986.0,7.0,22.0,3.0,1.0,30,Monsoon,7.0,1,908,1709,No Fatality,0,1,5
1336,1986-09-15,1986-09-28,14.0,severe,Assam,0.0,0.0,1986.0,9.0,15.0,3.0,0.0,38,Monsoon,14.0,1,908,938,No Fatality,0,1,5
1337,1986-10-01,1986-10-14,14.0,severe,Assam,20.0,0.0,1986.0,10.0,1.0,4.0,2.0,40,Post-Monsoon,14.0,1,908,501,Medium,1,0,5
1338,1986-06-22,1986-06-28,7.0,severe,Bihar,3.0,0.0,1986.0,6.0,22.0,2.0,6.0,25,Monsoon,7.0,1,149,1071,Low,0,1,9
1339,1986-07-22,1986-08-31,41.0,severe,Bihar,110.0,0.0,1986.0,7.0,22.0,3.0,1.0,30,Monsoon,41.0,1,149,1709,High,1,1,9
1340,1986-09-08,1986-09-14,7.0,severe,Bihar,0.0,0.0,1986.0,9.0,8.0,3.0,0.0,37,Monsoon,7.0,1,149,938,No Fatality,0,1,9
1341,1986-06-15,1986-06-28,14.0,severe,Gujarat,23.0,0.0,1986.0,6.0,15.0,2.0,6.0,24,Monsoon,14.0,1,168,1071,Medium,1,1,26
1342,1986-07-22,1986-07-28,7.0,severe,Gujarat,0.0,0.0,1986.0,7.0,22.0,3.0,1.0,30,Monsoon,7.0,1,168,1709,No Fatality,0,1,26
1343,1986-08-02,1986-08-02,1.0,heavy rains,Gujarat,6.0,0.0,1986.0,8.0,2.0,3.0,5.0,31,Monsoon,1.0,1,168,1382,Low,0,1,26
1344,1986-08-08,1986-08-14,7.0,severe,Gujarat,25.0,50.0,1986.0,8.0,8.0,3.0,4.0,32,Monsoon,7.0,1,168,1382,Medium,1,1,26
1345,1986-07-01,1986-07-03,3.0,heavy rains,Haryana,1.0,0.0,1986.0,7.0,1.0,3.0,1.0,27,Monsoon,3.0,1,60,1709,Low,0,1,27
1346,1986-08-24,1986-08-27,3.0,heavy rains,Haryana,0.0,0.0,1986.0,8.0,24.0,3.0,6.0,34,Monsoon,4.0,1,60,1382,No Fatality,0,1,27
1347,1986-04-26,1986-04-26,1.0,incessant rains,Himachal Pradesh,3.0,0.0,1986.0,4.0,26.0,2.0,5.0,17,Summer,1.0,1,362,171,Low,0,0,29
1348,1986-07-24,1986-07-31,8.0,heavy rains,Himachal Pradesh,0.0,0.0,1986.0,7.0,24.0,3.0,3.0,30,Monsoon,8.0,1,362,1709,No Fatality,0,1,29
1349,1986-08-01,1986-08-07,7.0,heavy rains,Himachal Pradesh,3.0,0.0,1986.0,8.0,1.0,3.0,4.0,31,Monsoon,7.0,1,362,1382,Low,0,1,29
1350,1986-03-19,1986-03-19,1.0,heavy rains,Jammu and Kashmir,0.0,0.0,1986.0,3.0,19.0,1.0,2.0,12,Summer,1.0,1,137,166,No Fatality,0,0,33
1351,1986-04-24,1986-04-25,2.0,heavy rains,Jammu and Kashmir,9.0,0.0,1986.0,4.0,24.0,2.0,3.0,17,Summer,2.0,1,137,171,Low,0,0,33
1352,1986-07-15,1986-07-28,14.0,severe,Jammu and Kashmir,9.0,0.0,1986.0,7.0,15.0,3.0,1.0,29,Monsoon,14.0,1,137,1709,Low,0,1,33
1353,1986-08-01,1986-08-01,1.0,heavy rains,Jammu and Kashmir,5.0,0.0,1986.0,8.0,1.0,3.0,4.0,31,Monsoon,1.0,1,137,1382,Low,0,1,33
1354,1986-08-03,1986-08-03,1.0,heavy rains,Jammu and Kashmir,11.0,0.0,1986.0,8.0,3.0,3.0,6.0,31,Monsoon,1.0,1,137,1382,Medium,1,1,33
1355,1986-08-04,1986-08-04,1.0,heavy rains,Jammu and Kashmir,10.0,0.0,1986.0,8.0,4.0,3.0,0.0,32,Monsoon,1.0,1,137,1382,Low,0,1,33
1356,1986-08-05,1986-08-05,1.0,heavy rains,Jammu and Kashmir,2.0,0.0,1986.0,8.0,5.0,3.0,1.0,32,Monsoon,1.0,1,137,1382,Low,0,1,33
1357,1986-08-25,1986-08-25,1.0,heavy rains,Jammu and Kashmir,0.0,0.0,1986.0,8.0,25.0,3.0,0.0,35,Monsoon,1.0,1,137,1382,No Fatality,0,1,33
1358,1986-05-31,1986-05-31,1.0,flash floods,Karnataka,19.0,0.0,1986.0,5.0,31.0,2.0,5.0,22,Summer,1.0,1,491,479,Medium,1,0,37
1359,1986-06-03,1986-06-03,1.0,heay rains,Karnataka,2.0,0.0,1986.0,6.0,3.0,2.0,1.0,23,Monsoon,1.0,1,491,1071,Low,0,1,37
1360,1986-08-01,1986-08-14,14.0,severe,Karnataka,9.0,0.0,1986.0,8.0,1.0,3.0,4.0,31,Monsoon,14.0,1,491,1382,Low,0,1,37
1361,1986-09-17,1986-09-17,1.0,heavy rains,Karnataka,4.0,0.0,1986.0,9.0,17.0,3.0,2.0,38,Monsoon,1.0,1,491,938,Low,0,1,37
1362,1986-09-22,1986-09-22,1.0,heavy rains,Karnataka,1.0,0.0,1986.0,9.0,22.0,3.0,0.0,39,Monsoon,1.0,1,491,938,Low,0,1,37
1363,1986-05-04,1986-05-04,1.0,heavy rains,Kerala,0.0,0.0,1986.0,5.0,4.0,2.0,6.0,18,Summer,1.0,1,604,479,No Fatality,0,0,39
1364,1986-03-12,1986-03-12,1.0,heavy rains,Kerala,3.0,0.0,1986.0,3.0,12.0,1.0,2.0,11,Summer,1.0,1,604,166,Low,0,0,39
1365,1986-06-18,1986-06-18,1.0,heavy rains,Kerala,1.0,40.0,1986.0,6.0,18.0,2.0,2.0,25,Monsoon,1.0,1,604,1071,Low,0,1,39
1366,1986-06-24,1986-06-24,1.0,heavy rains,Kerala,3.0,0.0,1986.0,6.0,24.0,2.0,1.0,26,Monsoon,1.0,1,604,1071,Low,0,1,39
1367,1986-08-01,1986-08-14,14.0,severe,Kerala,28.0,100.0,1986.0,8.0,1.0,3.0,4.0,31,Monsoon,14.0,1,604,1382,Medium,1,1,39
1368,1986-07-06,1986-07-06,1.0,heavy rains,Chhattisgarh,0.0,0.0,1986.0,7.0,6.0,3.0,6.0,27,Monsoon,1.0,1,52,1709,No Fatality,0,1,17
1369,1986-07-15,1986-07-28,14.0,severe,Madhya Pradesh,19.0,0.0,1986.0,7.0,15.0,3.0,1.0,29,Monsoon,14.0,1,238,1709,Medium,1,1,43
1370,1986-08-08,1986-08-21,14.0,severe,Madhya Pradesh,18.0,0.0,1986.0,8.0,8.0,3.0,4.0,32,Monsoon,14.0,1,238,1382,Medium,1,1,43
1371,1986-06-04,1986-06-09,6.0,heavy rains,Maharashtra,14.0,0.0,1986.0,6.0,4.0,2.0,2.0,23,Monsoon,6.0,1,1011,1071,Medium,1,1,47
1372,1986-06-08,1986-06-08,1.0,heavy rains,Maharashtra,17.0,0.0,1986.0,6.0,8.0,2.0,6.0,23,Monsoon,1.0,1,1011,1071,Medium,1,1,47
1373,1986-06-11,1986-06-11,1.0,heavy rains,Maharashtra,0.0,0.0,1986.0,6.0,11.0,2.0,2.0,24,Monsoon,1.0,1,1011,1071,No Fatality,0,1,47
1374,1986-06-13,1986-06-13,1.0,heavy rains,Maharashtra,1.0,11.0,1986.0,6.0,13.0,2.0,4.0,24,Monsoon,1.0,1,1011,1071,Low,0,1,47
1375,1986-06-15,1986-06-21,7.0,heavy rains,Maharashtra,9.0,60.0,1986.0,6.0,15.0,2.0,6.0,24,Monsoon,7.0,1,1011,1071,Low,0,1,47
1376,1986-06-19,1986-06-19,1.0,heavy rains,Maharashtra,0.0,0.0,1986.0,6.0,19.0,2.0,3.0,25,Monsoon,1.0,1,1011,1071,No Fatality,0,1,47
1377,1986-06-20,1986-06-20,1.0,heavy rains,Maharashtra,1.0,0.0,1986.0,6.0,20.0,2.0,4.0,25,Monsoon,1.0,1,1011,1071,Low,0,1,47
1378,1986-06-21,1986-06-21,1.0,heavy rains,Maharashtra,1.0,0.0,1986.0,6.0,21.0,2.0,5.0,25,Monsoon,1.0,1,1011,1071,Low,0,1,47
1379,1986-06-24,1986-06-24,1.0,heavy rains,Maharashtra,1.0,0.0,1986.0,6.0,24.0,2.0,1.0,26,Monsoon,1.0,1,1011,1071,Low,0,1,47
1380,1986-06-28,1986-06-28,1.0,heavy rains,Maharashtra,4.0,0.0,1986.0,6.0,28.0,2.0,5.0,26,Monsoon,1.0,1,1011,1071,Low,0,1,47
1381,1986-06-29,1986-06-29,1.0,severe,Maharashtra,1.0,0.0,1986.0,6.0,29.0,2.0,6.0,26,Monsoon,1.0,1,1011,1071,Low,0,1,47
1382,1986-07-15,1986-07-16,2.0,heavy rains,Maharashtra,0.0,0.0,1986.0,7.0,15.0,3.0,1.0,29,Monsoon,2.0,1,1011,1709,No Fatality,0,1,47
1383,1986-07-17,1986-07-17,1.0,heavy rains,Maharashtra,3.0,0.0,1986.0,7.0,17.0,3.0,3.0,29,Monsoon,1.0,1,1011,1709,Low,0,1,47
1384,1986-08-01,1986-08-14,14.0,severe,Maharashtra,32.0,0.0,1986.0,8.0,1.0,3.0,4.0,31,Monsoon,14.0,1,1011,1382,Medium,1,1,47
1385,1986-08-07,1986-08-07,1.0,"heavy rains, severe",Maharashtra,2.0,0.0,1986.0,8.0,7.0,3.0,3.0,32,Monsoon,1.0,1,1011,1382,Low,0,1,47
1386,1986-08-07,1986-08-10,4.0,severe,Maharashtra,1.0,0.0,1986.0,8.0,7.0,3.0,3.0,32,Monsoon,4.0,1,1011,1382,Low,0,1,47
1387,1986-07-26,1986-07-26,1.0,flash floods,Manipur,0.0,0.0,1986.0,7.0,26.0,3.0,5.0,30,Monsoon,1.0,1,20,1709,No Fatality,0,1,50
1388,1986-06-01,1986-06-30,30.0,severe,Odisha,3.0,0.0,1986.0,6.0,1.0,2.0,6.0,22,Monsoon,30.0,1,144,1071,Low,0,1,55
1389,1986-07-01,1986-07-31,31.0,severe,Odisha,8.0,0.0,1986.0,7.0,1.0,3.0,1.0,27,Monsoon,31.0,1,144,1709,Low,0,1,55
1390,1986-08-08,1986-08-14,7.0,severe,Odisha,2.0,0.0,1986.0,8.0,8.0,3.0,4.0,32,Monsoon,7.0,1,144,1382,Low,0,1,55
1391,1986-10-01,1986-10-31,31.0,severe,Odisha,3.0,0.0,1986.0,10.0,1.0,4.0,2.0,40,Post-Monsoon,31.0,1,144,501,Low,0,0,55
1392,1986-11-01,1986-11-30,30.0,severe,Odisha,5.0,0.0,1986.0,11.0,1.0,4.0,5.0,44,Post-Monsoon,30.0,1,144,194,Low,0,0,55
1393,1986-06-29,1986-06-30,2.0,heavy rains,Punjab,2.0,0.0,1986.0,6.0,29.0,2.0,6.0,26,Monsoon,2.0,1,171,1071,Low,0,1,61
1394,1986-07-29,1986-07-30,2.0,flash floods,Punjab,0.0,0.0,1986.0,7.0,29.0,3.0,1.0,31,Monsoon,2.0,1,171,1709,No Fatality,0,1,61
1395,1986-08-12,1986-08-13,2.0,heavy rains,Punjab,0.0,0.0,1986.0,8.0,12.0,3.0,1.0,33,Monsoon,2.0,1,171,1382,No Fatality,0,1,61
1396,1986-07-24,1986-07-27,3.0,severe,Rajasthan,35.0,0.0,1986.0,7.0,24.0,3.0,3.0,30,Monsoon,4.0,1,259,1709,Medium,1,1,62
1397,1986-11-03,1986-11-03,1.0,flash floods,Tamil Nadu,0.0,0.0,1986.0,11.0,3.0,4.0,0.0,45,Post-Monsoon,1.0,1,188,194,No Fatality,0,0,66
1398,1986-11-05,1986-11-06,2.0,heavy rains,Tamil Nadu,20.0,0.0,1986.0,11.0,5.0,4.0,2.0,45,Post-Monsoon,2.0,1,188,194,Medium,1,0,66
1399,1986-07-10,1986-07-10,1.0,heavy rains,Uttar Pradesh,1.0,0.0,1986.0,7.0,10.0,3.0,3.0,28,Monsoon,1.0,1,448,1709,Low,0,1,69
1400,1986-07-17,1986-07-18,2.0,severe,Uttar Pradesh,14.0,0.0,1986.0,7.0,17.0,3.0,3.0,29,Monsoon,2.0,1,448,1709,Medium,1,1,69
1401,1986-07-22,1986-07-28,7.0,severe,Uttar Pradesh,187.0,0.0,1986.0,7.0,22.0,3.0,1.0,30,Monsoon,7.0,1,448,1709,High,1,1,69
1402,1986-08-05,1986-08-09,5.0,severe,Uttar Pradesh,2.0,0.0,1986.0,8.0,5.0,3.0,1.0,32,Monsoon,5.0,1,448,1382,Low,0,1,69
1403,1986-09-01,1986-10-31,61.0,severe,Uttar Pradesh,29.0,0.0,1986.0,9.0,1.0,3.0,0.0,36,Monsoon,61.0,1,448,938,Medium,1,1,69
1404,1986-04-24,1986-04-25,2.0,heavy rains,Punjab,0.0,0.0,1986.0,4.0,24.0,2.0,3.0,17,Summer,2.0,1,171,171,No Fatality,0,0,61
1405,1986-06-29,1986-06-30,2.0,heavy rains,Punjab,0.0,0.0,1986.0,6.0,29.0,2.0,6.0,26,Monsoon,2.0,1,171,1071,No Fatality,0,1,61
1406,1986-08-13,1986-08-13,1.0,heavy rains,Delhi,3.0,2.0,1986.0,8.0,13.0,3.0,2.0,33,Monsoon,1.0,1,43,1382,Low,0,1,21
1407,1986-09-22,1986-09-22,1.0,heavy rains,Delhi,0.0,4.0,1986.0,9.0,22.0,3.0,0.0,39,Monsoon,1.0,1,43,938,No Fatality,0,1,21
1408,1986-08-08,1986-08-14,7.0,severe,Puducherry,0.0,0.0,1986.0,8.0,8.0,3.0,4.0,32,Monsoon,7.0,1,6,1382,No Fatality,0,1,60
1409,1987-07-08,1987-07-08,1.0,heavy rains/tank burnt,Andhra Pradesh,53.0,0.0,1987.0,7.0,8.0,3.0,2.0,28,Monsoon,1.0,1,150,1709,High,1,1,1
1410,1987-07-22,1987-08-07,17.0,severe,Arunachal Pradesh,0.0,0.0,1987.0,7.0,22.0,3.0,2.0,30,Monsoon,17.0,1,150,1709,No Fatality,0,1,4
1411,1987-06-01,1987-06-30,30.0,severe,Assam,10.0,0.0,1987.0,6.0,1.0,2.0,0.0,23,Monsoon,30.0,1,908,1071,Low,0,1,5
1412,1987-07-01,1987-07-31,31.0,severe,Assam,12.0,0.0,1987.0,7.0,1.0,3.0,2.0,27,Monsoon,31.0,1,908,1709,Medium,1,1,5
1413,1987-08-01,1987-08-31,31.0,severe,Assam,47.0,0.0,1987.0,8.0,1.0,3.0,5.0,31,Monsoon,31.0,1,908,1382,Medium,1,1,5
1414,1987-09-01,1987-09-30,30.0,severe,Assam,0.0,0.0,1987.0,9.0,1.0,3.0,1.0,36,Monsoon,30.0,1,908,938,No Fatality,0,1,5
1415,1987-10-01,1987-10-07,7.0,severe,Assam,1.0,0.0,1987.0,10.0,1.0,4.0,3.0,40,Post-Monsoon,7.0,1,908,501,Low,0,0,5
1416,1987-07-22,1987-10-14,85.0,severe,Bihar,1024.0,0.0,1987.0,7.0,22.0,3.0,2.0,30,Monsoon,85.0,1,149,1709,High,1,1,9
1417,1987-04-08,1987-04-09,2.0,heavy rains,Himachal Pradesh,0.0,0.0,1987.0,4.0,8.0,2.0,2.0,15,Summer,2.0,1,362,171,No Fatality,0,0,29
1418,1987-08-12,1987-08-12,1.0,cloud burst,Himachal Pradesh,12.0,0.0,1987.0,8.0,12.0,3.0,2.0,33,Monsoon,1.0,1,362,1382,Medium,1,1,29
1419,1987-03-22,1987-03-28,7.0,severe,Jammu and Kashmir,15.0,0.0,1987.0,3.0,22.0,1.0,6.0,12,Summer,7.0,1,137,166,Medium,1,0,33
1420,1987-05-07,1987-05-11,5.0,heavy rains,Jammu and Kashmir,25.0,0.0,1987.0,5.0,7.0,2.0,3.0,19,Summer,5.0,1,137,479,Medium,1,0,33
1421,1987-06-01,1987-06-14,14.0,severe,Jammu and Kashmir,12.0,0.0,1987.0,6.0,1.0,2.0,0.0,23,Monsoon,14.0,1,137,1071,Medium,1,1,33
1422,1987-10-03,1987-10-03,1.0,cloud burst,Jammu and Kashmir,0.0,0.0,1987.0,10.0,3.0,4.0,5.0,40,Post-Monsoon,1.0,1,137,501,No Fatality,0,0,33
1423,1987-10-10,1987-10-18,9.0,incessant rains,Jammu and Kashmir,0.0,0.0,1987.0,10.0,10.0,4.0,5.0,41,Post-Monsoon,9.0,1,137,501,No Fatality,0,0,33
1424,1987-05-10,1987-05-10,1.0,heavy rains,Karnataka,4.0,2.0,1987.0,5.0,10.0,2.0,6.0,19,Summer,1.0,1,491,479,Low,0,0,37
1425,1987-10-02,1987-10-02,1.0,heavy rains,Karnataka,41.0,0.0,1987.0,10.0,2.0,4.0,4.0,40,Post-Monsoon,1.0,1,491,501,Medium,1,0,37
1426,1987-10-07,1987-10-07,1.0,heavy rains,Karnataka,0.0,0.0,1987.0,10.0,7.0,4.0,2.0,41,Post-Monsoon,1.0,1,491,501,No Fatality,0,0,37
1427,1987-10-08,1987-10-08,1.0,heavy rains,Karnataka,2.0,0.0,1987.0,10.0,8.0,4.0,3.0,41,Post-Monsoon,1.0,1,491,501,Low,0,0,37
1428,1987-10-15,1987-10-15,1.0,flash floods,Karnataka,0.0,0.0,1987.0,10.0,15.0,4.0,3.0,42,Post-Monsoon,1.0,1,491,501,No Fatality,0,0,37
1429,1987-06-18,1987-06-18,1.0,heavy rains,Kerala,3.0,0.0,1987.0,6.0,18.0,2.0,3.0,25,Monsoon,1.0,1,604,1071,Low,0,1,39
1430,1987-10-13,1987-10-13,1.0,heavy rains,Kerala,0.0,0.0,1987.0,10.0,13.0,4.0,1.0,42,Post-Monsoon,1.0,1,604,501,No Fatality,0,0,39
1431,1987-11-09,1987-11-09,1.0,heavy rains,Kerala,2.0,0.0,1987.0,11.0,9.0,4.0,0.0,46,Post-Monsoon,1.0,1,604,194,Low,0,0,39
1432,1987-12-01,1987-12-01,1.0,heavy rains,Kerala,0.0,0.0,1987.0,12.0,1.0,4.0,1.0,49,Winter,1.0,1,604,71,No Fatality,0,0,39
1433,1987-12-05,1987-12-05,1.0,heavy rains,Kerala,0.0,0.0,1987.0,12.0,5.0,4.0,5.0,49,Winter,1.0,1,604,71,No Fatality,0,0,39
1434,1987-12-17,1987-12-17,1.0,heavy rains,Kerala,0.0,0.0,1987.0,12.0,17.0,4.0,3.0,51,Winter,1.0,1,604,71,No Fatality,0,0,39
1435,1987-07-07,1987-07-07,1.0,heavy rains,Maharashtra,0.0,2.0,1987.0,7.0,7.0,3.0,1.0,28,Monsoon,1.0,1,1011,1709,No Fatality,0,1,47
1436,1987-08-15,1987-08-17,3.0,heavy rains,Maharashtra,4.0,0.0,1987.0,8.0,15.0,3.0,5.0,33,Monsoon,3.0,1,1011,1382,Low,0,1,47
1437,1987-08-19,1987-08-19,1.0,heavy rains,Maharashtra,10.0,0.0,1987.0,8.0,19.0,3.0,2.0,34,Monsoon,1.0,1,1011,1382,Low,0,1,47
1438,1987-11-19,1987-11-19,1.0,heavy rains,Maharashtra,8.0,0.0,1987.0,11.0,19.0,4.0,3.0,47,Post-Monsoon,1.0,1,1011,194,Low,0,0,47
1439,1987-07-17,1987-07-17,1.0,heavy rains,Odisha,4.0,0.0,1987.0,7.0,17.0,3.0,4.0,29,Monsoon,1.0,1,144,1709,Low,0,1,55
1440,1987-07-26,1987-07-26,1.0,heavy rains,Odisha,1.0,0.0,1987.0,7.0,26.0,3.0,6.0,30,Monsoon,1.0,1,144,1709,Low,0,1,55
1441,1987-02-15,1987-02-16,2.0,heavy rains,Punjab,20.0,36.0,1987.0,2.0,15.0,1.0,6.0,7,Winter,2.0,1,171,66,Medium,1,0,61
1442,1987-05-08,1987-05-08,1.0,flash floods,Punjab,1.0,0.0,1987.0,5.0,8.0,2.0,4.0,19,Summer,1.0,1,171,479,Low,0,0,61
1443,1987-12-06,1987-12-07,2.0,heavy rains,Tamil Nadu,11.0,0.0,1987.0,12.0,6.0,4.0,6.0,49,Winter,2.0,1,188,71,Medium,1,0,66
1444,1987-05-04,1987-05-08,5.0,heavy rains,Uttar Pradesh,5.0,0.0,1987.0,5.0,4.0,2.0,0.0,19,Summer,5.0,1,448,479,Low,0,0,69
1445,1987-08-01,1987-09-14,45.0,severe,Uttar Pradesh,163.0,0.0,1987.0,8.0,1.0,3.0,5.0,31,Monsoon,45.0,1,448,1382,High,1,1,69
1446,1987-07-25,1987-07-25,1.0,heavy rains,West Bengal,1.0,2.0,1987.0,7.0,25.0,3.0,5.0,30,Monsoon,1.0,1,330,1709,Low,0,1,79
1447,1987-07-01,1987-07-31,31.0,severe,West Bengal,4.0,0.0,1987.0,7.0,1.0,3.0,2.0,27,Monsoon,31.0,1,330,1709,Low,0,1,79
1448,1987-08-10,1987-08-10,1.0,heavy rains,West Bengal,0.0,0.0,1987.0,8.0,10.0,3.0,0.0,33,Monsoon,1.0,1,330,1382,No Fatality,0,1,79
1449,1987-08-01,1987-09-07,38.0,severe,West Bengal,60.0,0.0,1987.0,8.0,1.0,3.0,5.0,31,Monsoon,38.0,1,330,1382,High,1,1,79
1450,1987-08-08,1987-09-07,31.0,severe,West Bengal,56.0,0.0,1987.0,8.0,8.0,3.0,5.0,32,Monsoon,31.0,1,330,1382,High,1,1,79
1451,1987-08-15,1987-09-21,38.0,severe,West Bengal,40.0,0.0,1987.0,8.0,15.0,3.0,5.0,33,Monsoon,38.0,1,330,1382,Medium,1,1,79
1452,1987-08-22,1987-09-07,17.0,severe,West Bengal,34.0,0.0,1987.0,8.0,22.0,3.0,5.0,34,Monsoon,17.0,1,330,1382,Medium,1,1,79
1453,1987-08-22,1987-09-21,31.0,severe,West Bengal,34.0,0.0,1987.0,8.0,22.0,3.0,5.0,34,Monsoon,31.0,1,330,1382,Medium,1,1,79
1454,1988-07-01,1988-08-07,38.0,severe,Andhra Pradesh,109.0,0.0,1988.0,7.0,1.0,3.0,4.0,26,Monsoon,38.0,1,150,1709,High,1,1,1
1455,1988-08-22,1988-08-28,7.0,severe,Andhra Pradesh,1.0,0.0,1988.0,8.0,22.0,3.0,0.0,34,Monsoon,7.0,1,150,1382,Low,0,1,1
1456,1988-08-22,1988-08-28,7.0,severe,Arunachal Pradesh,0.0,0.0,1988.0,8.0,22.0,3.0,0.0,34,Monsoon,7.0,1,150,1382,No Fatality,0,1,4
1457,1988-05-22,1988-06-07,17.0,severe,Assam,35.0,0.0,1988.0,5.0,22.0,2.0,6.0,20,Summer,17.0,1,908,479,Medium,1,0,5
1458,1988-06-22,1988-06-28,7.0,flash floods,Assam,0.0,0.0,1988.0,6.0,22.0,2.0,2.0,25,Monsoon,7.0,1,908,1071,No Fatality,0,1,5
1459,1988-07-08,1988-07-28,21.0,severe,Assam,24.0,0.0,1988.0,7.0,8.0,3.0,4.0,27,Monsoon,21.0,1,908,1709,Medium,1,1,5
1460,1988-08-15,1988-09-14,31.0,severe,Assam,167.0,0.0,1988.0,8.0,15.0,3.0,0.0,33,Monsoon,31.0,1,908,1382,High,1,1,5
1461,1988-10-01,1988-10-14,14.0,severe,Assam,0.0,0.0,1988.0,10.0,1.0,4.0,5.0,39,Post-Monsoon,14.0,1,908,501,No Fatality,0,0,5
1462,1988-06-19,1988-06-19,1.0,heavy rains,Bihar,3.0,4.0,1988.0,6.0,19.0,2.0,6.0,24,Monsoon,1.0,1,149,1071,Low,0,1,9
1463,1988-07-17,1988-07-18,2.0,heavy rains,Bihar,17.0,0.0,1988.0,7.0,17.0,3.0,6.0,28,Monsoon,2.0,1,149,1709,Medium,1,1,9
1464,1988-08-11,1988-08-11,1.0,heavy rains,Bihar,10.0,0.0,1988.0,8.0,11.0,3.0,3.0,32,Monsoon,1.0,1,149,1382,Low,0,1,9
1465,1988-08-22,1988-08-28,7.0,severe,Bihar,7.0,0.0,1988.0,8.0,22.0,3.0,0.0,34,Monsoon,7.0,1,149,1382,Low,0,1,9
1466,1988-06-14,1988-06-14,1.0,heavy rains,Gujarat,1.0,0.0,1988.0,6.0,14.0,2.0,1.0,24,Monsoon,1.0,1,168,1071,Low,0,1,26
1467,1988-07-08,1988-07-28,21.0,severe,Gujarat,130.0,0.0,1988.0,7.0,8.0,3.0,4.0,27,Monsoon,21.0,1,168,1709,High,1,1,26
1468,1988-09-28,1988-09-28,1.0,flash floods,Gujarat,40.0,0.0,1988.0,9.0,28.0,3.0,2.0,39,Monsoon,1.0,1,168,938,Medium,1,1,26
1469,1988-07-02,1988-07-02,1.0,heavy rains,Haryana,1.0,0.0,1988.0,7.0,2.0,3.0,5.0,26,Monsoon,1.0,1,60,1709,Low,0,1,27
1470,1988-07-07,1988-07-07,1.0,heavy rains,Haryana,0.0,0.0,1988.0,7.0,7.0,3.0,3.0,27,Monsoon,1.0,1,60,1709,No Fatality,0,1,27
1471,1988-07-20,1988-07-31,12.0,flash floods,Haryana,7.0,0.0,1988.0,7.0,20.0,3.0,2.0,29,Monsoon,12.0,1,60,1709,Low,0,1,27
1472,1988-08-09,1988-08-10,2.0,severe,Haryana,15.0,0.0,1988.0,8.0,9.0,3.0,1.0,32,Monsoon,2.0,1,60,1382,Medium,1,1,27
1473,1988-09-22,1988-10-07,16.0,severe,Haryana,5.0,0.0,1988.0,9.0,22.0,3.0,3.0,38,Monsoon,16.0,1,60,938,Low,0,1,27
1474,1988-03-18,1988-03-18,1.0,flash floods,Himachal Pradesh,0.0,0.0,1988.0,3.0,18.0,1.0,4.0,11,Summer,1.0,1,362,166,No Fatality,0,0,29
1475,1988-06-18,1988-06-18,1.0,heavy rains,Himachal Pradesh,0.0,0.0,1988.0,6.0,18.0,2.0,5.0,24,Monsoon,1.0,1,362,1071,No Fatality,0,1,29
1476,1988-07-01,1988-08-14,45.0,severe,Himachal Pradesh,38.0,0.0,1988.0,7.0,1.0,3.0,4.0,26,Monsoon,45.0,1,362,1709,Medium,1,1,29
1477,1988-09-22,1988-09-28,7.0,severe,Himachal Pradesh,32.0,0.0,1988.0,9.0,22.0,3.0,3.0,38,Monsoon,7.0,1,362,938,Medium,1,1,29
1478,1988-06-02,1988-06-02,1.0,heavy rains,Jammu and Kashmir,2.0,7.0,1988.0,6.0,2.0,2.0,3.0,22,Monsoon,1.0,1,137,1071,Low,0,1,33
1479,1988-07-14,1988-07-14,1.0,heavy rains,Jammu and Kashmir,4.0,0.0,1988.0,7.0,14.0,3.0,3.0,28,Monsoon,1.0,1,137,1709,Low,0,1,33
1480,1988-07-18,1988-07-20,3.0,severe,Jammu and Kashmir,20.0,0.0,1988.0,7.0,18.0,3.0,0.0,29,Monsoon,3.0,1,137,1709,Medium,1,1,33
1481,1988-07-28,1988-07-28,1.0,cloud burst,Jammu and Kashmir,0.0,0.0,1988.0,7.0,28.0,3.0,3.0,30,Monsoon,1.0,1,137,1709,No Fatality,0,1,33
1482,1988-07-30,1988-07-30,1.0,heavy rains,Jammu and Kashmir,0.0,0.0,1988.0,7.0,30.0,3.0,5.0,30,Monsoon,1.0,1,137,1709,No Fatality,0,1,33
1483,1988-08-01,1988-08-01,1.0,flash floods,Jammu and Kashmir,17.0,0.0,1988.0,8.0,1.0,3.0,0.0,31,Monsoon,1.0,1,137,1382,Medium,1,1,33
1484,1988-08-08,1988-08-08,1.0,flash floods,Jammu and Kashmir,34.0,0.0,1988.0,8.0,8.0,3.0,0.0,32,Monsoon,1.0,1,137,1382,Medium,1,1,33
1485,1988-08-15,1988-08-15,1.0,cloud burst,Jammu and Kashmir,6.0,0.0,1988.0,8.0,15.0,3.0,0.0,33,Monsoon,1.0,1,137,1382,Low,0,1,33
1486,1988-09-22,1988-09-28,7.0,severe,Jammu and Kashmir,50.0,0.0,1988.0,9.0,22.0,3.0,3.0,38,Monsoon,7.0,1,137,938,Medium,1,1,33
1487,1988-04-26,1988-04-26,1.0,heavy rains,Karnataka,5.0,0.0,1988.0,4.0,26.0,2.0,1.0,17,Summer,1.0,1,491,171,Low,0,0,37
1488,1988-07-05,1988-07-05,1.0,heavy rains,Karnataka,6.0,0.0,1988.0,7.0,5.0,3.0,1.0,27,Monsoon,1.0,1,491,1709,Low,0,1,37
1489,1988-07-15,1988-07-18,4.0,heavy rains,Karnataka,2.0,0.0,1988.0,7.0,15.0,3.0,4.0,28,Monsoon,4.0,1,491,1709,Low,0,1,37
1490,1988-07-20,1988-07-20,1.0,heavy rains,Karnataka,10.0,0.0,1988.0,7.0,20.0,3.0,2.0,29,Monsoon,1.0,1,491,1709,Low,0,1,37
1491,1988-07-22,1988-07-22,1.0,heavy rains,Karnataka,0.0,0.0,1988.0,7.0,22.0,3.0,4.0,29,Monsoon,1.0,1,491,1709,No Fatality,0,1,37
1492,1988-08-07,1988-08-09,3.0,heavy rains,Karnataka,5.0,0.0,1988.0,8.0,7.0,3.0,6.0,31,Monsoon,3.0,1,491,1382,Low,0,1,37
1493,1988-08-25,1988-08-26,2.0,heavy rains,Karnataka,2.0,0.0,1988.0,8.0,25.0,3.0,3.0,34,Monsoon,2.0,1,491,1382,Low,0,1,37
1494,1988-08-28,1988-08-29,2.0,heavy rains,Karnataka,4.0,0.0,1988.0,8.0,28.0,3.0,6.0,34,Monsoon,2.0,1,491,1382,Low,0,1,37
1495,1988-09-09,1988-09-09,1.0,heavy rains,Karnataka,10.0,0.0,1988.0,9.0,9.0,3.0,4.0,36,Monsoon,1.0,1,491,938,Low,0,1,37
1496,1988-09-11,1988-09-11,1.0,heavy rains,Karnataka,25.0,25.0,1988.0,9.0,11.0,3.0,6.0,36,Monsoon,1.0,1,491,938,Medium,1,1,37
1497,1988-09-22,1988-09-28,7.0,flash floods,Karnataka,12.0,0.0,1988.0,9.0,22.0,3.0,3.0,38,Monsoon,7.0,1,491,938,Medium,1,1,37
1498,1988-04-17,1988-04-17,1.0,heavy rains,Kerala,0.0,0.0,1988.0,4.0,17.0,2.0,6.0,15,Summer,1.0,1,604,171,No Fatality,0,0,39
1499,1988-06-05,1988-06-05,1.0,heavy rains,Kerala,0.0,0.0,1988.0,6.0,5.0,2.0,6.0,22,Monsoon,1.0,1,604,1071,No Fatality,0,1,39
1500,1988-07-18,1988-07-18,1.0,heavy rains,Kerala,0.0,0.0,1988.0,7.0,18.0,3.0,0.0,29,Monsoon,1.0,1,604,1709,No Fatality,0,1,39
1501,1988-07-21,1988-07-21,1.0,heavy rains,Kerala,0.0,0.0,1988.0,7.0,21.0,3.0,3.0,29,Monsoon,1.0,1,604,1709,No Fatality,0,1,39
1502,1988-07-23,1988-07-23,1.0,heavy rains,Kerala,0.0,0.0,1988.0,7.0,23.0,3.0,5.0,29,Monsoon,1.0,1,604,1709,No Fatality,0,1,39
1503,1988-08-25,1988-08-25,1.0,heavy rains,Kerala,6.0,0.0,1988.0,8.0,25.0,3.0,3.0,34,Monsoon,1.0,1,604,1382,Low,0,1,39
1504,1988-09-15,1988-09-15,1.0,heavy rains,Kerala,0.0,0.0,1988.0,9.0,15.0,3.0,3.0,37,Monsoon,1.0,1,604,938,No Fatality,0,1,39
1505,1988-09-22,1988-09-22,1.0,heavy rains,Kerala,0.0,0.0,1988.0,9.0,22.0,3.0,3.0,38,Monsoon,1.0,1,604,938,No Fatality,0,1,39
1506,1988-06-14,1988-06-14,1.0,heavy rains,Maharashtra,2.0,9.0,1988.0,6.0,14.0,2.0,1.0,24,Monsoon,1.0,1,1011,1071,Low,0,1,47
1507,1988-06-15,1988-06-15,1.0,heavy rains,Maharashtra,0.0,0.0,1988.0,6.0,15.0,2.0,2.0,24,Monsoon,1.0,1,1011,1071,No Fatality,0,1,47
1508,1988-07-02,1988-07-03,2.0,heavy rains,Maharashtra,3.0,5.0,1988.0,7.0,2.0,3.0,5.0,26,Monsoon,2.0,1,1011,1709,Low,0,1,47
1509,1988-07-03,1988-07-03,1.0,heavy rains,Maharashtra,1.0,7.0,1988.0,7.0,3.0,3.0,6.0,26,Monsoon,1.0,1,1011,1709,Low,0,1,47
1510,1988-07-09,1988-07-11,3.0,heavy rains,Maharashtra,3.0,0.0,1988.0,7.0,9.0,3.0,5.0,27,Monsoon,3.0,1,1011,1709,Low,0,1,47
1511,1988-07-16,1988-07-16,1.0,heavy rains,Maharashtra,1.0,10.0,1988.0,7.0,16.0,3.0,5.0,28,Monsoon,1.0,1,1011,1709,Low,0,1,47
1512,1988-07-17,1988-07-17,1.0,heavy rains,Maharashtra,1.0,0.0,1988.0,7.0,17.0,3.0,6.0,28,Monsoon,1.0,1,1011,1709,Low,0,1,47
1513,1988-07-17,1988-07-20,4.0,heavy rains,Maharashtra,11.0,0.0,1988.0,7.0,17.0,3.0,6.0,28,Monsoon,4.0,1,1011,1709,Medium,1,1,47
1514,1988-07-19,1988-07-20,2.0,heavy rains,Maharashtra,7.0,0.0,1988.0,7.0,19.0,3.0,1.0,29,Monsoon,2.0,1,1011,1709,Low,0,1,47
1515,1988-07-23,1988-07-23,1.0,heavy rains,Maharashtra,8.0,0.0,1988.0,7.0,23.0,3.0,5.0,29,Monsoon,1.0,1,1011,1709,Low,0,1,47
1516,1988-07-24,1988-07-31,8.0,heavy rains,Maharashtra,2.0,0.0,1988.0,7.0,24.0,3.0,6.0,29,Monsoon,8.0,1,1011,1709,Low,0,1,47
1517,1988-07-25,1988-07-25,1.0,heavy rains,Maharashtra,1.0,0.0,1988.0,7.0,25.0,3.0,0.0,30,Monsoon,1.0,1,1011,1709,Low,0,1,47
1518,1988-08-18,1988-08-19,2.0,heavy rains,Maharashtra,5.0,0.0,1988.0,8.0,18.0,3.0,3.0,33,Monsoon,2.0,1,1011,1382,Low,0,1,47
1519,1988-08-22,1988-08-22,1.0,heavy rains,Maharashtra,0.0,0.0,1988.0,8.0,22.0,3.0,0.0,34,Monsoon,1.0,1,1011,1382,No Fatality,0,1,47
1520,1988-08-31,1988-08-31,1.0,heavy rains,Maharashtra,11.0,9.0,1988.0,8.0,31.0,3.0,2.0,35,Monsoon,1.0,1,1011,1382,Medium,1,1,47
1521,1988-09-11,1988-09-11,1.0,heavy rains,Maharashtra,29.0,0.0,1988.0,9.0,11.0,3.0,6.0,36,Monsoon,1.0,1,1011,938,Medium,1,1,47
1522,1988-09-08,1988-09-28,21.0,severe,Maharashtra,15.0,14.0,1988.0,9.0,8.0,3.0,3.0,36,Monsoon,21.0,1,1011,938,Medium,1,1,47
1523,1988-09-16,1988-09-16,1.0,heavy rains,Maharashtra,5.0,0.0,1988.0,9.0,16.0,3.0,4.0,37,Monsoon,1.0,1,1011,938,Low,0,1,47
1524,1988-09-15,1988-09-21,7.0,heavy rains,Maharashtra,3.0,0.0,1988.0,9.0,15.0,3.0,3.0,37,Monsoon,7.0,1,1011,938,Low,0,1,47
1525,1988-09-20,1988-09-20,1.0,heavy rains,Maharashtra,1.0,0.0,1988.0,9.0,20.0,3.0,1.0,38,Monsoon,1.0,1,1011,938,Low,0,1,47
1526,1988-09-22,1988-09-22,1.0,heavy rains,Maharashtra,1.0,0.0,1988.0,9.0,22.0,3.0,3.0,38,Monsoon,1.0,1,1011,938,Low,0,1,47
1527,1988-09-25,1988-09-26,2.0,heavy rains,Maharashtra,3.0,3.0,1988.0,9.0,25.0,3.0,6.0,38,Monsoon,2.0,1,1011,938,Low,0,1,47
1528,1988-09-28,1988-09-28,1.0,heavy rains,Maharashtra,2.0,0.0,1988.0,9.0,28.0,3.0,2.0,39,Monsoon,1.0,1,1011,938,Low,0,1,47
1529,1988-10-02,1988-10-03,2.0,heavy rains,Maharashtra,12.0,0.0,1988.0,10.0,2.0,4.0,6.0,39,Post-Monsoon,2.0,1,1011,501,Medium,1,0,47
1530,1988-10-03,1988-10-03,1.0,heavy rains,Maharashtra,12.0,18.0,1988.0,10.0,3.0,4.0,0.0,40,Post-Monsoon,1.0,1,1011,501,Medium,1,0,47
1531,1988-10-06,1988-10-06,1.0,heavy rains,Maharashtra,1.0,0.0,1988.0,10.0,6.0,4.0,3.0,40,Post-Monsoon,1.0,1,1011,501,Low,0,0,47
1532,1988-10-10,1988-10-10,1.0,heavy rains,Maharashtra,13.0,0.0,1988.0,10.0,10.0,4.0,0.0,41,Post-Monsoon,1.0,1,1011,501,Medium,1,0,47
1533,1988-05-22,1988-05-28,7.0,heavy rains,Meghalaya,5.0,0.0,1988.0,5.0,22.0,2.0,6.0,20,Summer,7.0,1,57,479,Low,0,0,51
1534,1988-07-29,1988-07-29,1.0,heavy rains,Odisha,0.0,0.0,1988.0,7.0,29.0,3.0,4.0,30,Monsoon,1.0,1,144,1709,No Fatality,0,1,55
1535,1988-08-03,1988-08-03,1.0,heavy rains,Odisha,0.0,0.0,1988.0,8.0,3.0,3.0,2.0,31,Monsoon,1.0,1,144,1382,No Fatality,0,1,55
1536,1988-08-18,1988-08-18,1.0,heavy rains,Odisha,1.0,1.0,1988.0,8.0,18.0,3.0,3.0,33,Monsoon,1.0,1,144,1382,Low,0,1,55
1537,1988-09-21,1988-09-21,1.0,heavy rains,Odisha,5.0,0.0,1988.0,9.0,21.0,3.0,2.0,38,Monsoon,1.0,1,144,938,Low,0,1,55
1538,1988-09-23,1988-09-23,1.0,heavy rains,Odisha,2.0,2.0,1988.0,9.0,23.0,3.0,4.0,38,Monsoon,1.0,1,144,938,Low,0,1,55
1539,1988-03-11,1988-03-14,4.0,flash floods,Punjab,1.0,0.0,1988.0,3.0,11.0,1.0,4.0,10,Summer,4.0,1,171,166,Low,0,0,61
1540,1988-06-29,1988-06-29,1.0,heavy rains,Punjab,0.0,0.0,1988.0,6.0,29.0,2.0,2.0,26,Monsoon,1.0,1,171,1071,No Fatality,0,1,61
1541,1988-07-03,1988-07-03,1.0,heavy rains,Punjab,5.0,0.0,1988.0,7.0,3.0,3.0,6.0,26,Monsoon,1.0,1,171,1709,Low,0,1,61
1542,1988-07-07,1988-07-07,1.0,heavy rains,Punjab,1.0,0.0,1988.0,7.0,7.0,3.0,3.0,27,Monsoon,1.0,1,171,1709,Low,0,1,61
1543,1988-07-08,1988-08-14,38.0,severe,Punjab,38.0,0.0,1988.0,7.0,8.0,3.0,4.0,27,Monsoon,38.0,1,171,1709,Medium,1,1,61
1544,1988-09-22,1988-10-14,23.0,severe,Punjab,57.0,0.0,1988.0,9.0,22.0,3.0,3.0,38,Monsoon,23.0,1,171,938,High,1,1,61
1545,1988-07-25,1988-07-25,1.0,heavy rains,Rajasthan,3.0,0.0,1988.0,7.0,25.0,3.0,0.0,30,Monsoon,1.0,1,259,1709,Low,0,1,62
1546,1988-11-06,1988-11-06,1.0,heavy rains,Tamil Nadu,3.0,4.0,1988.0,11.0,6.0,4.0,6.0,44,Post-Monsoon,1.0,1,188,194,Low,0,0,66
1547,1988-05-27,1988-05-29,3.0,heavy rains,Tripura,0.0,0.0,1988.0,5.0,27.0,2.0,4.0,21,Summer,3.0,1,47,479,No Fatality,0,0,68
1548,1988-06-24,1988-06-24,1.0,flash floods,Tripura,0.0,0.0,1988.0,6.0,24.0,2.0,4.0,25,Monsoon,1.0,1,47,1071,No Fatality,0,1,68
1549,1988-07-08,1988-07-28,21.0,severe,Tripura,7.0,0.0,1988.0,7.0,8.0,3.0,4.0,27,Monsoon,21.0,1,47,1709,Low,0,1,68
1550,1988-07-08,1988-09-14,69.0,severe,Uttar Pradesh,611.0,0.0,1988.0,7.0,8.0,3.0,4.0,27,Monsoon,69.0,1,448,1709,High,1,1,69
1551,1988-06-12,1988-06-12,1.0,heavy rains,West Bengal,2.0,0.0,1988.0,6.0,12.0,2.0,6.0,23,Monsoon,1.0,1,330,1071,Low,0,1,79
1552,1988-06-12,1988-06-13,2.0,heavy rains,West Bengal,4.0,30.0,1988.0,6.0,12.0,2.0,6.0,23,Monsoon,2.0,1,330,1071,Low,0,1,79
1553,1988-06-27,1988-06-27,1.0,heavy rains,West Bengal,2.0,0.0,1988.0,6.0,27.0,2.0,0.0,26,Monsoon,1.0,1,330,1071,Low,0,1,79
1554,1988-07-06,1988-07-06,1.0,heavy rains,West Bengal,0.0,0.0,1988.0,7.0,6.0,3.0,2.0,27,Monsoon,1.0,1,330,1709,No Fatality,0,1,79
1555,1988-08-01,1988-09-30,61.0,severe,West Bengal,53.0,0.0,1988.0,8.0,1.0,3.0,0.0,31,Monsoon,61.0,1,330,1382,High,1,1,79
1556,1988-06-29,1988-06-29,1.0,heavy rains,Chandigarh ,0.0,0.0,1988.0,6.0,29.0,2.0,2.0,26,Monsoon,1.0,1,6,1071,No Fatality,0,1,16
1557,1988-07-23,1988-07-23,1.0,heavy rains,Chandigarh ,0.0,0.0,1988.0,7.0,23.0,3.0,5.0,29,Monsoon,1.0,1,6,1709,No Fatality,0,1,16
1558,1988-09-22,1988-09-28,7.0,severe,Delhi,0.0,0.0,1988.0,9.0,22.0,3.0,3.0,38,Monsoon,7.0,1,43,938,No Fatality,0,1,21
1559,1989-07-01,1989-07-31,31.0,severe,Andhra Pradesh,226.0,0.0,1989.0,7.0,1.0,3.0,5.0,26,Monsoon,31.0,1,150,1709,High,1,1,1
1560,1989-06-15,1989-06-21,7.0,severe,Arunachal Pradesh,16.0,0.0,1989.0,6.0,15.0,2.0,3.0,24,Monsoon,7.0,1,150,1071,Medium,1,1,4
1561,1989-06-08,1989-06-21,14.0,severe,Assam,0.0,0.0,1989.0,6.0,8.0,2.0,3.0,23,Monsoon,14.0,1,908,1071,No Fatality,0,1,5
1562,1989-07-01,1989-08-21,52.0,severe,Assam,28.0,0.0,1989.0,7.0,1.0,3.0,5.0,26,Monsoon,52.0,1,908,1709,Medium,1,1,5
1563,1989-10-08,1989-10-14,7.0,severe,Assam,0.0,0.0,1989.0,10.0,8.0,4.0,6.0,40,Post-Monsoon,7.0,1,908,501,No Fatality,0,0,5
1564,1989-10-01,1989-10-07,7.0,severe,Bihar,0.0,0.0,1989.0,10.0,1.0,4.0,6.0,39,Post-Monsoon,7.0,1,149,501,No Fatality,0,0,9
1565,1989-07-08,1989-07-08,1.0,heavy rains,Gujarat,0.0,0.0,1989.0,7.0,8.0,3.0,5.0,27,Monsoon,1.0,1,168,1709,No Fatality,0,1,26
1566,1989-08-15,1989-08-21,7.0,severe,Gujarat,7.0,0.0,1989.0,8.0,15.0,3.0,1.0,33,Monsoon,7.0,1,168,1382,Low,0,1,26
1567,1989-08-27,1989-08-27,1.0,heavy rains,Haryana,1.0,1.0,1989.0,8.0,27.0,3.0,6.0,34,Monsoon,1.0,1,60,1382,Low,0,1,27
1568,1989-07-12,1989-07-14,3.0,heavy rains,Himachal Pradesh,0.0,0.0,1989.0,7.0,12.0,3.0,2.0,28,Monsoon,3.0,1,362,1709,No Fatality,0,1,29
1569,1989-07-22,1989-07-22,1.0,heavy rains,Himachal Pradesh,0.0,0.0,1989.0,7.0,22.0,3.0,5.0,29,Monsoon,1.0,1,362,1709,No Fatality,0,1,29
1570,1989-07-25,1989-08-02,9.0,severe,Himachal Pradesh,53.0,0.0,1989.0,7.0,25.0,3.0,1.0,30,Monsoon,9.0,1,362,1709,High,1,1,29
1571,1989-04-25,1989-04-25,1.0,heavy rains,Jammu and Kashmir,4.0,1.0,1989.0,4.0,25.0,2.0,1.0,17,Summer,1.0,1,137,171,Low,0,0,33
1572,1989-06-07,1989-06-07,1.0,heavy rains,Jammu and Kashmir,0.0,30.0,1989.0,6.0,7.0,2.0,2.0,23,Monsoon,1.0,1,137,1071,No Fatality,0,1,33
1573,1989-07-15,1989-07-15,1.0,heavy rains,Jammu and Kashmir,0.0,0.0,1989.0,7.0,15.0,3.0,5.0,28,Monsoon,1.0,1,137,1709,No Fatality,0,1,33
1574,1989-07-29,1989-07-30,2.0,heavy rains,Jammu and Kashmir,3.0,3.0,1989.0,7.0,29.0,3.0,5.0,30,Monsoon,2.0,1,137,1709,Low,0,1,33
1575,1989-08-27,1989-08-27,1.0,heavy rains,Jammu and Kashmir,12.0,0.0,1989.0,8.0,27.0,3.0,6.0,34,Monsoon,1.0,1,137,1382,Medium,1,1,33
1576,1989-06-05,1989-06-05,1.0,flash flood,Karnataka,7.0,0.0,1989.0,6.0,5.0,2.0,0.0,23,Monsoon,1.0,1,491,1071,Low,0,1,37
1577,1989-07-06,1989-07-07,2.0,heavy rains,Karnataka,2.0,0.0,1989.0,7.0,6.0,3.0,3.0,27,Monsoon,2.0,1,491,1709,Low,0,1,37
1578,1989-07-12,1989-07-12,1.0,heavy rains,Karnataka,1.0,0.0,1989.0,7.0,12.0,3.0,2.0,28,Monsoon,1.0,1,491,1709,Low,0,1,37
1579,1989-07-13,1989-07-13,1.0,heavy rains,Karnataka,0.0,0.0,1989.0,7.0,13.0,3.0,3.0,28,Monsoon,1.0,1,491,1709,No Fatality,0,1,37
1580,1989-07-16,1989-07-16,1.0,heavy rains,Karnataka,4.0,0.0,1989.0,7.0,16.0,3.0,6.0,28,Monsoon,1.0,1,491,1709,Low,0,1,37
1581,1989-07-20,1989-07-26,7.0,"severe, heavy rains",Karnataka,0.0,5.0,1989.0,7.0,20.0,3.0,3.0,29,Monsoon,7.0,1,491,1709,No Fatality,0,1,37
1582,1989-09-16,1989-09-16,1.0,heavy rains,Karnataka,0.0,0.0,1989.0,9.0,16.0,3.0,5.0,37,Monsoon,1.0,1,491,938,No Fatality,0,1,37
1583,1989-09-24,1989-09-24,1.0,heavy rains,Karnataka,1.0,0.0,1989.0,9.0,24.0,3.0,6.0,38,Monsoon,1.0,1,491,938,Low,0,1,37
1584,1989-09-29,1989-09-30,2.0,heavy rains,Karnataka,7.0,0.0,1989.0,9.0,29.0,3.0,4.0,39,Monsoon,2.0,1,491,938,Low,0,1,37
1585,1989-06-08,1989-06-14,7.0,heavy rains,Kerala,0.0,0.0,1989.0,6.0,8.0,2.0,3.0,23,Monsoon,7.0,1,604,1071,No Fatality,0,1,39
1586,1989-06-09,1989-06-09,1.0,heavy rains,Kerala,0.0,0.0,1989.0,6.0,9.0,2.0,4.0,23,Monsoon,1.0,1,604,1071,No Fatality,0,1,39
1587,1989-06-11,1989-06-11,1.0,heavy rains,Kerala,0.0,0.0,1989.0,6.0,11.0,2.0,6.0,23,Monsoon,1.0,1,604,1071,No Fatality,0,1,39
1588,1989-06-11,1989-06-12,2.0,heavy rains,Kerala,1.0,0.0,1989.0,6.0,11.0,2.0,6.0,23,Monsoon,2.0,1,604,1071,Low,0,1,39
1589,1989-07-16,1989-07-16,1.0,heavy rains,Kerala,0.0,0.0,1989.0,7.0,16.0,3.0,6.0,28,Monsoon,1.0,1,604,1709,No Fatality,0,1,39
1590,1989-07-18,1989-07-18,1.0,heavy rains,Kerala,0.0,0.0,1989.0,7.0,18.0,3.0,1.0,29,Monsoon,1.0,1,604,1709,No Fatality,0,1,39
1591,1989-07-21,1989-07-21,1.0,heavy rains,Kerala,0.0,0.0,1989.0,7.0,21.0,3.0,4.0,29,Monsoon,1.0,1,604,1709,No Fatality,0,1,39
1592,1989-07-21,1989-07-22,2.0,heavy rains,Kerala,17.0,0.0,1989.0,7.0,21.0,3.0,4.0,29,Monsoon,2.0,1,604,1709,Medium,1,1,39
1593,1989-08-13,1989-08-13,1.0,severe,Madhya Pradesh,8.0,8.0,1989.0,8.0,13.0,3.0,6.0,32,Monsoon,1.0,1,238,1382,Low,0,1,43
1594,1989-06-07,1989-06-07,1.0,heavy rains ,Maharashtra,0.0,1.0,1989.0,6.0,7.0,2.0,2.0,23,Monsoon,1.0,1,1011,1071,No Fatality,0,1,47
1595,1989-06-29,1989-06-29,1.0,heavy rains,Maharashtra,1.0,1.0,1989.0,6.0,29.0,2.0,3.0,26,Monsoon,1.0,1,1011,1071,Low,0,1,47
1596,1989-06-30,1989-06-30,1.0,heavy rains,Maharashtra,2.0,2.0,1989.0,6.0,30.0,2.0,4.0,26,Monsoon,1.0,1,1011,1071,Low,0,1,47
1597,1989-07-23,1989-07-25,3.0,severe,Maharashtra,917.0,0.0,1989.0,7.0,23.0,3.0,6.0,29,Monsoon,3.0,1,1011,1709,High,1,1,47
1598,1989-08-01,1989-08-07,7.0,severe,Manipur,0.0,0.0,1989.0,8.0,1.0,3.0,1.0,31,Monsoon,7.0,1,20,1382,No Fatality,0,1,50
1599,1989-07-12,1989-07-20,9.0,severe,Odisha,0.0,0.0,1989.0,7.0,12.0,3.0,2.0,28,Monsoon,9.0,1,144,1709,No Fatality,0,1,55
1600,1989-08-02,1989-08-06,5.0,severe,Odisha,2.0,0.0,1989.0,8.0,2.0,3.0,2.0,31,Monsoon,5.0,1,144,1382,Low,0,1,55
1601,1989-09-11,1989-09-12,2.0,heavy rains,Odisha,0.0,0.0,1989.0,9.0,11.0,3.0,0.0,37,Monsoon,2.0,1,144,938,No Fatality,0,1,55
1602,1989-07-22,1989-07-22,1.0,heavy rains,Punjab,10.0,15.0,1989.0,7.0,22.0,3.0,5.0,29,Monsoon,1.0,1,171,1709,Low,0,1,61
1603,1989-07-27,1989-08-02,7.0,heavy rains,Punjab,2.0,8.0,1989.0,7.0,27.0,3.0,3.0,30,Monsoon,7.0,1,171,1709,Low,0,1,61
1604,1989-07-29,1989-07-30,2.0,severe,Punjab,0.0,0.0,1989.0,7.0,29.0,3.0,5.0,30,Monsoon,2.0,1,171,1709,No Fatality,0,1,61
1605,1989-07-02,1989-07-02,1.0,heavy rains,Rajasthan,0.0,0.0,1989.0,7.0,2.0,3.0,6.0,26,Monsoon,1.0,1,259,1709,No Fatality,0,1,62
1606,1989-07-21,1989-07-22,2.0,heavy rains,Rajasthan,0.0,0.0,1989.0,7.0,21.0,3.0,4.0,29,Monsoon,2.0,1,259,1709,No Fatality,0,1,62
1607,1989-08-22,1989-08-22,1.0,heavy rains,Rajasthan,0.0,0.0,1989.0,8.0,22.0,3.0,1.0,34,Monsoon,1.0,1,259,1382,No Fatality,0,1,62
1608,1989-06-19,1989-06-19,1.0,heavy rains,Tamil Nadu,0.0,0.0,1989.0,6.0,19.0,2.0,0.0,25,Monsoon,1.0,1,188,1071,No Fatality,0,1,66
1609,1989-07-22,1989-07-22,1.0,heavy rains,Tamil Nadu,10.0,0.0,1989.0,7.0,22.0,3.0,5.0,29,Monsoon,1.0,1,188,1709,Low,0,1,66
1610,1989-07-01,1989-08-31,62.0,severe,Uttar Pradesh,160.0,0.0,1989.0,7.0,1.0,3.0,5.0,26,Monsoon,62.0,1,448,1709,High,1,1,69
1611,1989-07-25,1989-07-25,1.0,severe,West Bengal,0.0,0.0,1989.0,7.0,25.0,3.0,1.0,30,Monsoon,1.0,1,330,1709,No Fatality,0,1,79
1612,1989-07-27,1989-07-27,1.0,heavy rains,West Bengal,4.0,50.0,1989.0,7.0,27.0,3.0,3.0,30,Monsoon,1.0,1,330,1709,Low,0,1,79
1613,1989-07-28,1989-08-03,7.0,severe,West Bengal,0.0,0.0,1989.0,7.0,28.0,3.0,4.0,30,Monsoon,7.0,1,330,1709,No Fatality,0,1,79
1614,1989-07-29,1989-07-29,1.0,heavy rains,West Bengal,0.0,0.0,1989.0,7.0,29.0,3.0,5.0,30,Monsoon,1.0,1,330,1709,No Fatality,0,1,79
1615,1989-07-31,1989-08-07,8.0,severe,West Bengal,5.0,0.0,1989.0,7.0,31.0,3.0,0.0,31,Monsoon,8.0,1,330,1709,Low,0,1,79
1616,1989-08-01,1989-08-01,1.0,heavy rains,West Bengal,0.0,0.0,1989.0,8.0,1.0,3.0,1.0,31,Monsoon,1.0,1,330,1382,No Fatality,0,1,79
1617,1989-08-06,1989-08-06,1.0,severe,West Bengal,0.0,0.0,1989.0,8.0,6.0,3.0,6.0,31,Monsoon,1.0,1,330,1382,No Fatality,0,1,79
1618,1989-12-26,1989-12-26,1.0,heavy rains ,Punjab,1.0,5.0,1989.0,12.0,26.0,4.0,1.0,52,Winter,1.0,1,171,71,Low,0,0,61
1619,1990-08-01,1990-08-31,31.0,severe,Andhra Pradesh,36.0,0.0,1990.0,8.0,1.0,3.0,2.0,31,Monsoon,31.0,1,150,1382,Medium,1,1,1
1620,1990-06-01,1990-06-07,7.0,severe,Arunachal Pradesh,1.0,0.0,1990.0,6.0,1.0,2.0,4.0,22,Monsoon,7.0,1,150,1071,Low,0,1,4
1621,1990-07-08,1990-07-08,1.0,heavy rains,Arunachal Pradesh,0.0,0.0,1990.0,7.0,8.0,3.0,6.0,27,Monsoon,1.0,1,150,1709,No Fatality,0,1,4
1622,1990-07-10,1990-07-10,1.0,heavy rains,Arunachal Pradesh,8.0,0.0,1990.0,7.0,10.0,3.0,1.0,28,Monsoon,1.0,1,150,1709,Low,0,1,4
1623,1990-08-08,1990-08-21,14.0,severe,Arunachal Pradesh,0.0,0.0,1990.0,8.0,8.0,3.0,2.0,32,Monsoon,14.0,1,150,1382,No Fatality,0,1,4
1624,1990-06-08,1990-07-31,54.0,severe,Assam,118.0,0.0,1990.0,6.0,8.0,2.0,4.0,23,Monsoon,54.0,1,908,1071,High,1,1,5
1625,1990-08-08,1990-08-21,14.0,severe,Assam,7.0,0.0,1990.0,8.0,8.0,3.0,2.0,32,Monsoon,14.0,1,908,1382,Low,0,1,5
1626,1990-09-15,1990-09-21,7.0,severe,Assam,0.0,0.0,1990.0,9.0,15.0,3.0,5.0,37,Monsoon,7.0,1,908,938,No Fatality,0,1,5
1627,1990-10-01,1990-10-19,19.0,severe,Assam,15.0,0.0,1990.0,10.0,1.0,4.0,0.0,40,Post-Monsoon,19.0,1,908,501,Medium,1,0,5
1628,1990-07-01,1990-08-07,38.0,severe,Bihar,4.0,0.0,1990.0,7.0,1.0,3.0,6.0,26,Monsoon,38.0,1,149,1709,Low,0,1,9
1629,1990-07-01,1990-07-07,7.0,severe,Gujarat,38.0,0.0,1990.0,7.0,1.0,3.0,6.0,26,Monsoon,7.0,1,168,1709,Medium,1,1,26
1630,1990-08-19,1990-08-19,1.0,heavy rains,Gujarat,4.0,0.0,1990.0,8.0,19.0,3.0,6.0,33,Monsoon,1.0,1,168,1382,Low,0,1,26
1631,1990-08-23,1990-08-28,6.0,severe,Gujarat,96.0,0.0,1990.0,8.0,23.0,3.0,3.0,34,Monsoon,6.0,1,168,1382,High,1,1,26
1632,1990-07-01,1990-07-05,5.0,heavy rains,Haryana,12.0,0.0,1990.0,7.0,1.0,3.0,6.0,26,Monsoon,5.0,1,60,1709,Medium,1,1,27
1633,1990-07-01,1990-07-05,5.0,heavy rains,Himachal Pradesh,1.0,0.0,1990.0,7.0,1.0,3.0,6.0,26,Monsoon,5.0,1,362,1709,Low,0,1,29
1634,1990-07-06,1990-07-10,5.0,heavy rains,Himachal Pradesh,18.0,0.0,1990.0,7.0,6.0,3.0,4.0,27,Monsoon,5.0,1,362,1709,Medium,1,1,29
1635,1990-07-19,1990-07-19,1.0,heavy rains,Himachal Pradesh,3.0,0.0,1990.0,7.0,19.0,3.0,3.0,29,Monsoon,1.0,1,362,1709,Low,0,1,29
1636,1990-07-29,1990-07-29,1.0,heavy rains,Himachal Pradesh,4.0,0.0,1990.0,7.0,29.0,3.0,6.0,30,Monsoon,1.0,1,362,1709,Low,0,1,29
1637,1990-08-05,1990-08-07,3.0,heavy rains,Himachal Pradesh,26.0,0.0,1990.0,8.0,5.0,3.0,6.0,31,Monsoon,3.0,1,362,1382,Medium,1,1,29
1638,1990-09-07,1990-09-10,4.0,heavy rains,Himachal Pradesh,2.0,0.0,1990.0,9.0,7.0,3.0,4.0,36,Monsoon,4.0,1,362,938,Low,0,1,29
1639,1990-03-18,1990-03-18,1.0,heavy rains,Jammu and Kashmir,5.0,0.0,1990.0,3.0,18.0,1.0,6.0,11,Summer,1.0,1,137,166,Low,0,0,33
1640,1990-03-22,1990-03-22,1.0,heavy rains,Jammu and Kashmir,32.0,5.0,1990.0,3.0,22.0,1.0,3.0,12,Summer,1.0,1,137,166,Medium,1,0,33
1641,1990-08-07,1990-08-07,1.0,heavy rains,Jammu and Kashmir,3.0,0.0,1990.0,8.0,7.0,3.0,1.0,32,Monsoon,1.0,1,137,1382,Low,0,1,33
1642,1990-09-07,1990-09-09,3.0,heavy rains,Jammu and Kashmir,21.0,20.0,1990.0,9.0,7.0,3.0,4.0,36,Monsoon,3.0,1,137,938,Medium,1,1,33
1643,1990-05-19,1990-05-19,1.0,heavy rains,Karnataka,2.0,0.0,1990.0,5.0,19.0,2.0,5.0,20,Summer,1.0,1,491,479,Low,0,0,37
1644,1990-05-25,1990-05-25,1.0,heavy rains,Karnataka,0.0,0.0,1990.0,5.0,25.0,2.0,4.0,21,Summer,1.0,1,491,479,No Fatality,0,0,37
1645,1990-06-14,1990-06-14,1.0,heavy rains,Karnataka,0.0,0.0,1990.0,6.0,14.0,2.0,3.0,24,Monsoon,1.0,1,491,1071,No Fatality,0,1,37
1646,1990-08-17,1990-08-17,1.0,heavy rains,Karnataka,15.0,0.0,1990.0,8.0,17.0,3.0,4.0,33,Monsoon,1.0,1,491,1382,Medium,1,1,37
1647,1990-08-21,1990-08-21,1.0,heavy rains,Karnataka,13.0,0.0,1990.0,8.0,21.0,3.0,1.0,34,Monsoon,1.0,1,491,1382,Medium,1,1,37
1648,1990-05-26,1990-05-26,1.0,heavy rains,Kerala,0.0,0.0,1990.0,5.0,26.0,2.0,5.0,21,Summer,1.0,1,604,479,No Fatality,0,0,39
1649,1990-07-03,1990-07-03,1.0,heavy rains,Kerala,0.0,0.0,1990.0,7.0,3.0,3.0,1.0,27,Monsoon,1.0,1,604,1709,No Fatality,0,1,39
1650,1990-11-03,1990-11-03,1.0,heavy rains,Kerala,0.0,0.0,1990.0,11.0,3.0,4.0,5.0,44,Post-Monsoon,1.0,1,604,194,No Fatality,0,0,39
1651,1990-07-20,1990-07-25,6.0,heavy rains,Madhya Pradesh,0.0,0.0,1990.0,7.0,20.0,3.0,4.0,29,Monsoon,6.0,1,238,1709,No Fatality,0,1,43
1652,1990-08-21,1990-08-23,3.0,heavy rains,Madhya Pradesh,7.0,0.0,1990.0,8.0,21.0,3.0,1.0,34,Monsoon,3.0,1,238,1382,Low,0,1,43
1653,1990-09-07,1990-09-08,2.0,heavy rains,Madhya Pradesh,0.0,0.0,1990.0,9.0,7.0,3.0,4.0,36,Monsoon,2.0,1,238,938,No Fatality,0,1,43
1654,1990-09-15,1990-09-18,4.0,heavy rains,Madhya Pradesh,8.0,0.0,1990.0,9.0,15.0,3.0,5.0,37,Monsoon,4.0,1,238,938,Low,0,1,43
1655,1990-05-05,1990-05-05,1.0,heavy rains,Maharashtra,0.0,0.0,1990.0,5.0,5.0,2.0,5.0,18,Summer,1.0,1,1011,479,No Fatality,0,0,47
1656,1990-06-15,1990-06-16,2.0,heavy rains,Maharashtra,22.0,0.0,1990.0,6.0,15.0,2.0,4.0,24,Monsoon,2.0,1,1011,1071,Medium,1,1,47
1657,1990-06-16,1990-06-17,2.0,heavy rains,Maharashtra,7.0,2.0,1990.0,6.0,16.0,2.0,5.0,24,Monsoon,2.0,1,1011,1071,Low,0,1,47
1658,1990-06-17,1990-06-17,1.0,heavy rains,Maharashtra,21.0,0.0,1990.0,6.0,17.0,2.0,6.0,24,Monsoon,1.0,1,1011,1071,Medium,1,1,47
1659,1990-06-26,1990-06-27,2.0,heavy rains,Maharashtra,10.0,53.0,1990.0,6.0,26.0,2.0,1.0,26,Monsoon,2.0,1,1011,1071,Low,0,1,47
1660,1990-07-24,1990-07-24,1.0,heavy rains,Maharashtra,3.0,0.0,1990.0,7.0,24.0,3.0,1.0,30,Monsoon,1.0,1,1011,1709,Low,0,1,47
1661,1990-08-15,1990-08-15,1.0,heavy rains,Maharashtra,2.0,0.0,1990.0,8.0,15.0,3.0,2.0,33,Monsoon,1.0,1,1011,1382,Low,0,1,47
1662,1990-08-15,1990-08-17,3.0,heavy rains,Maharashtra,13.0,0.0,1990.0,8.0,15.0,3.0,2.0,33,Monsoon,3.0,1,1011,1382,Medium,1,1,47
1663,1990-08-17,1990-08-17,1.0,heavy rains,Maharashtra,8.0,9.0,1990.0,8.0,17.0,3.0,4.0,33,Monsoon,1.0,1,1011,1382,Low,0,1,47
1664,1990-08-17,1990-08-20,4.0,heavy rains,Maharashtra,3.0,0.0,1990.0,8.0,17.0,3.0,4.0,33,Monsoon,4.0,1,1011,1382,Low,0,1,47
1665,1990-08-18,1990-08-18,1.0,heavy rains,Maharashtra,6.0,0.0,1990.0,8.0,18.0,3.0,5.0,33,Monsoon,1.0,1,1011,1382,Low,0,1,47
1666,1990-08-19,1990-08-19,1.0,heavy rains,Maharashtra,2.0,0.0,1990.0,8.0,19.0,3.0,6.0,33,Monsoon,1.0,1,1011,1382,Low,0,1,47
1667,1990-08-20,1990-08-20,1.0,heavy rains,Maharashtra,11.0,0.0,1990.0,8.0,20.0,3.0,0.0,34,Monsoon,1.0,1,1011,1382,Medium,1,1,47
1668,1990-08-21,1990-08-21,1.0,heavy rains,Maharashtra,10.0,4.0,1990.0,8.0,21.0,3.0,1.0,34,Monsoon,1.0,1,1011,1382,Low,0,1,47
1669,1990-08-22,1990-08-24,3.0,severe,Maharashtra,46.0,0.0,1990.0,8.0,22.0,3.0,2.0,34,Monsoon,3.0,1,1011,1382,Medium,1,1,47
1670,1990-08-30,1990-08-30,1.0,heavy rains,Maharashtra,1.0,0.0,1990.0,8.0,30.0,3.0,3.0,35,Monsoon,1.0,1,1011,1382,Low,0,1,47
1671,1990-09-24,1990-09-24,1.0,heavy rains,Maharashtra,0.0,0.0,1990.0,9.0,24.0,3.0,0.0,39,Monsoon,1.0,1,1011,938,No Fatality,0,1,47
1672,1990-10-10,1990-10-12,3.0,severe,Maharashtra,6.0,0.0,1990.0,10.0,10.0,4.0,2.0,41,Post-Monsoon,3.0,1,1011,501,Low,0,0,47
1673,1990-07-10,1990-07-10,1.0,severe,Manipur,0.0,0.0,1990.0,7.0,10.0,3.0,1.0,28,Monsoon,1.0,1,20,1709,No Fatality,0,1,50
1674,1990-10-11,1990-10-19,9.0,severe,Meghalaya,9.0,0.0,1990.0,10.0,11.0,4.0,3.0,41,Post-Monsoon,9.0,1,57,501,Low,0,0,51
1675,1990-07-14,1990-07-14,1.0,severe,Nagaland,0.0,0.0,1990.0,7.0,14.0,3.0,5.0,28,Monsoon,1.0,1,18,1709,No Fatality,0,1,53
1676,1990-06-02,1990-06-02,1.0,heavy rains,Odisha,3.0,0.0,1990.0,6.0,2.0,2.0,5.0,22,Monsoon,1.0,1,144,1071,Low,0,1,55
1677,1990-06-13,1990-06-14,2.0,heavy rains,Odisha,2.0,0.0,1990.0,6.0,13.0,2.0,2.0,24,Monsoon,2.0,1,144,1071,Low,0,1,55
1678,1990-08-19,1990-08-25,7.0,severe,Odisha,3.0,0.0,1990.0,8.0,19.0,3.0,6.0,33,Monsoon,7.0,1,144,1382,Low,0,1,55
1679,1990-08-20,1990-08-21,2.0,severe,Odisha,0.0,0.0,1990.0,8.0,20.0,3.0,0.0,34,Monsoon,2.0,1,144,1382,No Fatality,0,1,55
1680,1990-09-05,1990-09-05,1.0,heavy rains,Odisha,2.0,0.0,1990.0,9.0,5.0,3.0,2.0,36,Monsoon,1.0,1,144,938,Low,0,1,55
1681,1990-09-06,1990-09-06,1.0,heavy rains,Odisha,0.0,0.0,1990.0,9.0,6.0,3.0,3.0,36,Monsoon,1.0,1,144,938,No Fatality,0,1,55
1682,1990-10-03,1990-10-06,4.0,heavy rains,Odisha,0.0,0.0,1990.0,10.0,3.0,4.0,2.0,40,Post-Monsoon,4.0,1,144,501,No Fatality,0,0,55
1683,1990-10-08,1990-10-09,2.0,severe,Odisha,5.0,0.0,1990.0,10.0,8.0,4.0,0.0,41,Post-Monsoon,2.0,1,144,501,Low,0,0,55
1684,1990-10-12,1990-10-12,1.0,heavy rains,Odisha,0.0,0.0,1990.0,10.0,12.0,4.0,4.0,41,Post-Monsoon,1.0,1,144,501,No Fatality,0,0,55
1685,1990-11-03,1990-11-06,4.0,"heavy rains, flash flood",Odisha,77.0,0.0,1990.0,11.0,3.0,4.0,5.0,44,Post-Monsoon,4.0,1,144,194,High,1,0,55
1686,1990-11-12,1990-11-13,2.0,flash flood,Odisha,159.0,0.0,1990.0,11.0,12.0,4.0,0.0,46,Post-Monsoon,2.0,1,144,194,High,1,0,55
1687,1990-07-01,1990-07-05,5.0,heavy rains,Punjab,2.0,0.0,1990.0,7.0,1.0,3.0,6.0,26,Monsoon,5.0,1,171,1709,Low,0,1,61
1688,1990-09-07,1990-09-10,4.0,heavy rains,Punjab,5.0,4.0,1990.0,9.0,7.0,3.0,4.0,36,Monsoon,4.0,1,171,938,Low,0,1,61
1689,1990-07-02,1990-07-07,6.0,severe,Rajasthan,90.0,0.0,1990.0,7.0,2.0,3.0,0.0,27,Monsoon,6.0,1,259,1709,High,1,1,62
1690,1990-08-04,1990-08-07,4.0,heavy rains,Rajasthan,17.0,0.0,1990.0,8.0,4.0,3.0,5.0,31,Monsoon,4.0,1,259,1382,Medium,1,1,62
1691,1990-08-13,1990-08-13,1.0,heavy rains,Sikkim,0.0,0.0,1990.0,8.0,13.0,3.0,0.0,33,Monsoon,1.0,1,64,1382,No Fatality,0,1,65
1692,1990-09-17,1990-09-17,1.0,heavy rains,Sikkim,37.0,0.0,1990.0,9.0,17.0,3.0,0.0,38,Monsoon,1.0,1,64,938,Medium,1,1,65
1693,1990-07-09,1990-07-09,1.0,heavy rains,Uttarakhand,70.0,0.0,1990.0,7.0,9.0,3.0,0.0,28,Monsoon,1.0,1,107,1709,High,1,1,78
1694,1990-07-15,1990-07-28,14.0,severe,Uttar Pradesh,210.0,0.0,1990.0,7.0,15.0,3.0,6.0,28,Monsoon,14.0,1,448,1709,High,1,1,69
1695,1990-10-18,1990-10-31,14.0,heavy rains,Tamil Nadu,62.0,0.0,1990.0,10.0,18.0,4.0,3.0,42,Post-Monsoon,14.0,1,188,501,High,1,0,66
1696,1990-06-08,1990-06-08,1.0,heavy rains,Tripura,0.0,0.0,1990.0,6.0,8.0,2.0,4.0,23,Monsoon,1.0,1,47,1071,No Fatality,0,1,68
1697,1990-05-13,1990-05-14,2.0,heavy rains,West Bengal,1.0,0.0,1990.0,5.0,13.0,2.0,6.0,19,Summer,2.0,1,330,479,Low,0,0,79
1698,1990-06-05,1990-06-05,1.0,heavy rains,West Bengal,0.0,0.0,1990.0,6.0,5.0,2.0,1.0,23,Monsoon,1.0,1,330,1071,No Fatality,0,1,79
1699,1990-07-01,1990-07-02,2.0,heavy rains,West Bengal,3.0,0.0,1990.0,7.0,1.0,3.0,6.0,26,Monsoon,2.0,1,330,1709,Low,0,1,79
1700,1990-07-04,1990-07-04,1.0,heavy rains,West Bengal,4.0,3.0,1990.0,7.0,4.0,3.0,2.0,27,Monsoon,1.0,1,330,1709,Low,0,1,79
1701,1990-07-05,1990-07-05,1.0,heavy rains,West Bengal,4.0,0.0,1990.0,7.0,5.0,3.0,3.0,27,Monsoon,1.0,1,330,1709,Low,0,1,79
1702,1990-07-08,1990-07-14,7.0,heavy rains,West Bengal,3.0,0.0,1990.0,7.0,8.0,3.0,6.0,27,Monsoon,7.0,1,330,1709,Low,0,1,79
1703,1990-07-10,1990-07-10,1.0,heavy rains,West Bengal,1.0,0.0,1990.0,7.0,10.0,3.0,1.0,28,Monsoon,1.0,1,330,1709,Low,0,1,79
1704,1990-07-11,1990-07-11,1.0,heavy rains,West Bengal,12.0,0.0,1990.0,7.0,11.0,3.0,2.0,28,Monsoon,1.0,1,330,1709,Medium,1,1,79
1705,1990-07-13,1990-07-15,3.0,severe,West Bengal,4.0,0.0,1990.0,7.0,13.0,3.0,4.0,28,Monsoon,3.0,1,330,1709,Low,0,1,79
1706,1990-07-19,1990-07-19,1.0,heavy rains,West Bengal,0.0,0.0,1990.0,7.0,19.0,3.0,3.0,29,Monsoon,1.0,1,330,1709,No Fatality,0,1,79
1707,1990-07-19,1990-07-20,2.0,heavy rains,West Bengal,1.0,3.0,1990.0,7.0,19.0,3.0,3.0,29,Monsoon,2.0,1,330,1709,Low,0,1,79
1708,1990-07-20,1990-07-22,3.0,severe,West Bengal,0.0,0.0,1990.0,7.0,20.0,3.0,4.0,29,Monsoon,3.0,1,330,1709,No Fatality,0,1,79
1709,1990-07-29,1990-07-29,1.0,heavy rains,West Bengal,1.0,0.0,1990.0,7.0,29.0,3.0,6.0,30,Monsoon,1.0,1,330,1709,Low,0,1,79
1710,1990-08-01,1990-08-01,1.0,severe,West Bengal,0.0,0.0,1990.0,8.0,1.0,3.0,2.0,31,Monsoon,1.0,1,330,1382,No Fatality,0,1,79
1711,1990-08-04,1990-08-04,1.0,severe,West Bengal,0.0,0.0,1990.0,8.0,4.0,3.0,5.0,31,Monsoon,1.0,1,330,1382,No Fatality,0,1,79
1712,1990-08-13,1990-08-13,1.0,severe,West Bengal,0.0,0.0,1990.0,8.0,13.0,3.0,0.0,33,Monsoon,1.0,1,330,1382,No Fatality,0,1,79
1713,1990-09-02,1990-09-02,1.0,heavy rains,West Bengal,12.0,2.0,1990.0,9.0,2.0,3.0,6.0,35,Monsoon,1.0,1,330,938,Medium,1,1,79
1714,1990-09-04,1990-09-04,1.0,severe,West Bengal,0.0,0.0,1990.0,9.0,4.0,3.0,1.0,36,Monsoon,1.0,1,330,938,No Fatality,0,1,79
1715,1990-09-10,1990-09-10,1.0,heavy rains,West Bengal,16.0,0.0,1990.0,9.0,10.0,3.0,0.0,37,Monsoon,1.0,1,330,938,Medium,1,1,79
1716,1990-10-04,1990-10-04,1.0,heavy rains,West Bengal,2.0,2.0,1990.0,10.0,4.0,4.0,3.0,40,Post-Monsoon,1.0,1,330,501,Low,0,0,79
1717,1990-10-06,1990-10-10,5.0,severe,West Bengal,8.0,2.0,1990.0,10.0,6.0,4.0,5.0,40,Post-Monsoon,5.0,1,330,501,Low,0,0,79
1718,1990-10-08,1990-10-08,1.0,heavy rains,West Bengal,0.0,0.0,1990.0,10.0,8.0,4.0,0.0,41,Post-Monsoon,1.0,1,330,501,No Fatality,0,0,79
1719,1990-07-29,1990-07-29,1.0,heavy rains,Chandigarh ,0.0,0.0,1990.0,7.0,29.0,3.0,6.0,30,Monsoon,1.0,1,6,1709,No Fatality,0,1,16
1720,1990-08-22,1990-08-22,1.0,heavy rains,Delhi,3.0,5.0,1990.0,8.0,22.0,3.0,2.0,34,Monsoon,1.0,1,43,1382,Low,0,1,21
1721,1991-06-18,1991-06-18,1.0,heavy rains,Andhra Pradesh,9.0,0.0,1991.0,6.0,18.0,2.0,1.0,25,Monsoon,1.0,1,150,1071,Low,0,1,1
1722,1991-07-28,1991-07-29,2.0,severe flood,Andhra Pradesh,15.0,0.0,1991.0,7.0,28.0,3.0,6.0,30,Monsoon,2.0,1,150,1709,Medium,1,1,1
1723,1991-09-22,1991-09-23,2.0,heavy rains,Andhra Pradesh,21.0,0.0,1991.0,9.0,22.0,3.0,6.0,38,Monsoon,2.0,1,150,938,Medium,1,1,1
1724,1991-10-28,1991-10-30,3.0,heavy rains,Andhra Pradesh,18.0,0.0,1991.0,10.0,28.0,4.0,0.0,44,Post-Monsoon,3.0,1,150,501,Medium,1,0,1
1725,1991-05-05,1991-05-05,1.0,heavy rains,Arunachal Pradesh,10.0,25.0,1991.0,5.0,5.0,2.0,6.0,18,Summer,1.0,1,150,479,Low,0,0,4
1726,1991-05-07,1991-05-07,1.0,heavy rains,Arunachal Pradesh,44.0,0.0,1991.0,5.0,7.0,2.0,1.0,19,Summer,1.0,1,150,479,Medium,1,0,4
1727,1991-05-09,1991-05-10,2.0,heavy rains,Arunachal Pradesh,0.0,0.0,1991.0,5.0,9.0,2.0,3.0,19,Summer,2.0,1,150,479,No Fatality,0,0,4
1728,1991-05-15,1991-05-15,1.0,heavy rains,Arunachal Pradesh,0.0,0.0,1991.0,5.0,15.0,2.0,2.0,20,Summer,1.0,1,150,479,No Fatality,0,0,4
1729,1991-07-11,1991-07-11,1.0,flash flood,Arunachal Pradesh,25.0,0.0,1991.0,7.0,11.0,3.0,3.0,28,Monsoon,1.0,1,150,1709,Medium,1,1,4
1730,1991-07-19,1991-07-19,1.0,heavy rains,Arunachal Pradesh,0.0,0.0,1991.0,7.0,19.0,3.0,4.0,29,Monsoon,1.0,1,150,1709,No Fatality,0,1,4
1731,1991-05-03,1991-05-03,1.0,heavy rains,Assam,0.0,0.0,1991.0,5.0,3.0,2.0,4.0,18,Summer,1.0,1,908,479,No Fatality,0,0,5
1732,1991-05-05,1991-05-07,3.0,heavy rains,Assam,0.0,0.0,1991.0,5.0,5.0,2.0,6.0,18,Summer,3.0,1,908,479,No Fatality,0,0,5
1733,1991-05-08,1991-05-22,15.0,severe floods,Assam,39.0,0.0,1991.0,5.0,8.0,2.0,2.0,19,Summer,15.0,1,908,479,Medium,1,0,5
1734,1991-06-12,1991-06-30,19.0,severe floods,Assam,36.0,0.0,1991.0,6.0,12.0,2.0,2.0,24,Monsoon,19.0,1,908,1071,Medium,1,1,5
1735,1991-08-03,1991-08-03,1.0,heavy rains,Assam,0.0,0.0,1991.0,8.0,3.0,3.0,5.0,31,Monsoon,1.0,1,908,1382,No Fatality,0,1,5
1736,1991-08-12,1991-08-12,1.0,heavy rains,Assam,0.0,0.0,1991.0,8.0,12.0,3.0,0.0,33,Monsoon,1.0,1,908,1382,No Fatality,0,1,5
1737,1991-08-18,1991-08-18,1.0,severe flood,Assam,1.0,0.0,1991.0,8.0,18.0,3.0,6.0,33,Monsoon,1.0,1,908,1382,Low,0,1,5
1738,1991-09-09,1991-09-09,1.0,heavy rains,Assam,0.0,0.0,1991.0,9.0,9.0,3.0,0.0,37,Monsoon,1.0,1,908,938,No Fatality,0,1,5
1739,1991-10-14,1991-10-15,2.0,heavy rains,Assam,20.0,0.0,1991.0,10.0,14.0,4.0,0.0,42,Post-Monsoon,2.0,1,908,501,Medium,1,0,5
1740,1991-10-16,1991-10-21,6.0,severe flood,Assam,18.0,0.0,1991.0,10.0,16.0,4.0,2.0,42,Post-Monsoon,6.0,1,908,501,Medium,1,0,5
1741,1991-08-01,1991-09-01,32.0,severe flood,Gujarat,15.0,0.0,1991.0,8.0,1.0,3.0,3.0,31,Monsoon,32.0,1,168,1382,Medium,1,1,26
1742,1991-08-02,1991-08-02,1.0,heavy rains,Haryana,0.0,0.0,1991.0,8.0,2.0,3.0,4.0,31,Monsoon,1.0,1,60,1382,No Fatality,0,1,27
1743,1991-08-04,1991-08-04,1.0,heavy rains,Himachal Pradesh,2.0,0.0,1991.0,8.0,4.0,3.0,6.0,31,Monsoon,1.0,1,362,1382,Low,0,1,29
1744,1991-08-29,1991-08-29,1.0,heavy rains,Himachal Pradesh,5.0,0.0,1991.0,8.0,29.0,3.0,3.0,35,Monsoon,1.0,1,362,1382,Low,0,1,29
1745,1991-09-05,1991-09-05,1.0,heavy rains,Himachal Pradesh,0.0,0.0,1991.0,9.0,5.0,3.0,3.0,36,Monsoon,1.0,1,362,938,No Fatality,0,1,29
1746,1991-04-11,1991-04-21,11.0,heavy rains,Jammu and Kashmir,21.0,0.0,1991.0,4.0,11.0,2.0,3.0,15,Summer,11.0,1,137,171,Medium,1,0,33
1747,1991-04-28,1991-04-28,1.0,heavy rains,Karnataka,2.0,0.0,1991.0,4.0,28.0,2.0,6.0,17,Summer,1.0,1,491,171,Low,0,0,37
1748,1991-05-04,1991-05-04,1.0,heavy rains,Karnataka,2.0,0.0,1991.0,5.0,4.0,2.0,5.0,18,Summer,1.0,1,491,479,Low,0,0,37
1749,1991-05-09,1991-05-09,1.0,heavy rains,Karnataka,8.0,4.0,1991.0,5.0,9.0,2.0,3.0,19,Summer,1.0,1,491,479,Low,0,0,37
1750,1991-05-25,1991-05-25,1.0,heavy rains,Karnataka,4.0,0.0,1991.0,5.0,25.0,2.0,5.0,21,Summer,1.0,1,491,479,Low,0,0,37
1751,1991-06-05,1991-06-05,1.0,heavy rains,Karnataka,1.0,0.0,1991.0,6.0,5.0,2.0,2.0,23,Monsoon,1.0,1,491,1071,Low,0,1,37
1752,1991-06-27,1991-06-27,1.0,heavy rains,Karnataka,0.0,0.0,1991.0,6.0,27.0,2.0,3.0,26,Monsoon,1.0,1,491,1071,No Fatality,0,1,37
1753,1991-07-06,1991-07-10,5.0,heavy rains,Karnataka,0.0,0.0,1991.0,7.0,6.0,3.0,5.0,27,Monsoon,5.0,1,491,1709,No Fatality,0,1,37
1754,1991-07-08,1991-07-08,1.0,heavy rains,Karnataka,0.0,0.0,1991.0,7.0,8.0,3.0,0.0,28,Monsoon,1.0,1,491,1709,No Fatality,0,1,37
1755,1991-07-08,1991-07-09,2.0,heavy rains,Karnataka,2.0,0.0,1991.0,7.0,8.0,3.0,0.0,28,Monsoon,2.0,1,491,1709,Low,0,1,37
1756,1991-07-17,1991-07-17,1.0,heavy rains,Karnataka,1.0,0.0,1991.0,7.0,17.0,3.0,2.0,29,Monsoon,1.0,1,491,1709,Low,0,1,37
1757,1991-07-18,1991-07-18,1.0,heavy rains,Karnataka,1.0,0.0,1991.0,7.0,18.0,3.0,3.0,29,Monsoon,1.0,1,491,1709,Low,0,1,37
1758,1991-07-26,1991-07-28,3.0,severe flood,Karnataka,7.0,0.0,1991.0,7.0,26.0,3.0,4.0,30,Monsoon,3.0,1,491,1709,Low,0,1,37
1759,1991-10-28,1991-10-30,3.0,heavy rains,Karnataka,42.0,0.0,1991.0,10.0,28.0,4.0,0.0,44,Post-Monsoon,3.0,1,491,501,Medium,1,0,37
1760,1991-11-09,1991-11-16,8.0,severe flood,Karnataka,27.0,0.0,1991.0,11.0,9.0,4.0,5.0,45,Post-Monsoon,8.0,1,491,194,Medium,1,0,37
1761,1991-03-09,1991-03-09,1.0,heavy rains,Kerala,0.0,0.0,1991.0,3.0,9.0,1.0,5.0,10,Summer,1.0,1,604,166,No Fatality,0,0,39
1762,1991-05-21,1991-05-21,1.0,heavy rains,Kerala,0.0,0.0,1991.0,5.0,21.0,2.0,1.0,21,Summer,1.0,1,604,479,No Fatality,0,0,39
1763,1991-06-03,1991-06-03,1.0,heavy rains,Kerala,0.0,0.0,1991.0,6.0,3.0,2.0,0.0,23,Monsoon,1.0,1,604,1071,No Fatality,0,1,39
1764,1991-06-06,1991-06-06,1.0,heavy rains,Kerala,22.0,0.0,1991.0,6.0,6.0,2.0,3.0,23,Monsoon,1.0,1,604,1071,Medium,1,1,39
1765,1991-06-09,1991-06-09,1.0,heavy rains,Kerala,8.0,0.0,1991.0,6.0,9.0,2.0,6.0,23,Monsoon,1.0,1,604,1071,Low,0,1,39
1766,1991-06-19,1991-06-19,1.0,heavy rains,Kerala,0.0,0.0,1991.0,6.0,19.0,2.0,2.0,25,Monsoon,1.0,1,604,1071,No Fatality,0,1,39
1767,1991-07-07,1991-07-07,1.0,heavy rains,Kerala,0.0,0.0,1991.0,7.0,7.0,3.0,6.0,27,Monsoon,1.0,1,604,1709,No Fatality,0,1,39
1768,1991-06-08,1991-06-08,1.0,heavy rains,Madhya Pradesh,0.0,0.0,1991.0,6.0,8.0,2.0,5.0,23,Monsoon,1.0,1,238,1071,No Fatality,0,1,43
1769,1991-07-22,1991-07-22,1.0,heavy rains,Madhya Pradesh,0.0,0.0,1991.0,7.0,22.0,3.0,0.0,30,Monsoon,1.0,1,238,1709,No Fatality,0,1,43
1770,1991-07-30,1991-07-31,2.0,heavy rains,Madhya Pradesh,22.0,0.0,1991.0,7.0,30.0,3.0,1.0,31,Monsoon,2.0,1,238,1709,Medium,1,1,43
1771,1991-08-03,1991-08-03,1.0,heavy rains,Madhya Pradesh,6.0,0.0,1991.0,8.0,3.0,3.0,5.0,31,Monsoon,1.0,1,238,1382,Low,0,1,43
1772,1991-08-19,1991-08-19,1.0,heavy rains,Madhya Pradesh,2.0,0.0,1991.0,8.0,19.0,3.0,0.0,34,Monsoon,1.0,1,238,1382,Low,0,1,43
1773,1991-08-23,1991-08-26,4.0,heavy rains,Madhya Pradesh,7.0,0.0,1991.0,8.0,23.0,3.0,4.0,34,Monsoon,4.0,1,238,1382,Low,0,1,43
1774,1991-05-27,1991-05-27,1.0,heavy rains,Maharashtra,2.0,5.0,1991.0,5.0,27.0,2.0,0.0,22,Summer,1.0,1,1011,479,Low,0,0,47
1775,1991-06-02,1991-06-02,1.0,heavy rains,Maharashtra,3.0,0.0,1991.0,6.0,2.0,2.0,6.0,22,Monsoon,1.0,1,1011,1071,Low,0,1,47
1776,1991-06-04,1991-06-04,1.0,heavy rains,Maharashtra,14.0,0.0,1991.0,6.0,4.0,2.0,1.0,23,Monsoon,1.0,1,1011,1071,Medium,1,1,47
1777,1991-06-06,1991-06-07,2.0,heavy rains,Maharashtra,0.0,0.0,1991.0,6.0,6.0,2.0,3.0,23,Monsoon,2.0,1,1011,1071,No Fatality,0,1,47
1778,1991-06-07,1991-06-10,4.0,heavy rains,Maharashtra,74.0,100.0,1991.0,6.0,7.0,2.0,4.0,23,Monsoon,4.0,1,1011,1071,High,1,1,47
1779,1991-06-08,1991-06-09,2.0,heavy rains,Maharashtra,0.0,0.0,1991.0,6.0,8.0,2.0,5.0,23,Monsoon,2.0,1,1011,1071,No Fatality,0,1,47
1780,1991-06-14,1991-06-14,1.0,heavy rains,Maharashtra,4.0,0.0,1991.0,6.0,14.0,2.0,4.0,24,Monsoon,1.0,1,1011,1071,Low,0,1,47
1781,1991-06-30,1991-07-01,2.0,heavy rains,Maharashtra,5.0,4.0,1991.0,6.0,30.0,2.0,6.0,26,Monsoon,2.0,1,1011,1071,Low,0,1,47
1782,1991-07-13,1991-07-13,1.0,heavy rains,Maharashtra,5.0,0.0,1991.0,7.0,13.0,3.0,5.0,28,Monsoon,1.0,1,1011,1709,Low,0,1,47
1783,1991-07-16,1991-07-17,2.0,heavy rains,Maharashtra,0.0,0.0,1991.0,7.0,16.0,3.0,1.0,29,Monsoon,2.0,1,1011,1709,No Fatality,0,1,47
1784,1991-07-18,1991-07-30,13.0,flash flood,Maharashtra,500.0,0.0,1991.0,7.0,18.0,3.0,3.0,29,Monsoon,13.0,1,1011,1709,High,1,1,47
1785,1991-07-22,1991-07-22,1.0,heavy rains,Maharashtra,0.0,0.0,1991.0,7.0,22.0,3.0,0.0,30,Monsoon,1.0,1,1011,1709,No Fatality,0,1,47
1786,1991-07-27,1991-07-27,1.0,heavy rains,Maharashtra,4.0,0.0,1991.0,7.0,27.0,3.0,5.0,30,Monsoon,1.0,1,1011,1709,Low,0,1,47
1787,1991-07-29,1991-07-30,2.0,heavy rains,Maharashtra,1.0,4.0,1991.0,7.0,29.0,3.0,0.0,31,Monsoon,2.0,1,1011,1709,Low,0,1,47
1788,1991-08-03,1991-08-03,1.0,heavy rains,Maharashtra,0.0,0.0,1991.0,8.0,3.0,3.0,5.0,31,Monsoon,1.0,1,1011,1382,No Fatality,0,1,47
1789,1991-08-12,1991-08-16,5.0,severe flood,Maharashtra,0.0,0.0,1991.0,8.0,12.0,3.0,0.0,33,Monsoon,5.0,1,1011,1382,No Fatality,0,1,47
1790,1991-08-17,1991-08-17,1.0,heavy rains,Maharashtra,2.0,0.0,1991.0,8.0,17.0,3.0,5.0,33,Monsoon,1.0,1,1011,1382,Low,0,1,47
1791,1991-05-04,1991-05-09,6.0,heavy rains,Manipur,0.0,0.0,1991.0,5.0,4.0,2.0,5.0,18,Summer,6.0,1,20,479,No Fatality,0,0,50
1792,1991-11-03,1991-11-03,1.0,heavy rains,Manipur,0.0,0.0,1991.0,11.0,3.0,4.0,6.0,44,Post-Monsoon,1.0,1,20,194,No Fatality,0,0,50
1793,1991-05-11,1991-05-11,1.0,heavy rains,Meghalaya,0.0,0.0,1991.0,5.0,11.0,2.0,5.0,19,Summer,1.0,1,57,479,No Fatality,0,0,51
1794,1991-07-11,1991-07-11,1.0,heavy rains,Meghalaya,0.0,0.0,1991.0,7.0,11.0,3.0,3.0,28,Monsoon,1.0,1,57,1709,No Fatality,0,1,51
1795,1991-07-19,1991-07-19,1.0,severe flood,Meghalaya,2.0,0.0,1991.0,7.0,19.0,3.0,4.0,29,Monsoon,1.0,1,57,1709,Low,0,1,51
1796,1991-04-30,1991-05-01,2.0,heavy rains,Mizoram,2.0,0.0,1991.0,4.0,30.0,2.0,1.0,18,Summer,2.0,1,27,171,Low,0,0,52
1797,1991-05-08,1991-05-08,1.0,severe flood,Mizoram,5.0,0.0,1991.0,5.0,8.0,2.0,2.0,19,Summer,1.0,1,27,479,Low,0,0,52
1798,1991-04-28,1991-04-30,3.0,heavy rains,Odisha,0.0,0.0,1991.0,4.0,28.0,2.0,6.0,17,Summer,3.0,1,144,171,No Fatality,0,0,55
1799,1991-07-18,1991-07-18,1.0,heavy rains,Odisha,0.0,0.0,1991.0,7.0,18.0,3.0,3.0,29,Monsoon,1.0,1,144,1709,No Fatality,0,1,55
1800,1991-07-29,1991-07-29,1.0,"severe, heavy rains",Odisha,7.0,0.0,1991.0,7.0,29.0,3.0,0.0,31,Monsoon,1.0,1,144,1709,Low,0,1,55
1801,1991-07-30,1991-07-31,2.0,severe floods,Odisha,48.0,0.0,1991.0,7.0,30.0,3.0,1.0,31,Monsoon,2.0,1,144,1709,Medium,1,1,55
1802,1991-08-01,1991-08-01,1.0,heavy rains,Odisha,0.0,0.0,1991.0,8.0,1.0,3.0,3.0,31,Monsoon,1.0,1,144,1382,No Fatality,0,1,55
1803,1991-08-13,1991-08-13,1.0,severe flood,Odisha,1.0,0.0,1991.0,8.0,13.0,3.0,1.0,33,Monsoon,1.0,1,144,1382,Low,0,1,55
1804,1991-08-16,1991-08-16,1.0,severe flood,Odisha,32.0,0.0,1991.0,8.0,16.0,3.0,4.0,33,Monsoon,1.0,1,144,1382,Medium,1,1,55
1805,1991-08-17,1991-08-17,1.0,severe flood,Odisha,16.0,0.0,1991.0,8.0,17.0,3.0,5.0,33,Monsoon,1.0,1,144,1382,Medium,1,1,55
1806,1991-08-27,1991-08-27,1.0,severe floods,Odisha,1.0,0.0,1991.0,8.0,27.0,3.0,1.0,35,Monsoon,1.0,1,144,1382,Low,0,1,55
1807,1991-08-04,1991-08-04,1.0,heavy rains,Punjab,4.0,0.0,1991.0,8.0,4.0,3.0,6.0,31,Monsoon,1.0,1,171,1382,Low,0,1,61
1808,1991-07-26,1991-07-28,3.0,heavy rains,Rajasthan,5.0,0.0,1991.0,7.0,26.0,3.0,4.0,30,Monsoon,3.0,1,259,1709,Low,0,1,62
1809,1991-07-31,1991-07-31,1.0,heavy rains,Rajasthan,2.0,0.0,1991.0,7.0,31.0,3.0,2.0,31,Monsoon,1.0,1,259,1709,Low,0,1,62
1810,1991-08-27,1991-08-28,2.0,heavy rains,Rajasthan,0.0,0.0,1991.0,8.0,27.0,3.0,1.0,35,Monsoon,2.0,1,259,1382,No Fatality,0,1,62
1811,1991-09-01,1991-09-01,1.0,heavy rains,Rajasthan,10.0,0.0,1991.0,9.0,1.0,3.0,6.0,35,Monsoon,1.0,1,259,938,Low,0,1,62
1812,1991-09-16,1991-09-16,1.0,heavy rains,Sikkim,0.0,0.0,1991.0,9.0,16.0,3.0,0.0,38,Monsoon,1.0,1,64,938,No Fatality,0,1,65
1813,1991-10-20,1991-10-30,11.0,heavy rains,Tamil Nadu,21.0,6.0,1991.0,10.0,20.0,4.0,6.0,42,Post-Monsoon,11.0,1,188,501,Medium,1,0,66
1814,1991-04-29,1991-04-30,2.0,heavy rains,Tripura,5.0,6.0,1991.0,4.0,29.0,2.0,0.0,18,Summer,2.0,1,47,171,Low,0,0,68
1815,1991-05-08,1991-05-09,2.0,heavy rains,Tripura,7.0,0.0,1991.0,5.0,8.0,2.0,2.0,19,Summer,2.0,1,47,479,Low,0,0,68
1816,1991-08-07,1991-08-07,1.0,severe flood,Uttar Pradesh,3.0,0.0,1991.0,8.0,7.0,3.0,2.0,32,Monsoon,1.0,1,448,1382,Low,0,1,69
1817,1991-08-08,1991-08-08,1.0,severe flood,Uttar Pradesh,2.0,0.0,1991.0,8.0,8.0,3.0,3.0,32,Monsoon,1.0,1,448,1382,Low,0,1,69
1818,1991-08-13,1991-08-13,1.0,severe flood,Uttar Pradesh,1.0,0.0,1991.0,8.0,13.0,3.0,1.0,33,Monsoon,1.0,1,448,1382,Low,0,1,69
1819,1991-08-14,1991-08-14,1.0,severe flood,Uttar Pradesh,10.0,0.0,1991.0,8.0,14.0,3.0,2.0,33,Monsoon,1.0,1,448,1382,Low,0,1,69
1820,1991-08-15,1991-08-16,2.0,heavy rains,Uttarakhand,32.0,0.0,1991.0,8.0,15.0,3.0,3.0,33,Monsoon,2.0,1,107,1382,Medium,1,1,78
1821,1991-08-16,1991-08-17,2.0,heavy rains,Uttarakhand,1.0,0.0,1991.0,8.0,16.0,3.0,4.0,33,Monsoon,2.0,1,107,1382,Low,0,1,78
1822,1991-08-18,1991-08-18,1.0,heavy rains,Uttarakhand,0.0,0.0,1991.0,8.0,18.0,3.0,6.0,33,Monsoon,1.0,1,107,1382,No Fatality,0,1,78
1823,1991-08-20,1991-08-20,1.0,severe flood,Uttar Pradesh,6.0,0.0,1991.0,8.0,20.0,3.0,1.0,34,Monsoon,1.0,1,448,1382,Low,0,1,69
1824,1991-08-25,1991-08-25,1.0,severe flood,Uttar Pradesh,0.0,0.0,1991.0,8.0,25.0,3.0,6.0,34,Monsoon,1.0,1,448,1382,No Fatality,0,1,69
1825,1991-08-25,1991-08-31,7.0,heavy rains,Uttar Pradesh,3.0,0.0,1991.0,8.0,25.0,3.0,6.0,34,Monsoon,7.0,1,448,1382,Low,0,1,69
1826,1991-10-25,1991-10-26,2.0,heavy rains,Himachal Pradesh,0.0,0.0,1991.0,10.0,25.0,4.0,4.0,43,Post-Monsoon,2.0,1,362,501,No Fatality,0,0,29
1827,1991-08-26,1991-08-26,1.0,heavy rains,Uttar Pradesh,62.0,0.0,1991.0,8.0,26.0,3.0,0.0,35,Monsoon,1.0,1,448,1382,High,1,1,69
1828,1991-08-28,1991-08-28,1.0,"severe flood, heavy rains",Uttar Pradesh,12.0,0.0,1991.0,8.0,28.0,3.0,2.0,35,Monsoon,1.0,1,448,1382,Medium,1,1,69
1829,1991-08-29,1991-08-29,1.0,severe flood,Uttar Pradesh,9.0,0.0,1991.0,8.0,29.0,3.0,3.0,35,Monsoon,1.0,1,448,1382,Low,0,1,69
1830,1991-08-30,1991-08-30,1.0,"heavy rains, severe flood",Uttar Pradesh,3.0,0.0,1991.0,8.0,30.0,3.0,4.0,35,Monsoon,1.0,1,448,1382,Low,0,1,69
1831,1991-08-31,1991-08-31,1.0,severe flood,Uttar Pradesh,7.0,0.0,1991.0,8.0,31.0,3.0,5.0,35,Monsoon,1.0,1,448,1382,Low,0,1,69
1832,1991-09-02,1991-09-02,1.0,severe flood,Uttar Pradesh,2.0,0.0,1991.0,9.0,2.0,3.0,0.0,36,Monsoon,1.0,1,448,938,Low,0,1,69
1833,1991-09-04,1991-09-04,1.0,severe flood,Uttar Pradesh,6.0,0.0,1991.0,9.0,4.0,3.0,2.0,36,Monsoon,1.0,1,448,938,Low,0,1,69
1834,1991-09-05,1991-09-05,1.0,"severe flood, heavy rains",Uttar Pradesh,3.0,0.0,1991.0,9.0,5.0,3.0,3.0,36,Monsoon,1.0,1,448,938,Low,0,1,69
1835,1991-09-07,1991-09-07,1.0,heavy rains,Uttar Pradesh,18.0,0.0,1991.0,9.0,7.0,3.0,5.0,36,Monsoon,1.0,1,448,938,Medium,1,1,69
1836,1991-09-11,1991-09-11,1.0,severe flood,Uttar Pradesh,3.0,0.0,1991.0,9.0,11.0,3.0,2.0,37,Monsoon,1.0,1,448,938,Low,0,1,69
1837,1991-09-14,1991-09-14,1.0,severe flood,Uttar Pradesh,0.0,0.0,1991.0,9.0,14.0,3.0,5.0,37,Monsoon,1.0,1,448,938,No Fatality,0,1,69
1838,1991-09-16,1991-09-16,1.0,severe flood,Uttar Pradesh,0.0,0.0,1991.0,9.0,16.0,3.0,0.0,38,Monsoon,1.0,1,448,938,No Fatality,0,1,69
1839,1991-04-29,1991-04-29,1.0,heavy rains,West Bengal,0.0,0.0,1991.0,4.0,29.0,2.0,0.0,18,Summer,1.0,1,330,171,No Fatality,0,0,79
1840,1991-06-05,1991-06-05,1.0,heavy rains,West Bengal,8.0,0.0,1991.0,6.0,5.0,2.0,2.0,23,Monsoon,1.0,1,330,1071,Low,0,1,79
1841,1991-06-05,1991-06-06,1.0,heavy rains,West Bengal,0.0,0.0,1991.0,6.0,5.0,2.0,2.0,23,Monsoon,2.0,1,330,1071,No Fatality,0,1,79
1842,1991-06-07,1991-06-07,1.0,heavy rains,West Bengal,1.0,6.0,1991.0,6.0,7.0,2.0,4.0,23,Monsoon,1.0,1,330,1071,Low,0,1,79
1843,1991-07-07,1991-07-07,1.0,heavy rains,West Bengal,0.0,0.0,1991.0,7.0,7.0,3.0,6.0,27,Monsoon,1.0,1,330,1709,No Fatality,0,1,79
1844,1991-09-06,1991-09-14,9.0,severe flood,West Bengal,64.0,0.0,1991.0,9.0,6.0,3.0,4.0,36,Monsoon,9.0,1,330,938,High,1,1,79
1845,1991-09-08,1991-09-08,1.0,heavy rains,West Bengal,0.0,2.0,1991.0,9.0,8.0,3.0,6.0,36,Monsoon,1.0,1,330,938,No Fatality,0,1,79
1846,1991-08-25,1991-08-26,2.0,heavy rains,Delhi,5.0,0.0,1991.0,8.0,25.0,3.0,6.0,34,Monsoon,2.0,1,43,1382,Low,0,1,21
1847,1992-08-15,1992-08-20,6.0,severe,Andhra Pradesh,7.0,0.0,1992.0,8.0,15.0,3.0,5.0,33,Monsoon,6.0,1,150,1382,Low,0,1,1
1848,1992-11-16,1992-11-19,4.0,heavy rains,Andhra Pradesh,35.0,0.0,1992.0,11.0,16.0,4.0,0.0,47,Post-Monsoon,4.0,1,150,194,Medium,1,0,1
1849,1992-06-27,1992-06-27,1.0,flash flood,Arunachal Pradesh,0.0,0.0,1992.0,6.0,27.0,2.0,5.0,26,Monsoon,1.0,1,150,1071,No Fatality,0,1,4
1850,1992-09-28,1992-09-28,1.0,heavy rains,Arunachal Pradesh,0.0,0.0,1992.0,9.0,28.0,3.0,0.0,40,Monsoon,1.0,1,150,938,No Fatality,0,1,4
1851,1992-03-29,1992-03-30,2.0,severe,Assam,0.0,0.0,1992.0,3.0,29.0,1.0,6.0,13,Summer,2.0,1,908,166,No Fatality,0,0,5
1852,1992-04-04,1992-04-05,2.0,severe,Assam,14.0,0.0,1992.0,4.0,4.0,2.0,5.0,14,Summer,2.0,1,908,171,Medium,1,0,5
1853,1992-06-07,1992-06-07,1.0,heavy rains,Assam,0.0,0.0,1992.0,6.0,7.0,2.0,6.0,23,Monsoon,1.0,1,908,1071,No Fatality,0,1,5
1854,1992-06-22,1992-06-30,9.0,severe,Assam,17.0,0.0,1992.0,6.0,22.0,2.0,0.0,26,Monsoon,9.0,1,908,1071,Medium,1,1,5
1855,1992-08-05,1992-08-05,1.0,severe,Assam,0.0,0.0,1992.0,8.0,5.0,3.0,2.0,32,Monsoon,1.0,1,908,1382,No Fatality,0,1,5
1856,1992-08-09,1992-08-09,1.0,severe,Assam,0.0,0.0,1992.0,8.0,9.0,3.0,6.0,32,Monsoon,1.0,1,908,1382,No Fatality,0,1,5
1857,1992-09-02,1992-09-02,1.0,severe,Assam,0.0,0.0,1992.0,9.0,2.0,3.0,2.0,36,Monsoon,1.0,1,908,938,No Fatality,0,1,5
1858,1992-09-27,1992-09-27,1.0,heavy rains,Assam,0.0,0.0,1992.0,9.0,27.0,3.0,6.0,39,Monsoon,1.0,1,908,938,No Fatality,0,1,5
1859,1992-10-15,1992-10-19,5.0,severe,Assam,0.0,0.0,1992.0,10.0,15.0,4.0,3.0,42,Post-Monsoon,5.0,1,908,501,No Fatality,0,0,5
1860,1992-09-03,1992-09-03,1.0,severe,Bihar,0.0,0.0,1992.0,9.0,3.0,3.0,3.0,36,Monsoon,1.0,1,149,938,No Fatality,0,1,9
1861,1992-06-15,1992-06-15,1.0,heavy rains,Goa,0.0,0.0,1992.0,6.0,15.0,2.0,0.0,25,Monsoon,1.0,1,30,1071,No Fatality,0,1,22
1862,1992-06-19,1992-06-26,8.0,severe,Gujarat,30.0,0.0,1992.0,6.0,19.0,2.0,4.0,25,Monsoon,8.0,1,168,1071,Medium,1,1,26
1863,1992-07-21,1992-08-01,12.0,heavy rains,Gujarat,112.0,0.0,1992.0,7.0,21.0,3.0,1.0,30,Monsoon,12.0,1,168,1709,High,1,1,26
1864,1992-07-17,1992-07-17,1.0,heavy rains,Himachal Pradesh,35.0,45.0,1992.0,7.0,17.0,3.0,4.0,29,Monsoon,1.0,1,362,1709,Medium,1,1,29
1865,1992-08-17,1992-08-17,1.0,heavy rains,Himachal Pradesh,2.0,0.0,1992.0,8.0,17.0,3.0,0.0,34,Monsoon,1.0,1,362,1382,Low,0,1,29
1866,1992-08-20,1992-08-20,1.0,heavy rains,Himachal Pradesh,1.0,0.0,1992.0,8.0,20.0,3.0,3.0,34,Monsoon,1.0,1,362,1382,Low,0,1,29
1867,1992-08-31,1992-08-31,1.0,heavy rains,Himachal Pradesh,9.0,0.0,1992.0,8.0,31.0,3.0,0.0,36,Monsoon,1.0,1,362,1382,Low,0,1,29
1868,1992-09-08,1992-09-13,6.0,severe,Jammu and Kashmir,350.0,0.0,1992.0,9.0,8.0,3.0,1.0,37,Monsoon,6.0,1,137,938,High,1,1,33
1869,1992-10-07,1992-10-07,1.0,heavy rains,Karnataka,3.0,0.0,1992.0,10.0,7.0,4.0,2.0,41,Post-Monsoon,1.0,1,491,501,Low,0,0,37
1870,1992-11-16,1992-11-18,3.0,heavy rains,Karnataka,55.0,0.0,1992.0,11.0,16.0,4.0,0.0,47,Post-Monsoon,3.0,1,491,194,High,1,0,37
1871,1992-05-18,1992-05-19,2.0,heavy rains,Kerala,5.0,0.0,1992.0,5.0,18.0,2.0,0.0,21,Summer,2.0,1,604,479,Low,0,0,39
1872,1992-06-08,1992-06-09,2.0,heavy rains,Kerala,7.0,0.0,1992.0,6.0,8.0,2.0,0.0,24,Monsoon,2.0,1,604,1071,Low,0,1,39
1873,1992-07-02,1992-07-02,1.0,heavy rains,Kerala,55.0,0.0,1992.0,7.0,2.0,3.0,3.0,27,Monsoon,1.0,1,604,1709,High,1,1,39
1874,1992-07-16,1992-07-16,1.0,heavy rains,Kerala,9.0,0.0,1992.0,7.0,16.0,3.0,3.0,29,Monsoon,1.0,1,604,1709,Low,0,1,39
1875,1992-07-27,1992-07-28,2.0,heavy rains,Kerala,1.0,0.0,1992.0,7.0,27.0,3.0,0.0,31,Monsoon,2.0,1,604,1709,Low,0,1,39
1876,1992-07-28,1992-07-28,1.0,heavy rains,Kerala,0.0,0.0,1992.0,7.0,28.0,3.0,1.0,31,Monsoon,1.0,1,604,1709,No Fatality,0,1,39
1877,1992-07-31,1992-07-31,1.0,heavy rains,Kerala,1.0,0.0,1992.0,7.0,31.0,3.0,4.0,31,Monsoon,1.0,1,604,1709,Low,0,1,39
1878,1992-08-02,1992-08-02,1.0,heavy rains,Kerala,0.0,0.0,1992.0,8.0,2.0,3.0,6.0,31,Monsoon,1.0,1,604,1382,No Fatality,0,1,39
1879,1992-08-08,1992-08-08,1.0,heavy rains,Kerala,4.0,2.0,1992.0,8.0,8.0,3.0,5.0,32,Monsoon,1.0,1,604,1382,Low,0,1,39
1880,1992-10-10,1992-10-11,2.0,heavy rains,Kerala,79.0,0.0,1992.0,10.0,10.0,4.0,5.0,41,Post-Monsoon,2.0,1,604,501,High,1,0,39
1881,1992-09-12,1992-09-13,2.0,heavy rains,Madhya Pradesh,2.0,0.0,1992.0,9.0,12.0,3.0,5.0,37,Monsoon,2.0,1,238,938,Low,0,1,43
1882,1992-09-20,1992-09-20,1.0,heavy rains,Madhya Pradesh,0.0,0.0,1992.0,9.0,20.0,3.0,6.0,38,Monsoon,1.0,1,238,938,No Fatality,0,1,43
1883,1992-06-20,1992-06-23,4.0,flash flood,Maharashtra,8.0,0.0,1992.0,6.0,20.0,2.0,5.0,25,Monsoon,4.0,1,1011,1071,Low,0,1,47
1884,1992-07-18,1992-07-19,2.0,heavy rains,Maharashtra,7.0,0.0,1992.0,7.0,18.0,3.0,5.0,29,Monsoon,2.0,1,1011,1709,Low,0,1,47
1885,1992-07-22,1992-07-28,7.0,heavy rains,Maharashtra,9.0,0.0,1992.0,7.0,22.0,3.0,2.0,30,Monsoon,7.0,1,1011,1709,Low,0,1,47
1886,1992-08-04,1992-08-04,1.0,heavy rains,Maharashtra,2.0,0.0,1992.0,8.0,4.0,3.0,1.0,32,Monsoon,1.0,1,1011,1382,Low,0,1,47
1887,1992-08-12,1992-08-12,1.0,heavy rains,Maharashtra,0.0,0.0,1992.0,8.0,12.0,3.0,2.0,33,Monsoon,1.0,1,1011,1382,No Fatality,0,1,47
1888,1992-08-14,1992-08-14,1.0,heavy rains,Maharashtra,0.0,0.0,1992.0,8.0,14.0,3.0,4.0,33,Monsoon,1.0,1,1011,1382,No Fatality,0,1,47
1889,1992-08-15,1992-08-18,4.0,heavy rains,Maharashtra,19.0,0.0,1992.0,8.0,15.0,3.0,5.0,33,Monsoon,4.0,1,1011,1382,Medium,1,1,47
1890,1992-08-16,1992-08-16,1.0,heavy rains,Maharashtra,3.0,0.0,1992.0,8.0,16.0,3.0,6.0,33,Monsoon,1.0,1,1011,1382,Low,0,1,47
1891,1992-08-21,1992-08-21,1.0,heavy rains,Maharashtra,29.0,0.0,1992.0,8.0,21.0,3.0,4.0,34,Monsoon,1.0,1,1011,1382,Medium,1,1,47
1892,1992-08-31,1992-08-31,1.0,heavy rains,Maharashtra,5.0,0.0,1992.0,8.0,31.0,3.0,0.0,36,Monsoon,1.0,1,1011,1382,Low,0,1,47
1893,1992-09-02,1992-09-02,1.0,heavy rains,Maharashtra,2.0,2.0,1992.0,9.0,2.0,3.0,2.0,36,Monsoon,1.0,1,1011,938,Low,0,1,47
1894,1992-10-16,1992-10-16,1.0,severe,Manipur,0.0,0.0,1992.0,10.0,16.0,4.0,4.0,42,Post-Monsoon,1.0,1,20,501,No Fatality,0,0,50
1895,1992-08-09,1992-08-10,2.0,heavy rains,Mizoram,106.0,0.0,1992.0,8.0,9.0,3.0,6.0,32,Monsoon,2.0,1,27,1382,High,1,1,52
1896,1992-09-23,1992-09-23,1.0,heavy rains,Mizoram,2.0,8.0,1992.0,9.0,23.0,3.0,2.0,39,Monsoon,1.0,1,27,938,Low,0,1,52
1897,1992-05-02,1992-05-02,1.0,heavy rains,Odisha,5.0,0.0,1992.0,5.0,2.0,2.0,5.0,18,Summer,1.0,1,144,479,Low,0,0,55
1898,1992-06-17,1992-06-17,1.0,heavy rains,Odisha,76.0,0.0,1992.0,6.0,17.0,2.0,2.0,25,Monsoon,1.0,1,144,1071,High,1,1,55
1899,1992-06-21,1992-06-21,1.0,severe,Odisha,0.0,1.0,1992.0,6.0,21.0,2.0,6.0,25,Monsoon,1.0,1,144,1071,No Fatality,0,1,55
1900,1992-06-24,1992-06-24,1.0,heavy rains,Odisha,7.0,0.0,1992.0,6.0,24.0,2.0,2.0,26,Monsoon,1.0,1,144,1071,Low,0,1,55
1901,1992-07-26,1992-07-27,2.0,heavy rains,Odisha,1.0,5.0,1992.0,7.0,26.0,3.0,6.0,30,Monsoon,2.0,1,144,1709,Low,0,1,55
1902,1992-08-17,1992-09-03,18.0,severe,Odisha,62.0,0.0,1992.0,8.0,17.0,3.0,0.0,34,Monsoon,18.0,1,144,1382,High,1,1,55
1903,1992-07-17,1992-07-17,1.0,heavy rains,Rajasthan,1.0,0.0,1992.0,7.0,17.0,3.0,4.0,29,Monsoon,1.0,1,259,1709,Low,0,1,62
1904,1992-07-22,1992-07-22,1.0,heavy rains,Rajasthan,0.0,0.0,1992.0,7.0,22.0,3.0,2.0,30,Monsoon,1.0,1,259,1709,No Fatality,0,1,62
1905,1992-07-25,1992-07-25,1.0,heavy rains,Rajasthan,6.0,0.0,1992.0,7.0,25.0,3.0,5.0,30,Monsoon,1.0,1,259,1709,Low,0,1,62
1906,1992-07-30,1992-07-30,1.0,heavy rains,Rajasthan,2.0,0.0,1992.0,7.0,30.0,3.0,3.0,31,Monsoon,1.0,1,259,1709,Low,0,1,62
1907,1992-07-31,1992-07-31,1.0,heavy rains,Rajasthan,0.0,0.0,1992.0,7.0,31.0,3.0,4.0,31,Monsoon,1.0,1,259,1709,No Fatality,0,1,62
1908,1992-08-06,1992-08-06,1.0,heavy rains,Rajasthan,0.0,0.0,1992.0,8.0,6.0,3.0,3.0,32,Monsoon,1.0,1,259,1382,No Fatality,0,1,62
1909,1992-08-08,1992-08-08,1.0,heavy rains,Rajasthan,2.0,0.0,1992.0,8.0,8.0,3.0,5.0,32,Monsoon,1.0,1,259,1382,Low,0,1,62
1910,1992-08-09,1992-08-09,1.0,heavy rains,Rajasthan,0.0,0.0,1992.0,8.0,9.0,3.0,6.0,32,Monsoon,1.0,1,259,1382,No Fatality,0,1,62
1911,1992-08-11,1992-08-12,2.0,heavy rains,Rajasthan,0.0,0.0,1992.0,8.0,11.0,3.0,1.0,33,Monsoon,2.0,1,259,1382,No Fatality,0,1,62
1912,1992-08-14,1992-08-14,1.0,heavy rains,Rajasthan,0.0,0.0,1992.0,8.0,14.0,3.0,4.0,33,Monsoon,1.0,1,259,1382,No Fatality,0,1,62
1913,1992-08-17,1992-08-17,1.0,heavy rains,Rajasthan,0.0,0.0,1992.0,8.0,17.0,3.0,0.0,34,Monsoon,1.0,1,259,1382,No Fatality,0,1,62
1914,1992-09-03,1992-09-03,1.0,heavy rains,Rajasthan,0.0,0.0,1992.0,9.0,3.0,3.0,3.0,36,Monsoon,1.0,1,259,938,No Fatality,0,1,62
1915,1992-09-07,1992-09-07,1.0,heavy rains,Rajasthan,3.0,0.0,1992.0,9.0,7.0,3.0,0.0,37,Monsoon,1.0,1,259,938,Low,0,1,62
1916,1992-09-08,1992-09-08,1.0,heavy rains,Rajasthan,3.0,0.0,1992.0,9.0,8.0,3.0,1.0,37,Monsoon,1.0,1,259,938,Low,0,1,62
1917,1992-07-05,1992-07-05,1.0,heavy rains,Sikkim,0.0,0.0,1992.0,7.0,5.0,3.0,6.0,27,Monsoon,1.0,1,64,1709,No Fatality,0,1,65
1918,1992-08-22,1992-08-22,1.0,heavy rains,Sikkim,2.0,0.0,1992.0,8.0,22.0,3.0,5.0,34,Monsoon,1.0,1,64,1382,Low,0,1,65
1919,1992-09-18,1992-09-18,1.0,heavy rains,Sikkim,0.0,0.0,1992.0,9.0,18.0,3.0,4.0,38,Monsoon,1.0,1,64,938,No Fatality,0,1,65
1920,1992-10-09,1992-10-11,3.0,heavy rains,Tamil Nadu,7.0,0.0,1992.0,10.0,9.0,4.0,4.0,41,Post-Monsoon,3.0,1,188,501,Low,0,0,66
1921,1992-09-03,1992-09-20,18.0,severe,Uttar Pradesh,107.0,0.0,1992.0,9.0,3.0,3.0,3.0,36,Monsoon,18.0,1,448,938,High,1,1,69
1922,1992-04-05,1992-04-05,1.0,heavy rains,West Bengal,1.0,0.0,1992.0,4.0,5.0,2.0,6.0,14,Summer,1.0,1,330,171,Low,0,0,79
1923,1992-06-18,1992-06-18,1.0,heavy rains,West Bengal,0.0,0.0,1992.0,6.0,18.0,2.0,3.0,25,Monsoon,1.0,1,330,1071,No Fatality,0,1,79
1924,1992-06-18,1992-06-22,5.0,heavy rains,West Bengal,11.0,0.0,1992.0,6.0,18.0,2.0,3.0,25,Monsoon,5.0,1,330,1071,Medium,1,1,79
1925,1992-06-23,1992-06-24,2.0,heavy rains,West Bengal,0.0,8.0,1992.0,6.0,23.0,2.0,1.0,26,Monsoon,2.0,1,330,1071,No Fatality,0,1,79
1926,1992-06-28,1992-06-28,1.0,heavy rains,West Bengal,0.0,0.0,1992.0,6.0,28.0,2.0,6.0,26,Monsoon,1.0,1,330,1071,No Fatality,0,1,79
1927,1992-07-10,1992-07-10,1.0,heavy rains,West Bengal,0.0,0.0,1992.0,7.0,10.0,3.0,4.0,28,Monsoon,1.0,1,330,1709,No Fatality,0,1,79
1928,1992-07-12,1992-07-12,1.0,heavy rains,West Bengal,0.0,0.0,1992.0,7.0,12.0,3.0,6.0,28,Monsoon,1.0,1,330,1709,No Fatality,0,1,79
1929,1992-07-20,1992-07-20,1.0,heavy rains,West Bengal,0.0,0.0,1992.0,7.0,20.0,3.0,0.0,30,Monsoon,1.0,1,330,1709,No Fatality,0,1,79
1930,1992-07-27,1992-07-27,1.0,heavy rains,West Bengal,0.0,0.0,1992.0,7.0,27.0,3.0,0.0,31,Monsoon,1.0,1,330,1709,No Fatality,0,1,79
1931,1992-08-01,1992-08-01,1.0,heavy rains,West Bengal,0.0,0.0,1992.0,8.0,1.0,3.0,5.0,31,Monsoon,1.0,1,330,1382,No Fatality,0,1,79
1932,1992-08-06,1992-08-06,1.0,heavy rains,West Bengal,0.0,7.0,1992.0,8.0,6.0,3.0,3.0,32,Monsoon,1.0,1,330,1382,No Fatality,0,1,79
1933,1992-08-07,1992-08-07,1.0,heavy rains,West Bengal,0.0,0.0,1992.0,8.0,7.0,3.0,4.0,32,Monsoon,1.0,1,330,1382,No Fatality,0,1,79
1934,1992-09-26,1992-09-26,1.0,flash flood,West Bengal,15.0,0.0,1992.0,9.0,26.0,3.0,5.0,39,Monsoon,1.0,1,330,938,Medium,1,1,79
1935,1992-08-18,1992-08-18,1.0,heavy rains,Punjab,1.0,0.0,1992.0,8.0,18.0,3.0,1.0,34,Monsoon,1.0,1,171,1382,Low,0,1,61
1936,1992-07-24,1992-07-24,1.0,heavy rains,Delhi,1.0,0.0,1992.0,7.0,24.0,3.0,4.0,30,Monsoon,1.0,1,43,1709,Low,0,1,21
1937,1993-10-07,1993-10-11,5.0,flash flood,Andhra Pradesh,13.0,0.0,1993.0,10.0,7.0,4.0,3.0,40,Post-Monsoon,5.0,1,150,501,Medium,1,0,1
1938,1993-06-07,1993-06-07,1.0,heavy rains,Arunachal Pradesh,0.0,0.0,1993.0,6.0,7.0,2.0,0.0,23,Monsoon,1.0,1,150,1071,No Fatality,0,1,4
1939,1993-07-02,1993-07-07,6.0,severe flood (nea dihing),Arunachal Pradesh,0.0,0.0,1993.0,7.0,2.0,3.0,4.0,26,Monsoon,6.0,1,150,1709,No Fatality,0,1,4
1940,1993-09-05,1993-09-05,1.0,flash flood,Arunachal Pradesh,14.0,1.0,1993.0,9.0,5.0,3.0,6.0,35,Monsoon,1.0,1,150,938,Medium,1,1,4
1941,1993-05-04,1993-05-12,9.0,"severe flood (brahmaputra,its tributaries)",Assam,2.0,0.0,1993.0,5.0,4.0,2.0,1.0,18,Summer,9.0,1,908,479,Low,0,0,5
1942,1993-06-05,1993-06-19,15.0,Unknown,Assam,13.0,0.0,1993.0,6.0,5.0,2.0,5.0,22,Monsoon,15.0,1,908,1071,Medium,1,1,5
1943,1993-07-20,1993-08-09,21.0,"severe flood . (brahmaputra,its tributaries)",Assam,35.0,0.0,1993.0,7.0,20.0,3.0,1.0,29,Monsoon,21.0,1,908,1709,Medium,1,1,5
1944,1993-08-10,1993-09-04,26.0,"severe flood (brahmaputra,its tributaries) ",Assam,3.0,0.0,1993.0,8.0,10.0,3.0,1.0,32,Monsoon,26.0,1,908,1382,Low,0,1,5
1945,1993-07-22,1993-07-31,10.0,"severe flood (ganga,its tributaries)",Bihar,35.0,0.0,1993.0,7.0,22.0,3.0,3.0,29,Monsoon,10.0,1,149,1709,Medium,1,1,9
1946,1993-08-01,1993-08-31,31.0,"severe flood  (ganga,its tributaries) ",Bihar,25.0,0.0,1993.0,8.0,1.0,3.0,6.0,30,Monsoon,31.0,1,149,1382,Medium,1,1,9
1947,1993-09-05,1993-09-05,1.0,heavy rains,Bihar,2.0,0.0,1993.0,9.0,5.0,3.0,6.0,35,Monsoon,1.0,1,149,938,Low,0,1,9
1948,1993-09-20,1993-09-20,1.0,heavy rains,Bihar,0.0,0.0,1993.0,9.0,20.0,3.0,0.0,38,Monsoon,1.0,1,149,938,No Fatality,0,1,9
1949,1993-06-12,1993-06-14,3.0,heavy rains,Gujarat,1.0,6.0,1993.0,6.0,12.0,2.0,5.0,23,Monsoon,3.0,1,168,1071,Low,0,1,26
1950,1993-07-08,1993-07-14,7.0,"severe flood (narmada,its tributaries)",Gujarat,45.0,0.0,1993.0,7.0,8.0,3.0,3.0,27,Monsoon,7.0,1,168,1709,Medium,1,1,26
1951,1993-07-08,1993-07-21,14.0,severe flood,Haryana,51.0,0.0,1993.0,7.0,8.0,3.0,3.0,27,Monsoon,14.0,1,60,1709,High,1,1,27
1952,1993-07-08,1993-07-12,5.0,severe flood,Himachal Pradesh,58.0,0.0,1993.0,7.0,8.0,3.0,3.0,27,Monsoon,5.0,1,362,1709,High,1,1,29
1953,1993-03-24,1993-03-26,3.0,heavy rains,Jammu and Kashmir,32.0,0.0,1993.0,3.0,24.0,1.0,2.0,12,Summer,3.0,1,137,166,Medium,1,0,33
1954,1993-07-09,1993-07-14,6.0,severe flood,Jammu and Kashmir,20.0,0.0,1993.0,7.0,9.0,3.0,4.0,27,Monsoon,6.0,1,137,1709,Medium,1,1,33
1955,1993-08-31,1993-08-31,1.0,heavy rains,Karnataka,0.0,0.0,1993.0,8.0,31.0,3.0,1.0,35,Monsoon,1.0,1,491,1382,No Fatality,0,1,37
1956,1993-10-09,1993-10-09,1.0,heavy rains,Karnataka,5.0,0.0,1993.0,10.0,9.0,4.0,5.0,40,Post-Monsoon,1.0,1,491,501,Low,0,0,37
1957,1993-10-11,1993-10-21,11.0,severe flood,Karnataka,34.0,0.0,1993.0,10.0,11.0,4.0,0.0,41,Post-Monsoon,11.0,1,491,501,Medium,1,0,37
1958,1993-06-01,1993-06-01,1.0,heavy rains,Kerala,1.0,0.0,1993.0,6.0,1.0,2.0,1.0,22,Monsoon,1.0,1,604,1071,Low,0,1,39
1959,1993-06-13,1993-06-13,1.0,heavy rains,Kerala,0.0,0.0,1993.0,6.0,13.0,2.0,6.0,23,Monsoon,1.0,1,604,1071,No Fatality,0,1,39
1960,1993-06-18,1993-06-18,1.0,heavy rains,Kerala,0.0,0.0,1993.0,6.0,18.0,2.0,4.0,24,Monsoon,1.0,1,604,1071,No Fatality,0,1,39
1961,1993-07-03,1993-07-03,1.0,heavy rains,Kerala,0.0,0.0,1993.0,7.0,3.0,3.0,5.0,26,Monsoon,1.0,1,604,1709,No Fatality,0,1,39
1962,1993-07-18,1993-07-18,1.0,heavy rains,Kerala,1.0,1.0,1993.0,7.0,18.0,3.0,6.0,28,Monsoon,1.0,1,604,1709,Low,0,1,39
1963,1993-07-22,1993-07-22,1.0,heavy rains,Kerala,0.0,1.0,1993.0,7.0,22.0,3.0,3.0,29,Monsoon,1.0,1,604,1709,No Fatality,0,1,39
1964,1993-07-26,1993-07-26,1.0,heavy rains,Kerala,2.0,0.0,1993.0,7.0,26.0,3.0,0.0,30,Monsoon,1.0,1,604,1709,Low,0,1,39
1965,1993-07-27,1993-07-27,1.0,heavy rains,Kerala,2.0,0.0,1993.0,7.0,27.0,3.0,1.0,30,Monsoon,1.0,1,604,1709,Low,0,1,39
1966,1993-07-28,1993-07-28,1.0,heavy rains,Kerala,0.0,0.0,1993.0,7.0,28.0,3.0,2.0,30,Monsoon,1.0,1,604,1709,No Fatality,0,1,39
1967,1993-10-06,1993-10-06,1.0,heavy rains,Kerala,3.0,10.0,1993.0,10.0,6.0,4.0,2.0,40,Post-Monsoon,1.0,1,604,501,Low,0,0,39
1968,1993-10-08,1993-10-08,1.0,heavy rains,Kerala,10.0,0.0,1993.0,10.0,8.0,4.0,4.0,40,Post-Monsoon,1.0,1,604,501,Low,0,0,39
1969,1993-10-09,1993-10-09,1.0,heavy rains,Kerala,0.0,0.0,1993.0,10.0,9.0,4.0,5.0,40,Post-Monsoon,1.0,1,604,501,No Fatality,0,0,39
1970,1993-10-11,1993-10-11,1.0,heavy rains,Kerala,0.0,0.0,1993.0,10.0,11.0,4.0,0.0,41,Post-Monsoon,1.0,1,604,501,No Fatality,0,0,39
1971,1993-11-10,1993-11-11,2.0,heavy rains,Kerala,3.0,0.0,1993.0,11.0,10.0,4.0,2.0,45,Post-Monsoon,2.0,1,604,194,Low,0,0,39
1972,1993-07-17,1993-07-18,2.0,heavy rains,Madhya Pradesh,9.0,0.0,1993.0,7.0,17.0,3.0,5.0,28,Monsoon,2.0,1,238,1709,Low,0,1,43
1973,1993-08-16,1993-08-19,4.0,heavy rains,Madhya Pradesh,4.0,0.0,1993.0,8.0,16.0,3.0,0.0,33,Monsoon,4.0,1,238,1382,Low,0,1,43
1974,1993-09-18,1993-09-18,1.0,heavy rains,Madhya Pradesh,4.0,0.0,1993.0,9.0,18.0,3.0,5.0,37,Monsoon,1.0,1,238,938,Low,0,1,43
1975,1993-06-10,1993-06-10,1.0,heavy rains,Maharashtra,1.0,11.0,1993.0,6.0,10.0,2.0,3.0,23,Monsoon,1.0,1,1011,1071,Low,0,1,47
1976,1993-06-14,1993-06-14,1.0,heavy rains,Maharashtra,0.0,0.0,1993.0,6.0,14.0,2.0,0.0,24,Monsoon,1.0,1,1011,1071,No Fatality,0,1,47
1977,1993-06-18,1993-06-18,1.0,heavy rains,Maharashtra,3.0,6.0,1993.0,6.0,18.0,2.0,4.0,24,Monsoon,1.0,1,1011,1071,Low,0,1,47
1978,1993-07-03,1993-07-03,1.0,heavy rains,Maharashtra,0.0,0.0,1993.0,7.0,3.0,3.0,5.0,26,Monsoon,1.0,1,1011,1709,No Fatality,0,1,47
1979,1993-07-09,1993-07-09,1.0,heavy rains,Maharashtra,0.0,0.0,1993.0,7.0,9.0,3.0,4.0,27,Monsoon,1.0,1,1011,1709,No Fatality,0,1,47
1980,1993-07-13,1993-07-15,3.0,heavy rains,Maharashtra,0.0,1.0,1993.0,7.0,13.0,3.0,1.0,28,Monsoon,3.0,1,1011,1709,No Fatality,0,1,47
1981,1993-07-14,1993-07-14,1.0,heavy rains,Maharashtra,0.0,0.0,1993.0,7.0,14.0,3.0,2.0,28,Monsoon,1.0,1,1011,1709,No Fatality,0,1,47
1982,1993-07-15,1993-07-15,1.0,heavy rains,Maharashtra,1.0,0.0,1993.0,7.0,15.0,3.0,3.0,28,Monsoon,1.0,1,1011,1709,Low,0,1,47
1983,1993-07-17,1993-07-17,1.0,heavy rains,Maharashtra,0.0,0.0,1993.0,7.0,17.0,3.0,5.0,28,Monsoon,1.0,1,1011,1709,No Fatality,0,1,47
1984,1993-07-30,1993-07-30,1.0,heavy rains,Maharashtra,0.0,0.0,1993.0,7.0,30.0,3.0,4.0,30,Monsoon,1.0,1,1011,1709,No Fatality,0,1,47
1985,1993-08-05,1993-08-05,1.0,heavy rains,Maharashtra,6.0,0.0,1993.0,8.0,5.0,3.0,3.0,31,Monsoon,1.0,1,1011,1382,Low,0,1,47
1986,1993-08-12,1993-08-12,1.0,heavy rains,Maharashtra,0.0,0.0,1993.0,8.0,12.0,3.0,3.0,32,Monsoon,1.0,1,1011,1382,No Fatality,0,1,47
1987,1993-09-22,1993-09-23,2.0,heavy rains,Maharashtra,0.0,0.0,1993.0,9.0,22.0,3.0,2.0,38,Monsoon,2.0,1,1011,938,No Fatality,0,1,47
1988,1993-09-27,1993-09-27,1.0,heavy rains,Maharashtra,0.0,4.0,1993.0,9.0,27.0,3.0,0.0,39,Monsoon,1.0,1,1011,938,No Fatality,0,1,47
1989,1993-10-11,1993-10-11,1.0,heavy rains,Maharashtra,5.0,0.0,1993.0,10.0,11.0,4.0,0.0,41,Post-Monsoon,1.0,1,1011,501,Low,0,0,47
1990,1993-10-18,1993-10-18,1.0,heavy rains,Maharashtra,23.0,0.0,1993.0,10.0,18.0,4.0,0.0,42,Post-Monsoon,1.0,1,1011,501,Medium,1,0,47
1991,1993-07-26,1993-07-26,1.0,heavy rains,Meghalaya,0.0,0.0,1993.0,7.0,26.0,3.0,0.0,30,Monsoon,1.0,1,57,1709,No Fatality,0,1,51
1992,1993-06-07,1993-06-23,17.0,severe food,Mizoram,14.0,0.0,1993.0,6.0,7.0,2.0,0.0,23,Monsoon,17.0,1,27,1071,Medium,1,1,52
1993,1993-07-26,1993-07-26,1.0,heavy rains,Mizoram,0.0,0.0,1993.0,7.0,26.0,3.0,0.0,30,Monsoon,1.0,1,27,1709,No Fatality,0,1,52
1994,1993-08-31,1993-08-31,1.0,heavy rains,Mizoram,6.0,0.0,1993.0,8.0,31.0,3.0,1.0,35,Monsoon,1.0,1,27,1382,Low,0,1,52
1995,1993-08-17,1993-08-23,7.0,severe flood (doyang),Nagaland,1.0,0.0,1993.0,8.0,17.0,3.0,1.0,33,Monsoon,7.0,1,18,1382,Low,0,1,53
1996,1993-07-08,1993-07-12,5.0,"severe flood (bias, satlaj,ravi)",Punjab,320.0,0.0,1993.0,7.0,8.0,3.0,3.0,27,Monsoon,5.0,1,171,1709,High,1,1,61
1997,1993-07-11,1993-07-22,12.0,severe flood,Rajasthan,19.0,0.0,1993.0,7.0,11.0,3.0,6.0,27,Monsoon,12.0,1,259,1709,Medium,1,1,62
1998,1993-08-01,1993-08-31,31.0,severe flood,Rajasthan,5.0,0.0,1993.0,8.0,1.0,3.0,6.0,30,Monsoon,31.0,1,259,1382,Low,0,1,62
1999,1993-08-13,1993-08-13,1.0,heavy rains,Sikkim,7.0,0.0,1993.0,8.0,13.0,3.0,4.0,32,Monsoon,1.0,1,64,1382,Low,0,1,65
2000,1993-08-06,1993-08-06,1.0,heavy rains,Tamil Nadu,3.0,4.0,1993.0,8.0,6.0,3.0,4.0,31,Monsoon,1.0,1,188,1382,Low,0,1,66
2001,1993-11-07,1993-11-11,5.0,heavy rains,Tamil Nadu,60.0,52.0,1993.0,11.0,7.0,4.0,6.0,44,Post-Monsoon,5.0,1,188,194,High,1,0,66
2002,1993-05-05,1993-05-12,8.0,severe flood,Tripura,21.0,0.0,1993.0,5.0,5.0,2.0,2.0,18,Summer,8.0,1,47,479,Medium,1,0,68
2003,1993-06-07,1993-06-09,3.0,severe flood,Tripura,4.0,0.0,1993.0,6.0,7.0,2.0,0.0,23,Monsoon,3.0,1,47,1071,Low,0,1,68
2004,1993-07-22,1993-07-22,1.0,heavy rains,Tripura,2.0,0.0,1993.0,7.0,22.0,3.0,3.0,29,Monsoon,1.0,1,47,1709,Low,0,1,68
2005,1993-07-01,1993-07-31,31.0,"severe flood(ganga,its  tributaries) ",Uttar Pradesh,35.0,0.0,1993.0,7.0,1.0,3.0,3.0,26,Monsoon,31.0,1,448,1709,Medium,1,1,69
2006,1993-09-08,1993-09-21,14.0,"severe flood (ganga,its tributaries)",Uttar Pradesh,171.0,0.0,1993.0,9.0,8.0,3.0,2.0,36,Monsoon,14.0,1,448,938,High,1,1,69
2007,1993-04-29,1993-04-29,1.0,heavy rains ,West Bengal,1.0,0.0,1993.0,4.0,29.0,2.0,3.0,17,Summer,1.0,1,330,171,Low,0,0,79
2008,1993-07-01,1993-07-01,1.0,heavy rains ,West Bengal,18.0,0.0,1993.0,7.0,1.0,3.0,3.0,26,Monsoon,1.0,1,330,1709,Medium,1,1,79
2009,1993-07-02,1993-07-02,1.0,heavy rains,West Bengal,4.0,6.0,1993.0,7.0,2.0,3.0,4.0,26,Monsoon,1.0,1,330,1709,Low,0,1,79
2010,1993-07-10,1993-07-10,1.0,heavy rains,West Bengal,0.0,0.0,1993.0,7.0,10.0,3.0,5.0,27,Monsoon,1.0,1,330,1709,No Fatality,0,1,79
2011,1993-07-15,1993-07-15,1.0,heavy rains,West Bengal,1.0,3.0,1993.0,7.0,15.0,3.0,3.0,28,Monsoon,1.0,1,330,1709,Low,0,1,79
2012,1993-07-16,1993-07-16,1.0,heavy rains,West Bengal,0.0,2.0,1993.0,7.0,16.0,3.0,4.0,28,Monsoon,1.0,1,330,1709,No Fatality,0,1,79
2013,1993-07-18,1993-07-20,3.0,severe flood,West Bengal,336.0,0.0,1993.0,7.0,18.0,3.0,6.0,28,Monsoon,3.0,1,330,1709,High,1,1,79
2014,1993-07-22,1993-07-22,1.0,heavy rains,West Bengal,6.0,0.0,1993.0,7.0,22.0,3.0,3.0,29,Monsoon,1.0,1,330,1709,Low,0,1,79
2015,1993-07-25,1993-07-25,1.0,heavy rains,West Bengal,18.0,26.0,1993.0,7.0,25.0,3.0,6.0,29,Monsoon,1.0,1,330,1709,Medium,1,1,79
2016,1993-08-03,1993-08-03,1.0,heavy rains,West Bengal,0.0,0.0,1993.0,8.0,3.0,3.0,1.0,31,Monsoon,1.0,1,330,1382,No Fatality,0,1,79
2017,1993-08-07,1993-08-07,1.0,heavy rains,West Bengal,5.0,0.0,1993.0,8.0,7.0,3.0,5.0,31,Monsoon,1.0,1,330,1382,Low,0,1,79
2018,1993-08-08,1993-08-08,1.0,heavy rains,West Bengal,72.0,0.0,1993.0,8.0,8.0,3.0,6.0,31,Monsoon,1.0,1,330,1382,High,1,1,79
2019,1993-08-10,1993-08-10,1.0,heavy rains,West Bengal,5.0,0.0,1993.0,8.0,10.0,3.0,1.0,32,Monsoon,1.0,1,330,1382,Low,0,1,79
2020,1993-08-12,1993-08-12,1.0,heavy rains,West Bengal,3.0,6.0,1993.0,8.0,12.0,3.0,3.0,32,Monsoon,1.0,1,330,1382,Low,0,1,79
2021,1993-08-14,1993-08-14,1.0,heavy rains,West Bengal,0.0,2.0,1993.0,8.0,14.0,3.0,5.0,32,Monsoon,1.0,1,330,1382,No Fatality,0,1,79
2022,1993-08-19,1993-08-19,1.0,heavy rains,West Bengal,0.0,0.0,1993.0,8.0,19.0,3.0,3.0,33,Monsoon,1.0,1,330,1382,No Fatality,0,1,79
2023,1993-08-22,1993-08-22,1.0,heavy rains,West Bengal,3.0,5.0,1993.0,8.0,22.0,3.0,6.0,33,Monsoon,1.0,1,330,1382,Low,0,1,79
2024,1993-08-30,1993-08-30,1.0,heavy rains,West Bengal,2.0,0.0,1993.0,8.0,30.0,3.0,0.0,35,Monsoon,1.0,1,330,1382,Low,0,1,79
2025,1993-09-04,1993-09-04,1.0,heavy rains,West Bengal,4.0,3.0,1993.0,9.0,4.0,3.0,5.0,35,Monsoon,1.0,1,330,938,Low,0,1,79
2026,1993-09-12,1993-09-16,5.0,heavy rains,West Bengal,5.0,10.0,1993.0,9.0,12.0,3.0,6.0,36,Monsoon,5.0,1,330,938,Low,0,1,79
2027,1993-09-19,1993-09-19,1.0,heavy rains,West Bengal,3.0,4.0,1993.0,9.0,19.0,3.0,6.0,37,Monsoon,1.0,1,330,938,Low,0,1,79
2028,1993-09-23,1993-09-23,1.0,heavy rains,West Bengal,5.0,0.0,1993.0,9.0,23.0,3.0,3.0,38,Monsoon,1.0,1,330,938,Low,0,1,79
2029,1993-09-26,1993-09-26,1.0,heavy rains,West Bengal,3.0,0.0,1993.0,9.0,26.0,3.0,6.0,38,Monsoon,1.0,1,330,938,Low,0,1,79
2030,1993-12-08,1993-12-12,5.0,severe flood,Punjab,2.0,0.0,1993.0,12.0,8.0,4.0,2.0,49,Winter,5.0,1,171,71,Low,0,0,61
2031,1993-07-07,1993-07-07,1.0,heavy rains,Delhi,1.0,3.0,1993.0,7.0,7.0,3.0,2.0,27,Monsoon,1.0,1,43,1709,Low,0,1,21
2032,1993-07-22,1993-07-22,1.0,heavy rains,Delhi,1.0,0.0,1993.0,7.0,22.0,3.0,3.0,29,Monsoon,1.0,1,43,1709,Low,0,1,21
2033,1993-07-25,1993-07-25,1.0,heavy rains,Delhi,1.0,0.0,1993.0,7.0,25.0,3.0,6.0,29,Monsoon,1.0,1,43,1709,Low,0,1,21
2034,1994-07-20,1994-07-20,1.0,heavy rains,Andhra Pradesh,5.0,0.0,1994.0,7.0,20.0,3.0,2.0,29,Monsoon,1.0,1,150,1709,Low,0,1,1
2035,1994-09-06,1994-09-10,5.0,severe,Andhra Pradesh,16.0,0.0,1994.0,9.0,6.0,3.0,1.0,36,Monsoon,5.0,1,150,938,Medium,1,1,1
2036,1994-10-04,1994-10-06,3.0,heavy rains,Andhra Pradesh,31.0,0.0,1994.0,10.0,4.0,4.0,1.0,40,Post-Monsoon,3.0,1,150,501,Medium,1,0,1
2037,1994-04-01,1994-04-07,7.0,severe flood,Arunachal Pradesh,0.0,0.0,1994.0,4.0,1.0,2.0,4.0,13,Summer,7.0,1,150,171,No Fatality,0,0,4
2038,1994-07-07,1994-07-07,1.0,heavy rains,Arunachal Pradesh,9.0,0.0,1994.0,7.0,7.0,3.0,3.0,27,Monsoon,1.0,1,150,1709,Low,0,1,4
2039,1994-08-11,1994-08-11,1.0,heavy rains,Arunachal Pradesh,4.0,3.0,1994.0,8.0,11.0,3.0,3.0,32,Monsoon,1.0,1,150,1382,Low,0,1,4
2040,1994-03-23,1994-03-23,1.0,heavy rains,Assam,0.0,0.0,1994.0,3.0,23.0,1.0,2.0,12,Summer,1.0,1,908,166,No Fatality,0,0,5
2041,1994-05-30,1994-05-30,1.0,heavy rains,Assam,0.0,0.0,1994.0,5.0,30.0,2.0,0.0,22,Summer,1.0,1,908,479,No Fatality,0,0,5
2042,1994-06-01,1994-06-30,30.0,severe flood,Assam,2.0,0.0,1994.0,6.0,1.0,2.0,2.0,22,Monsoon,30.0,1,908,1071,Low,0,1,5
2043,1994-07-01,1994-07-16,16.0,severe flood,Assam,8.0,0.0,1994.0,7.0,1.0,3.0,4.0,26,Monsoon,16.0,1,908,1709,Low,0,1,5
2044,1994-08-16,1994-08-23,8.0,severe flood,Assam,0.0,0.0,1994.0,8.0,16.0,3.0,1.0,33,Monsoon,8.0,1,908,1382,No Fatality,0,1,5
2045,1994-07-08,1994-07-08,1.0,heavy rains,Bihar,6.0,0.0,1994.0,7.0,8.0,3.0,4.0,27,Monsoon,1.0,1,149,1709,Low,0,1,9
2046,1994-07-08,1994-07-14,7.0,severe flood,Bihar,0.0,0.0,1994.0,7.0,8.0,3.0,4.0,27,Monsoon,7.0,1,149,1709,No Fatality,0,1,9
2047,1994-08-08,1994-08-14,7.0,severe flood,Bihar,28.0,0.0,1994.0,8.0,8.0,3.0,0.0,32,Monsoon,7.0,1,149,1382,Medium,1,1,9
2048,1994-09-15,1994-09-21,7.0,severe flood,Bihar,2.0,0.0,1994.0,9.0,15.0,3.0,3.0,37,Monsoon,7.0,1,149,938,Low,0,1,9
2049,1994-06-08,1994-06-21,14.0,severe flood,Gujarat,13.0,0.0,1994.0,6.0,8.0,2.0,2.0,23,Monsoon,14.0,1,168,1071,Medium,1,1,26
2050,1994-07-08,1994-07-14,7.0,heavy rains,Gujarat,85.0,0.0,1994.0,7.0,8.0,3.0,4.0,27,Monsoon,7.0,1,168,1709,High,1,1,26
2051,1994-08-20,1994-08-21,2.0,severe flood,Gujarat,10.0,0.0,1994.0,8.0,20.0,3.0,5.0,33,Monsoon,2.0,1,168,1382,Low,0,1,26
2052,1994-08-02,1994-08-02,1.0,heavy rains,Haryana,3.0,0.0,1994.0,8.0,2.0,3.0,1.0,31,Monsoon,1.0,1,60,1382,Low,0,1,27
2053,1994-08-07,1994-08-08,2.0,heavy rains,Himachal Pradesh,2.0,0.0,1994.0,8.0,7.0,3.0,6.0,31,Monsoon,2.0,1,362,1382,Low,0,1,29
2054,1994-07-11,1994-07-11,1.0,cloud burst,Himachal Pradesh,70.0,0.0,1994.0,7.0,11.0,3.0,0.0,28,Monsoon,1.0,1,362,1709,High,1,1,29
2055,1994-07-15,1994-07-15,1.0,cloud burst,Himachal Pradesh,0.0,0.0,1994.0,7.0,15.0,3.0,4.0,28,Monsoon,1.0,1,362,1709,No Fatality,0,1,29
2056,1994-07-16,1994-07-17,2.0,heavy rains,Himachal Pradesh,8.0,0.0,1994.0,7.0,16.0,3.0,5.0,28,Monsoon,2.0,1,362,1709,Low,0,1,29
2057,1994-07-19,1994-07-20,2.0,heavy rains,Himachal Pradesh,4.0,0.0,1994.0,7.0,19.0,3.0,1.0,29,Monsoon,2.0,1,362,1709,Low,0,1,29
2058,1994-07-27,1994-07-30,4.0,severe,Himachal Pradesh,6.0,0.0,1994.0,7.0,27.0,3.0,2.0,30,Monsoon,4.0,1,362,1709,Low,0,1,29
2059,1994-08-07,1994-08-07,1.0,heavy rains,Himachal Pradesh,0.0,2.0,1994.0,8.0,7.0,3.0,6.0,31,Monsoon,1.0,1,362,1382,No Fatality,0,1,29
2060,1994-08-10,1994-08-10,1.0,cloud burst,Himachal Pradesh,15.0,0.0,1994.0,8.0,10.0,3.0,2.0,32,Monsoon,1.0,1,362,1382,Medium,1,1,29
2061,1994-08-11,1994-08-11,1.0,flash flood,Himachal Pradesh,11.0,0.0,1994.0,8.0,11.0,3.0,3.0,32,Monsoon,1.0,1,362,1382,Medium,1,1,29
2062,1994-08-16,1994-08-16,1.0,heavy rains,Himachal Pradesh,12.0,0.0,1994.0,8.0,16.0,3.0,1.0,33,Monsoon,1.0,1,362,1382,Medium,1,1,29
2063,1994-08-23,1994-08-23,1.0,cloud burst,Himachal Pradesh,15.0,2.0,1994.0,8.0,23.0,3.0,1.0,34,Monsoon,1.0,1,362,1382,Medium,1,1,29
2064,1994-08-24,1994-08-24,1.0,heavy rains,Himachal Pradesh,2.0,0.0,1994.0,8.0,24.0,3.0,2.0,34,Monsoon,1.0,1,362,1382,Low,0,1,29
2065,1994-09-05,1994-09-05,1.0,cloud burst,Himachal Pradesh,15.0,10.0,1994.0,9.0,5.0,3.0,0.0,36,Monsoon,1.0,1,362,938,Medium,1,1,29
2066,1994-03-20,1994-03-25,6.0,flash flood,Jammu and Kashmir,40.0,0.0,1994.0,3.0,20.0,1.0,6.0,11,Summer,6.0,1,137,166,Medium,1,0,33
2067,1994-07-20,1994-07-20,1.0,heavy rains,Jammu and Kashmir,3.0,0.0,1994.0,7.0,20.0,3.0,2.0,29,Monsoon,1.0,1,137,1709,Low,0,1,33
2068,1994-06-05,1994-06-05,1.0,heavy rains,Karnataka,1.0,0.0,1994.0,6.0,5.0,2.0,6.0,22,Monsoon,1.0,1,491,1071,Low,0,1,37
2069,1994-07-08,1994-07-14,7.0,severe flood,Karnataka,58.0,0.0,1994.0,7.0,8.0,3.0,4.0,27,Monsoon,7.0,1,491,1709,High,1,1,37
2070,1994-10-06,1994-10-06,1.0,flash flood,Karnataka,8.0,0.0,1994.0,10.0,6.0,4.0,3.0,40,Post-Monsoon,1.0,1,491,501,Low,0,0,37
2071,1994-05-28,1994-05-28,1.0,heavy rains,Kerala,1.0,0.0,1994.0,5.0,28.0,2.0,5.0,21,Summer,1.0,1,604,479,Low,0,0,39
2072,1994-06-01,1994-06-14,14.0,severe flood,Kerala,30.0,0.0,1994.0,6.0,1.0,2.0,2.0,22,Monsoon,14.0,1,604,1071,Medium,1,1,39
2073,1994-07-11,1994-07-11,1.0,heavy rains,Kerala,0.0,2.0,1994.0,7.0,11.0,3.0,0.0,28,Monsoon,1.0,1,604,1709,No Fatality,0,1,39
2074,1994-07-14,1994-07-15,2.0,heavy rains,Kerala,12.0,2.0,1994.0,7.0,14.0,3.0,3.0,28,Monsoon,2.0,1,604,1709,Medium,1,1,39
2075,1994-07-14,1994-07-16,3.0,heavy rains,Kerala,14.0,50.0,1994.0,7.0,14.0,3.0,3.0,28,Monsoon,3.0,1,604,1709,Medium,1,1,39
2076,1994-07-15,1994-07-15,1.0,heavy rains,Kerala,4.0,0.0,1994.0,7.0,15.0,3.0,4.0,28,Monsoon,1.0,1,604,1709,Low,0,1,39
2077,1994-07-23,1994-07-23,1.0,heavy rains,Kerala,0.0,0.0,1994.0,7.0,23.0,3.0,5.0,29,Monsoon,1.0,1,604,1709,No Fatality,0,1,39
2078,1994-07-31,1994-07-31,1.0,heavy rains,Kerala,0.0,0.0,1994.0,7.0,31.0,3.0,6.0,30,Monsoon,1.0,1,604,1709,No Fatality,0,1,39
2079,1994-08-01,1994-08-01,1.0,heavy rains,Kerala,0.0,0.0,1994.0,8.0,1.0,3.0,0.0,31,Monsoon,1.0,1,604,1382,No Fatality,0,1,39
2080,1994-08-02,1994-08-02,1.0,heavy rains,Kerala,3.0,0.0,1994.0,8.0,2.0,3.0,1.0,31,Monsoon,1.0,1,604,1382,Low,0,1,39
2081,1994-08-03,1994-08-09,7.0,heavy rains,Kerala,0.0,0.0,1994.0,8.0,3.0,3.0,2.0,31,Monsoon,7.0,1,604,1382,No Fatality,0,1,39
2082,1994-09-22,1994-09-22,1.0,heavy rains,Kerala,1.0,0.0,1994.0,9.0,22.0,3.0,3.0,38,Monsoon,1.0,1,604,938,Low,0,1,39
2083,1994-10-03,1994-10-06,4.0,heav rains,Kerala,10.0,0.0,1994.0,10.0,3.0,4.0,0.0,40,Post-Monsoon,4.0,1,604,501,Low,0,0,39
2084,1994-10-11,1994-10-11,1.0,heavy rains,Kerala,1.0,0.0,1994.0,10.0,11.0,4.0,1.0,41,Post-Monsoon,1.0,1,604,501,Low,0,0,39
2085,1994-10-16,1994-10-16,1.0,heavy rains,Kerala,0.0,0.0,1994.0,10.0,16.0,4.0,6.0,41,Post-Monsoon,1.0,1,604,501,No Fatality,0,0,39
2086,1994-10-24,1994-10-24,1.0,heavy rains,Kerala,0.0,0.0,1994.0,10.0,24.0,4.0,0.0,43,Post-Monsoon,1.0,1,604,501,No Fatality,0,0,39
2087,1994-06-22,1994-06-23,2.0,heavy rains,Madhya Pradesh,0.0,0.0,1994.0,6.0,22.0,2.0,2.0,25,Monsoon,2.0,1,238,1071,No Fatality,0,1,43
2088,1994-06-28,1994-06-28,1.0,heavy rains,Madhya Pradesh,0.0,0.0,1994.0,6.0,28.0,2.0,1.0,26,Monsoon,1.0,1,238,1071,No Fatality,0,1,43
2089,1994-07-12,1994-07-13,2.0,heavy rains,Madhya Pradesh,9.0,0.0,1994.0,7.0,12.0,3.0,1.0,28,Monsoon,2.0,1,238,1709,Low,0,1,43
2090,1994-07-19,1994-07-22,4.0,heavy rains,Madhya Pradesh,25.0,0.0,1994.0,7.0,19.0,3.0,1.0,29,Monsoon,4.0,1,238,1709,Medium,1,1,43
2091,1994-08-05,1994-08-05,1.0,heavy rains,Madhya Pradesh,3.0,0.0,1994.0,8.0,5.0,3.0,4.0,31,Monsoon,1.0,1,238,1382,Low,0,1,43
2092,1994-08-27,1994-08-27,1.0,heavy rains,Madhya Pradesh,0.0,0.0,1994.0,8.0,27.0,3.0,5.0,34,Monsoon,1.0,1,238,1382,No Fatality,0,1,43
2093,1994-06-02,1994-06-02,1.0,heavy rains,Maharashtra,1.0,0.0,1994.0,6.0,2.0,2.0,3.0,22,Monsoon,1.0,1,1011,1071,Low,0,1,47
2094,1994-06-04,1994-06-04,1.0,heavy rains,Maharashtra,0.0,5.0,1994.0,6.0,4.0,2.0,5.0,22,Monsoon,1.0,1,1011,1071,No Fatality,0,1,47
2095,1994-06-06,1994-06-06,1.0,heavy rains,Maharashtra,2.0,0.0,1994.0,6.0,6.0,2.0,0.0,23,Monsoon,1.0,1,1011,1071,Low,0,1,47
2096,1994-06-06,1994-06-07,2.0,heavy rains,Maharashtra,2.0,0.0,1994.0,6.0,6.0,2.0,0.0,23,Monsoon,2.0,1,1011,1071,Low,0,1,47
2097,1994-06-16,1994-06-16,1.0,heavy rains,Maharashtra,1.0,1.0,1994.0,6.0,16.0,2.0,3.0,24,Monsoon,1.0,1,1011,1071,Low,0,1,47
2098,1994-06-27,1994-06-27,1.0,heavy rains,Maharashtra,0.0,20.0,1994.0,6.0,27.0,2.0,0.0,26,Monsoon,1.0,1,1011,1071,No Fatality,0,1,47
2099,1994-06-28,1994-06-28,1.0,heavy rains,Maharashtra,13.0,7.0,1994.0,6.0,28.0,2.0,1.0,26,Monsoon,1.0,1,1011,1071,Medium,1,1,47
2100,1994-07-04,1994-07-04,1.0,heavy rains,Maharashtra,5.0,0.0,1994.0,7.0,4.0,3.0,0.0,27,Monsoon,1.0,1,1011,1709,Low,0,1,47
2101,1994-07-08,1994-07-14,7.0,severe flood,Maharashtra,8.0,8.0,1994.0,7.0,8.0,3.0,4.0,27,Monsoon,7.0,1,1011,1709,Low,0,1,47
2102,1994-07-09,1994-07-09,1.0,heavy rains,Maharashtra,1.0,0.0,1994.0,7.0,9.0,3.0,5.0,27,Monsoon,1.0,1,1011,1709,Low,0,1,47
2103,1994-07-11,1994-07-12,2.0,heavy rains,Maharashtra,0.0,0.0,1994.0,7.0,11.0,3.0,0.0,28,Monsoon,2.0,1,1011,1709,No Fatality,0,1,47
2104,1994-07-11,1994-07-13,3.0,heavy rains,Maharashtra,45.0,0.0,1994.0,7.0,11.0,3.0,0.0,28,Monsoon,3.0,1,1011,1709,Medium,1,1,47
2105,1994-07-11,1994-07-14,4.0,heavy rains,Maharashtra,2.0,4.0,1994.0,7.0,11.0,3.0,0.0,28,Monsoon,4.0,1,1011,1709,Low,0,1,47
2106,1994-07-12,1994-07-12,1.0,heavy rains,Maharashtra,2.0,5.0,1994.0,7.0,12.0,3.0,1.0,28,Monsoon,1.0,1,1011,1709,Low,0,1,47
2107,1994-07-13,1994-07-13,1.0,heavy rains,Maharashtra,51.0,8.0,1994.0,7.0,13.0,3.0,2.0,28,Monsoon,1.0,1,1011,1709,High,1,1,47
2108,1994-07-14,1994-07-14,1.0,heavy rains,Maharashtra,2.0,5.0,1994.0,7.0,14.0,3.0,3.0,28,Monsoon,1.0,1,1011,1709,Low,0,1,47
2109,1994-07-18,1994-07-18,1.0,heavy rains,Maharashtra,0.0,0.0,1994.0,7.0,18.0,3.0,0.0,29,Monsoon,1.0,1,1011,1709,No Fatality,0,1,47
2110,1994-07-21,1994-07-21,1.0,heavy rains,Maharashtra,0.0,2.0,1994.0,7.0,21.0,3.0,3.0,29,Monsoon,1.0,1,1011,1709,No Fatality,0,1,47
2111,1994-07-23,1994-07-23,1.0,heavy rains,Maharashtra,0.0,0.0,1994.0,7.0,23.0,3.0,5.0,29,Monsoon,1.0,1,1011,1709,No Fatality,0,1,47
2112,1994-07-25,1994-07-25,1.0,heavy rains,Maharashtra,2.0,0.0,1994.0,7.0,25.0,3.0,0.0,30,Monsoon,1.0,1,1011,1709,Low,0,1,47
2113,1994-08-19,1994-08-19,1.0,heavy rains,Maharashtra,0.0,15.0,1994.0,8.0,19.0,3.0,4.0,33,Monsoon,1.0,1,1011,1382,No Fatality,0,1,47
2114,1994-08-29,1994-08-31,3.0,heavy rains,Maharashtra,4.0,0.0,1994.0,8.0,29.0,3.0,0.0,35,Monsoon,3.0,1,1011,1382,Low,0,1,47
2115,1994-08-30,1994-08-30,1.0,heavy rains,Maharashtra,8.0,7.0,1994.0,8.0,30.0,3.0,1.0,35,Monsoon,1.0,1,1011,1382,Low,0,1,47
2116,1994-08-31,1994-08-31,1.0,heavy rains,Maharashtra,2.0,8.0,1994.0,8.0,31.0,3.0,2.0,35,Monsoon,1.0,1,1011,1382,Low,0,1,47
2117,1994-09-01,1994-09-14,14.0,severe flood,Maharashtra,53.0,0.0,1994.0,9.0,1.0,3.0,3.0,35,Monsoon,14.0,1,1011,938,High,1,1,47
2118,1994-09-02,1994-09-02,1.0,heavy rains,Maharashtra,7.0,0.0,1994.0,9.0,2.0,3.0,4.0,35,Monsoon,1.0,1,1011,938,Low,0,1,47
2119,1994-09-03,1994-09-03,1.0,heavy rains,Maharashtra,10.0,0.0,1994.0,9.0,3.0,3.0,5.0,35,Monsoon,1.0,1,1011,938,Low,0,1,47
2120,1994-10-16,1994-10-16,1.0,heavy rains,Maharashtra,0.0,0.0,1994.0,10.0,16.0,4.0,6.0,41,Post-Monsoon,1.0,1,1011,501,No Fatality,0,0,47
2121,1994-07-08,1994-07-14,7.0,severe flood,Odisha,5.0,0.0,1994.0,7.0,8.0,3.0,4.0,27,Monsoon,7.0,1,144,1709,Low,0,1,55
2122,1994-08-29,1994-08-30,2.0,flash flood,Odisha,3.0,0.0,1994.0,8.0,29.0,3.0,0.0,35,Monsoon,2.0,1,144,1382,Low,0,1,55
2123,1994-09-01,1994-09-30,30.0,severe flood,Odisha,72.0,0.0,1994.0,9.0,1.0,3.0,3.0,35,Monsoon,30.0,1,144,938,High,1,1,55
2124,1994-07-19,1994-07-23,5.0,severe flood,Punjab,18.0,0.0,1994.0,7.0,19.0,3.0,1.0,29,Monsoon,5.0,1,171,1709,Medium,1,1,61
2125,1994-06-15,1994-06-15,1.0,heavy rains,Rajasthan,0.0,4.0,1994.0,6.0,15.0,2.0,2.0,24,Monsoon,1.0,1,259,1071,No Fatality,0,1,62
2126,1994-07-01,1994-07-02,2.0,heavy rains,Rajasthan,9.0,0.0,1994.0,7.0,1.0,3.0,4.0,26,Monsoon,2.0,1,259,1709,Low,0,1,62
2127,1994-07-05,1994-07-05,1.0,heavy rains,Rajasthan,0.0,0.0,1994.0,7.0,5.0,3.0,1.0,27,Monsoon,1.0,1,259,1709,No Fatality,0,1,62
2128,1994-07-12,1994-07-12,1.0,heavy rains,Rajasthan,4.0,0.0,1994.0,7.0,12.0,3.0,1.0,28,Monsoon,1.0,1,259,1709,Low,0,1,62
2129,1994-07-20,1994-07-20,1.0,heavy rains,Rajasthan,4.0,1.0,1994.0,7.0,20.0,3.0,2.0,29,Monsoon,1.0,1,259,1709,Low,0,1,62
2130,1994-07-24,1994-07-25,2.0,heavy rains,Rajasthan,5.0,0.0,1994.0,7.0,24.0,3.0,6.0,29,Monsoon,2.0,1,259,1709,Low,0,1,62
2131,1994-07-26,1994-07-26,1.0,heavy rains,Rajasthan,1.0,0.0,1994.0,7.0,26.0,3.0,1.0,30,Monsoon,1.0,1,259,1709,Low,0,1,62
2132,1994-07-27,1994-07-27,1.0,heavy rains,Rajasthan,3.0,0.0,1994.0,7.0,27.0,3.0,2.0,30,Monsoon,1.0,1,259,1709,Low,0,1,62
2133,1994-08-16,1994-08-16,1.0,heavy rains,Rajasthan,2.0,0.0,1994.0,8.0,16.0,3.0,1.0,33,Monsoon,1.0,1,259,1382,Low,0,1,62
2134,1994-08-20,1994-08-20,1.0,heavy rains,Rajasthan,1.0,0.0,1994.0,8.0,20.0,3.0,5.0,33,Monsoon,1.0,1,259,1382,Low,0,1,62
2135,1994-08-28,1994-08-28,1.0,heavy rains,Rajasthan,13.0,0.0,1994.0,8.0,28.0,3.0,6.0,34,Monsoon,1.0,1,259,1382,Medium,1,1,62
2136,1994-09-07,1994-09-07,1.0,heavy rains,Rajasthan,4.0,0.0,1994.0,9.0,7.0,3.0,2.0,36,Monsoon,1.0,1,259,938,Low,0,1,62
2137,1994-07-13,1994-07-13,1.0,heavy rains,Tamil Nadu,1.0,0.0,1994.0,7.0,13.0,3.0,2.0,28,Monsoon,1.0,1,188,1709,Low,0,1,66
2138,1994-11-03,1994-11-04,2.0,heavy rains,Tamil Nadu,0.0,0.0,1994.0,11.0,3.0,4.0,3.0,44,Post-Monsoon,2.0,1,188,194,No Fatality,0,0,66
2139,1994-11-07,1994-11-07,1.0,heavy rains,Tamil Nadu,1.0,7.0,1994.0,11.0,7.0,4.0,0.0,45,Post-Monsoon,1.0,1,188,194,Low,0,0,66
2140,1994-12-20,1994-12-22,3.0,heavy rains,Tamil Nadu,3.0,3.0,1994.0,12.0,20.0,4.0,1.0,51,Winter,3.0,1,188,71,Low,0,0,66
2141,1994-07-03,1994-07-03,1.0,heavy rains,Uttar Pradesh,8.0,0.0,1994.0,7.0,3.0,3.0,6.0,26,Monsoon,1.0,1,448,1709,Low,0,1,69
2142,1994-07-27,1994-07-27,1.0,heavy rains,Uttar Pradesh,4.0,2.0,1994.0,7.0,27.0,3.0,2.0,30,Monsoon,1.0,1,448,1709,Low,0,1,69
2143,1994-08-08,1994-08-14,7.0,severe flood,Uttar Pradesh,15.0,0.0,1994.0,8.0,8.0,3.0,0.0,32,Monsoon,7.0,1,448,1382,Medium,1,1,69
2144,1994-09-12,1994-09-19,8.0,heavy rains,Uttar Pradesh,16.0,0.0,1994.0,9.0,12.0,3.0,0.0,37,Monsoon,8.0,1,448,938,Medium,1,1,69
2145,1994-09-22,1994-09-22,1.0,flash flood,Uttar Pradesh,2.0,0.0,1994.0,9.0,22.0,3.0,3.0,38,Monsoon,1.0,1,448,938,Low,0,1,69
2146,1994-06-28,1994-06-28,1.0,heavy rains,West Bengal,0.0,0.0,1994.0,6.0,28.0,2.0,1.0,26,Monsoon,1.0,1,330,1071,No Fatality,0,1,79
2147,1994-06-30,1994-06-30,1.0,heavy rains,West Bengal,0.0,0.0,1994.0,6.0,30.0,2.0,3.0,26,Monsoon,1.0,1,330,1071,No Fatality,0,1,79
2148,1994-07-13,1994-07-13,1.0,heavy rains,West Bengal,3.0,0.0,1994.0,7.0,13.0,3.0,2.0,28,Monsoon,1.0,1,330,1709,Low,0,1,79
2149,1994-08-02,1994-08-02,1.0,heavy rains,West Bengal,0.0,0.0,1994.0,8.0,2.0,3.0,1.0,31,Monsoon,1.0,1,330,1382,No Fatality,0,1,79
2150,1994-08-03,1994-08-03,1.0,heavy rains,West Bengal,0.0,0.0,1994.0,8.0,3.0,3.0,2.0,31,Monsoon,1.0,1,330,1382,No Fatality,0,1,79
2151,1994-08-06,1994-08-06,1.0,heavy rains,West Bengal,0.0,0.0,1994.0,8.0,6.0,3.0,5.0,31,Monsoon,1.0,1,330,1382,No Fatality,0,1,79
2152,1994-08-14,1994-08-16,3.0,heavy rains,West Bengal,1.0,0.0,1994.0,8.0,14.0,3.0,6.0,32,Monsoon,3.0,1,330,1382,Low,0,1,79
2153,1994-08-18,1994-08-18,1.0,heavy rains,West Bengal,1.0,0.0,1994.0,8.0,18.0,3.0,3.0,33,Monsoon,1.0,1,330,1382,Low,0,1,79
2154,1994-08-24,1994-08-24,1.0,heavy rains,West Bengal,0.0,0.0,1994.0,8.0,24.0,3.0,2.0,34,Monsoon,1.0,1,330,1382,No Fatality,0,1,79
2155,1994-09-19,1994-09-19,1.0,flash flood,West Bengal,0.0,0.0,1994.0,9.0,19.0,3.0,0.0,38,Monsoon,1.0,1,330,938,No Fatality,0,1,79
2156,1994-10-06,1994-10-08,3.0,heavy rains,West Bengal,0.0,0.0,1994.0,10.0,6.0,4.0,3.0,40,Post-Monsoon,3.0,1,330,501,No Fatality,0,0,79
2157,1994-07-08,1994-07-08,1.0,heavy rains,Punjab,2.0,0.0,1994.0,7.0,8.0,3.0,4.0,27,Monsoon,1.0,1,171,1709,Low,0,1,61
2158,1995-05-06,1995-05-14,9.0,severe flood,Andhra Pradesh,17.0,0.0,1995.0,5.0,6.0,2.0,5.0,18,Summer,9.0,1,150,479,Medium,1,0,1
2159,1995-09-01,1995-09-01,1.0,heavy rains,Andhra Pradesh,6.0,0.0,1995.0,9.0,1.0,3.0,4.0,35,Monsoon,1.0,1,150,938,Low,0,1,1
2160,1995-09-04,1995-09-04,1.0,heavy rains,Andhra Pradesh,0.0,0.0,1995.0,9.0,4.0,3.0,0.0,36,Monsoon,1.0,1,150,938,No Fatality,0,1,1
2161,1995-10-01,1995-10-31,31.0,severe flood,Andhra Pradesh,119.0,0.0,1995.0,10.0,1.0,4.0,6.0,39,Post-Monsoon,31.0,1,150,501,High,1,0,1
2162,1995-05-18,1995-05-18,1.0,heavy rains,Arunachal Pradesh,2.0,0.0,1995.0,5.0,18.0,2.0,3.0,20,Summer,1.0,1,150,479,Low,0,0,4
2163,1995-06-16,1995-06-22,7.0,heavy rains,Arunachal Pradesh,0.0,0.0,1995.0,6.0,16.0,2.0,4.0,24,Monsoon,7.0,1,150,1071,No Fatality,0,1,4
2164,1995-07-07,1995-07-07,1.0,heavy rains,Arunachal Pradesh,0.0,0.0,1995.0,7.0,7.0,3.0,4.0,27,Monsoon,1.0,1,150,1709,No Fatality,0,1,4
2165,1995-07-10,1995-07-10,1.0,heavy rains,Arunachal Pradesh,5.0,0.0,1995.0,7.0,10.0,3.0,0.0,28,Monsoon,1.0,1,150,1709,Low,0,1,4
2166,1995-08-12,1995-08-12,1.0,heavy rains,Arunachal Pradesh,0.0,0.0,1995.0,8.0,12.0,3.0,5.0,32,Monsoon,1.0,1,150,1382,No Fatality,0,1,4
2167,1995-05-18,1995-05-27,10.0,severe flood,Assam,0.0,0.0,1995.0,5.0,18.0,2.0,3.0,20,Summer,10.0,1,908,479,No Fatality,0,0,5
2168,1995-06-05,1995-06-26,22.0,severe flood,Assam,11.0,0.0,1995.0,6.0,5.0,2.0,0.0,23,Monsoon,22.0,1,908,1071,Medium,1,1,5
2169,1995-07-04,1995-07-18,15.0,severe flood,Assam,37.0,0.0,1995.0,7.0,4.0,3.0,1.0,27,Monsoon,15.0,1,908,1709,Medium,1,1,5
2170,1995-08-13,1995-08-19,7.0,severe flood,Assam,5.0,0.0,1995.0,8.0,13.0,3.0,6.0,32,Monsoon,7.0,1,908,1382,Low,0,1,5
2171,1995-10-01,1995-10-03,3.0,severe flood,Assam,0.0,0.0,1995.0,10.0,1.0,4.0,6.0,39,Post-Monsoon,3.0,1,908,501,No Fatality,0,0,5
2172,1995-07-08,1995-07-14,7.0,flash flood,Bihar,0.0,0.0,1995.0,7.0,8.0,3.0,5.0,27,Monsoon,7.0,1,149,1709,No Fatality,0,1,9
2173,1995-07-22,1995-07-28,7.0,severe flood,Bihar,7.0,0.0,1995.0,7.0,22.0,3.0,5.0,29,Monsoon,7.0,1,149,1709,Low,0,1,9
2174,1995-08-17,1995-08-31,15.0,severe floods,Bihar,46.0,0.0,1995.0,8.0,17.0,3.0,3.0,33,Monsoon,15.0,1,149,1382,Medium,1,1,9
2175,1995-10-09,1995-10-15,7.0,severe flood,Bihar,101.0,0.0,1995.0,10.0,9.0,4.0,0.0,41,Post-Monsoon,7.0,1,149,501,High,1,0,9
2176,1995-12-23,1995-12-23,1.0,heavy rains,Bihar,0.0,0.0,1995.0,12.0,23.0,4.0,5.0,51,Winter,1.0,1,149,71,No Fatality,0,0,9
2177,1995-06-12,1995-06-12,1.0,heavy rains,Haryana,3.0,0.0,1995.0,6.0,12.0,2.0,0.0,24,Monsoon,1.0,1,60,1071,Low,0,1,27
2178,1995-07-28,1995-07-28,1.0,heavy rains,Haryana,0.0,4.0,1995.0,7.0,28.0,3.0,4.0,30,Monsoon,1.0,1,60,1709,No Fatality,0,1,27
2179,1995-08-03,1995-08-03,1.0,heavy rains,Haryana,0.0,0.0,1995.0,8.0,3.0,3.0,3.0,31,Monsoon,1.0,1,60,1382,No Fatality,0,1,27
2180,1995-08-10,1995-08-10,1.0,heavy rains,Haryana,1.0,4.0,1995.0,8.0,10.0,3.0,3.0,32,Monsoon,1.0,1,60,1382,Low,0,1,27
2181,1995-08-29,1995-08-30,2.0,heavy rains,Haryana,9.0,3.0,1995.0,8.0,29.0,3.0,1.0,35,Monsoon,2.0,1,60,1382,Low,0,1,27
2182,1995-09-04,1995-09-05,2.0,severe flood,Haryana,64.0,0.0,1995.0,9.0,4.0,3.0,0.0,36,Monsoon,2.0,1,60,938,High,1,1,27
2183,1995-09-09,1995-09-10,2.0,flash flood,Haryana,112.0,13.0,1995.0,9.0,9.0,3.0,5.0,36,Monsoon,2.0,1,60,938,High,1,1,27
2184,1995-02-15,1995-02-15,1.0,heavy rains,Himachal Pradesh,2.0,0.0,1995.0,2.0,15.0,1.0,2.0,7,Winter,1.0,1,362,66,Low,0,0,29
2185,1995-07-05,1995-07-05,1.0,heavy rains,Himachal Pradesh,2.0,0.0,1995.0,7.0,5.0,3.0,2.0,27,Monsoon,1.0,1,362,1709,Low,0,1,29
2186,1995-07-09,1995-07-12,4.0,heavy rains,Himachal Pradesh,7.0,0.0,1995.0,7.0,9.0,3.0,6.0,27,Monsoon,4.0,1,362,1709,Low,0,1,29
2187,1995-07-18,1995-07-18,1.0,heavy rains,Himachal Pradesh,0.0,0.0,1995.0,7.0,18.0,3.0,1.0,29,Monsoon,1.0,1,362,1709,No Fatality,0,1,29
2188,1995-07-28,1995-07-28,1.0,heavy rains,Himachal Pradesh,0.0,0.0,1995.0,7.0,28.0,3.0,4.0,30,Monsoon,1.0,1,362,1709,No Fatality,0,1,29
2189,1995-08-02,1995-08-03,2.0,heavy rains,Himachal Pradesh,6.0,0.0,1995.0,8.0,2.0,3.0,2.0,31,Monsoon,2.0,1,362,1382,Low,0,1,29
2190,1995-08-06,1995-08-06,1.0,heavy rains,Himachal Pradesh,0.0,0.0,1995.0,8.0,6.0,3.0,6.0,31,Monsoon,1.0,1,362,1382,No Fatality,0,1,29
2191,1995-08-08,1995-08-14,7.0,severe flood,Himachal Pradesh,12.0,7.0,1995.0,8.0,8.0,3.0,1.0,32,Monsoon,7.0,1,362,1382,Medium,1,1,29
2192,1995-08-31,1995-08-31,1.0,heavy rains,Himachal Pradesh,3.0,0.0,1995.0,8.0,31.0,3.0,3.0,35,Monsoon,1.0,1,362,1382,Low,0,1,29
2193,1995-09-05,1995-09-05,1.0,heavy rains,Himachal Pradesh,19.0,0.0,1995.0,9.0,5.0,3.0,1.0,36,Monsoon,1.0,1,362,938,Medium,1,1,29
2194,1995-09-12,1995-09-14,3.0,severe flood,Himachal Pradesh,100.0,0.0,1995.0,9.0,12.0,3.0,1.0,37,Monsoon,3.0,1,362,938,High,1,1,29
2195,1995-07-25,1995-08-02,9.0,severe flood,Jammu and Kashmir,104.0,0.0,1995.0,7.0,25.0,3.0,1.0,30,Monsoon,9.0,1,137,1709,High,1,1,33
2196,1995-07-28,1995-07-28,1.0,heavy rains,Karnataka,6.0,0.0,1995.0,7.0,28.0,3.0,4.0,30,Monsoon,1.0,1,491,1709,Low,0,1,37
2197,1995-03-28,1995-03-28,1.0,heavy rains,Kerala,0.0,0.0,1995.0,3.0,28.0,1.0,1.0,13,Summer,1.0,1,604,166,No Fatality,0,0,39
2198,1995-05-07,1995-05-08,2.0,heavy rains,Kerala,0.0,0.0,1995.0,5.0,7.0,2.0,6.0,18,Summer,2.0,1,604,479,No Fatality,0,0,39
2199,1995-05-07,1995-05-09,3.0,heavy rains,Kerala,3.0,5.0,1995.0,5.0,7.0,2.0,6.0,18,Summer,3.0,1,604,479,Low,0,0,39
2200,1995-05-07,1995-05-10,4.0,heavy rains,Kerala,2.0,0.0,1995.0,5.0,7.0,2.0,6.0,18,Summer,4.0,1,604,479,Low,0,0,39
2201,1995-05-07,1995-05-11,5.0,heavy rains,Kerala,0.0,0.0,1995.0,5.0,7.0,2.0,6.0,18,Summer,5.0,1,604,479,No Fatality,0,0,39
2202,1995-06-13,1995-06-17,5.0,heavy rains,Kerala,2.0,0.0,1995.0,6.0,13.0,2.0,1.0,24,Monsoon,5.0,1,604,1071,Low,0,1,39
2203,1995-06-29,1995-06-29,1.0,heavy rains,Kerala,0.0,0.0,1995.0,6.0,29.0,2.0,3.0,26,Monsoon,1.0,1,604,1071,No Fatality,0,1,39
2204,1995-07-05,1995-07-12,8.0,heavy rains,Kerala,0.0,0.0,1995.0,7.0,5.0,3.0,2.0,27,Monsoon,8.0,1,604,1709,No Fatality,0,1,39
2205,1995-07-14,1995-07-18,5.0,heavy rains,Kerala,0.0,0.0,1995.0,7.0,14.0,3.0,4.0,28,Monsoon,5.0,1,604,1709,No Fatality,0,1,39
2206,1995-07-21,1995-07-26,6.0,heavy rains,Kerala,0.0,0.0,1995.0,7.0,21.0,3.0,4.0,29,Monsoon,6.0,1,604,1709,No Fatality,0,1,39
2207,1995-08-04,1995-08-04,1.0,heavy rains,Kerala,0.0,0.0,1995.0,8.0,4.0,3.0,4.0,31,Monsoon,1.0,1,604,1382,No Fatality,0,1,39
2208,1995-09-02,1995-09-03,2.0,heavy rains,Kerala,2.0,1.0,1995.0,9.0,2.0,3.0,5.0,35,Monsoon,2.0,1,604,938,Low,0,1,39
2209,1995-10-07,1995-10-07,1.0,heavy rains,Kerala,1.0,0.0,1995.0,10.0,7.0,4.0,5.0,40,Post-Monsoon,1.0,1,604,501,Low,0,0,39
2210,1995-10-15,1995-10-28,14.0,heavy rains,Kerala,0.0,0.0,1995.0,10.0,15.0,4.0,6.0,41,Post-Monsoon,14.0,1,604,501,No Fatality,0,0,39
2211,1995-10-18,1995-10-19,2.0,heavy rains,Kerala,0.0,0.0,1995.0,10.0,18.0,4.0,2.0,42,Post-Monsoon,2.0,1,604,501,No Fatality,0,0,39
2212,1995-07-25,1995-07-28,4.0,heavy rains,Madhya Pradesh,40.0,0.0,1995.0,7.0,25.0,3.0,1.0,30,Monsoon,4.0,1,238,1709,Medium,1,1,43
2213,1995-08-08,1995-08-08,1.0,heavy rains,Madhya Pradesh,0.0,0.0,1995.0,8.0,8.0,3.0,1.0,32,Monsoon,1.0,1,238,1382,No Fatality,0,1,43
2214,1995-08-19,1995-08-19,1.0,heavy rains,Madhya Pradesh,0.0,0.0,1995.0,8.0,19.0,3.0,5.0,33,Monsoon,1.0,1,238,1382,No Fatality,0,1,43
2215,1995-08-23,1995-08-23,1.0,heavy rains,Madhya Pradesh,0.0,0.0,1995.0,8.0,23.0,3.0,2.0,34,Monsoon,1.0,1,238,1382,No Fatality,0,1,43
2216,1995-09-03,1995-09-03,1.0,heavy rains,Madhya Pradesh,0.0,0.0,1995.0,9.0,3.0,3.0,6.0,35,Monsoon,1.0,1,238,938,No Fatality,0,1,43
2217,1995-03-19,1995-03-19,1.0,heavy rains,Maharashtra,0.0,0.0,1995.0,3.0,19.0,1.0,6.0,11,Summer,1.0,1,1011,166,No Fatality,0,0,47
2218,1995-03-25,1995-03-25,1.0,heavy rains,Maharashtra,0.0,0.0,1995.0,3.0,25.0,1.0,5.0,12,Summer,1.0,1,1011,166,No Fatality,0,0,47
2219,1995-03-27,1995-03-27,1.0,heavy rains,Maharashtra,0.0,0.0,1995.0,3.0,27.0,1.0,0.0,13,Summer,1.0,1,1011,166,No Fatality,0,0,47
2220,1995-05-13,1995-05-13,1.0,heavy rains,Maharashtra,2.0,4.0,1995.0,5.0,13.0,2.0,5.0,19,Summer,1.0,1,1011,479,Low,0,0,47
2221,1995-06-29,1995-06-29,1.0,heavy rains,Maharashtra,0.0,0.0,1995.0,6.0,29.0,2.0,3.0,26,Monsoon,1.0,1,1011,1071,No Fatality,0,1,47
2222,1995-07-08,1995-07-08,1.0,heavy rains,Maharashtra,0.0,4.0,1995.0,7.0,8.0,3.0,5.0,27,Monsoon,1.0,1,1011,1709,No Fatality,0,1,47
2223,1995-07-19,1995-07-19,1.0,heavy rains,Maharashtra,0.0,0.0,1995.0,7.0,19.0,3.0,2.0,29,Monsoon,1.0,1,1011,1709,No Fatality,0,1,47
2224,1995-07-23,1995-07-23,1.0,heavy rains,Maharashtra,6.0,0.0,1995.0,7.0,23.0,3.0,6.0,29,Monsoon,1.0,1,1011,1709,Low,0,1,47
2225,1995-08-01,1995-08-01,1.0,heavy rains,Maharashtra,2.0,1.0,1995.0,8.0,1.0,3.0,1.0,31,Monsoon,1.0,1,1011,1382,Low,0,1,47
2226,1995-08-31,1995-08-31,1.0,heavy rains,Maharashtra,5.0,0.0,1995.0,8.0,31.0,3.0,3.0,35,Monsoon,1.0,1,1011,1382,Low,0,1,47
2227,1995-09-01,1995-09-01,1.0,heavy rains,Maharashtra,7.0,2.0,1995.0,9.0,1.0,3.0,4.0,35,Monsoon,1.0,1,1011,938,Low,0,1,47
2228,1995-09-01,1995-09-02,2.0,heavy rains,Maharashtra,5.0,0.0,1995.0,9.0,1.0,3.0,4.0,35,Monsoon,2.0,1,1011,938,Low,0,1,47
2229,1995-09-17,1995-09-17,1.0,heavy rains,Maharashtra,1.0,0.0,1995.0,9.0,17.0,3.0,6.0,37,Monsoon,1.0,1,1011,938,Low,0,1,47
2230,1995-09-27,1995-09-27,1.0,heavy rains,Maharashtra,0.0,0.0,1995.0,9.0,27.0,3.0,2.0,39,Monsoon,1.0,1,1011,938,No Fatality,0,1,47
2231,1995-06-19,1995-06-19,1.0,heavy rains,Meghalaya,12.0,0.0,1995.0,6.0,19.0,2.0,0.0,25,Monsoon,1.0,1,57,1071,Medium,1,1,51
2232,1995-05-18,1995-05-18,1.0,heavy rains,Mizoram,25.0,0.0,1995.0,5.0,18.0,2.0,3.0,20,Summer,1.0,1,27,479,Medium,1,0,52
2233,1995-05-08,1995-05-10,3.0,severe flood ,Odisha,8.0,0.0,1995.0,5.0,8.0,2.0,0.0,19,Summer,3.0,1,144,479,Low,0,0,55
2234,1995-05-14,1995-05-16,3.0,severe flood,Odisha,39.0,0.0,1995.0,5.0,14.0,2.0,6.0,19,Summer,3.0,1,144,479,Medium,1,0,55
2235,1995-07-18,1995-07-23,6.0,heavy rains,Odisha,0.0,0.0,1995.0,7.0,18.0,3.0,1.0,29,Monsoon,6.0,1,144,1709,No Fatality,0,1,55
2236,1995-08-02,1995-08-02,1.0,heavy rains,Odisha,0.0,0.0,1995.0,8.0,2.0,3.0,2.0,31,Monsoon,1.0,1,144,1382,No Fatality,0,1,55
2237,1995-08-08,1995-08-10,3.0,severe flood,Odisha,0.0,0.0,1995.0,8.0,8.0,3.0,1.0,32,Monsoon,3.0,1,144,1382,No Fatality,0,1,55
2238,1995-08-15,1995-08-16,2.0,severe flood,Odisha,0.0,0.0,1995.0,8.0,15.0,3.0,1.0,33,Monsoon,2.0,1,144,1382,No Fatality,0,1,55
2239,1995-08-16,1995-08-17,2.0,severe floods,Odisha,0.0,0.0,1995.0,8.0,16.0,3.0,2.0,33,Monsoon,2.0,1,144,1382,No Fatality,0,1,55
2240,1995-10-07,1995-10-10,4.0,heavy rains,Odisha,0.0,0.0,1995.0,10.0,7.0,4.0,5.0,40,Post-Monsoon,4.0,1,144,501,No Fatality,0,0,55
2241,1995-10-07,1995-10-11,5.0,heavy rains,Odisha,0.0,0.0,1995.0,10.0,7.0,4.0,5.0,40,Post-Monsoon,5.0,1,144,501,No Fatality,0,0,55
2242,1995-10-08,1995-10-14,7.0,heavy rains,Odisha,0.0,0.0,1995.0,10.0,8.0,4.0,6.0,40,Post-Monsoon,7.0,1,144,501,No Fatality,0,0,55
2243,1995-10-08,1995-10-17,10.0,heavy rains,Odisha,0.0,0.0,1995.0,10.0,8.0,4.0,6.0,40,Post-Monsoon,10.0,1,144,501,No Fatality,0,0,55
2244,1995-08-06,1995-08-07,2.0,heavy rains,Punjab,10.0,0.0,1995.0,8.0,6.0,3.0,6.0,31,Monsoon,2.0,1,171,1382,Low,0,1,61
2245,1995-08-08,1995-08-08,1.0,heavy rains,Punjab,2.0,0.0,1995.0,8.0,8.0,3.0,1.0,32,Monsoon,1.0,1,171,1382,Low,0,1,61
2246,1995-08-10,1995-08-10,1.0,heavy rains,Punjab,1.0,1.0,1995.0,8.0,10.0,3.0,3.0,32,Monsoon,1.0,1,171,1382,Low,0,1,61
2247,1995-08-12,1995-08-12,1.0,heavy rains,Punjab,1.0,0.0,1995.0,8.0,12.0,3.0,5.0,32,Monsoon,1.0,1,171,1382,Low,0,1,61
2248,1995-08-18,1995-08-18,1.0,heavy rains,Punjab,0.0,0.0,1995.0,8.0,18.0,3.0,4.0,33,Monsoon,1.0,1,171,1382,No Fatality,0,1,61
2249,1995-08-22,1995-08-22,1.0,heavy rains,Punjab,1.0,0.0,1995.0,8.0,22.0,3.0,1.0,34,Monsoon,1.0,1,171,1382,Low,0,1,61
2250,1995-08-30,1995-08-31,2.0,heavy rains,Punjab,5.0,0.0,1995.0,8.0,30.0,3.0,2.0,35,Monsoon,2.0,1,171,1382,Low,0,1,61
2251,1995-09-05,1995-09-05,1.0,heavy rains,Punjab,3.0,0.0,1995.0,9.0,5.0,3.0,1.0,36,Monsoon,1.0,1,171,938,Low,0,1,61
2252,1995-09-09,1995-09-09,1.0,heavy rains,Punjab,7.0,0.0,1995.0,9.0,9.0,3.0,5.0,36,Monsoon,1.0,1,171,938,Low,0,1,61
2253,1995-09-12,1995-09-13,2.0,flash flood,Punjab,20.0,0.0,1995.0,9.0,12.0,3.0,1.0,37,Monsoon,2.0,1,171,938,Medium,1,1,61
2254,1995-07-10,1995-07-10,1.0,heavy rains,Rajasthan,0.0,1.0,1995.0,7.0,10.0,3.0,0.0,28,Monsoon,1.0,1,259,1709,No Fatality,0,1,62
2255,1995-07-15,1995-07-15,1.0,heavy rains,Rajasthan,5.0,13.0,1995.0,7.0,15.0,3.0,5.0,28,Monsoon,1.0,1,259,1709,Low,0,1,62
2256,1995-07-16,1995-07-16,1.0,heavy rains,Rajasthan,22.0,0.0,1995.0,7.0,16.0,3.0,6.0,28,Monsoon,1.0,1,259,1709,Medium,1,1,62
2257,1995-07-18,1995-07-18,1.0,heavy rains,Rajasthan,14.0,0.0,1995.0,7.0,18.0,3.0,1.0,29,Monsoon,1.0,1,259,1709,Medium,1,1,62
2258,1995-07-19,1995-07-19,1.0,heavy rains,Rajasthan,5.0,0.0,1995.0,7.0,19.0,3.0,2.0,29,Monsoon,1.0,1,259,1709,Low,0,1,62
2259,1995-07-20,1995-07-20,1.0,heavy rains,Rajasthan,0.0,3.0,1995.0,7.0,20.0,3.0,3.0,29,Monsoon,1.0,1,259,1709,No Fatality,0,1,62
2260,1995-07-28,1995-07-28,1.0,heavy rains,Rajasthan,0.0,2.0,1995.0,7.0,28.0,3.0,4.0,30,Monsoon,1.0,1,259,1709,No Fatality,0,1,62
2261,1995-08-01,1995-08-07,7.0,heavy rains,Rajasthan,0.0,0.0,1995.0,8.0,1.0,3.0,1.0,31,Monsoon,7.0,1,259,1382,No Fatality,0,1,62
2262,1995-08-06,1995-08-06,1.0,heavy rains,Rajasthan,0.0,4.0,1995.0,8.0,6.0,3.0,6.0,31,Monsoon,1.0,1,259,1382,No Fatality,0,1,62
2263,1995-08-09,1995-08-13,5.0,severe flood,Rajasthan,10.0,0.0,1995.0,8.0,9.0,3.0,2.0,32,Monsoon,5.0,1,259,1382,Low,0,1,62
2264,1995-08-19,1995-08-19,1.0,heavy rains,Rajasthan,5.0,3.0,1995.0,8.0,19.0,3.0,5.0,33,Monsoon,1.0,1,259,1382,Low,0,1,62
2265,1995-08-20,1995-08-21,2.0,heavy rains,Rajasthan,9.0,0.0,1995.0,8.0,20.0,3.0,6.0,33,Monsoon,2.0,1,259,1382,Low,0,1,62
2266,1995-08-28,1995-08-30,3.0,heavy rains,Rajasthan,4.0,0.0,1995.0,8.0,28.0,3.0,0.0,35,Monsoon,3.0,1,259,1382,Low,0,1,62
2267,1995-09-04,1995-09-05,2.0,heavy rains,Rajasthan,10.0,0.0,1995.0,9.0,4.0,3.0,0.0,36,Monsoon,2.0,1,259,938,Low,0,1,62
2268,1995-09-08,1995-09-08,1.0,heavy rains,Rajasthan,1.0,0.0,1995.0,9.0,8.0,3.0,4.0,36,Monsoon,1.0,1,259,938,Low,0,1,62
2269,1995-09-10,1995-09-10,1.0,heavy rains,Rajasthan,0.0,0.0,1995.0,9.0,10.0,3.0,6.0,36,Monsoon,1.0,1,259,938,No Fatality,0,1,62
2270,1995-09-06,1995-09-06,1.0,heavy rains,Sikkim,24.0,0.0,1995.0,9.0,6.0,3.0,2.0,36,Monsoon,1.0,1,64,938,Medium,1,1,65
2271,1995-05-06,1995-05-06,1.0,heavy rains,Tamil Nadu,12.0,0.0,1995.0,5.0,6.0,2.0,5.0,18,Summer,1.0,1,188,479,Medium,1,0,66
2272,1995-09-07,1995-09-11,5.0,heavy rains,Tamil Nadu,0.0,0.0,1995.0,9.0,7.0,3.0,3.0,36,Monsoon,5.0,1,188,938,No Fatality,0,1,66
2273,1995-11-02,1995-11-08,7.0,heavy rains,Tamil Nadu,14.0,0.0,1995.0,11.0,2.0,4.0,3.0,44,Post-Monsoon,7.0,1,188,194,Medium,1,0,66
2274,1995-06-08,1995-06-08,1.0,heavy rains,Tripura,1.0,0.0,1995.0,6.0,8.0,2.0,3.0,23,Monsoon,1.0,1,47,1071,Low,0,1,68
2275,1995-06-18,1995-06-18,1.0,heavy rains,Tripura,1.0,0.0,1995.0,6.0,18.0,2.0,6.0,24,Monsoon,1.0,1,47,1071,Low,0,1,68
2276,1995-06-05,1995-06-05,1.0,flash flood,Tripura,1.0,0.0,1995.0,6.0,5.0,2.0,0.0,23,Monsoon,1.0,1,47,1071,Low,0,1,68
2277,1995-08-14,1995-08-14,1.0,heavy rains,Uttar Pradesh,10.0,3.0,1995.0,8.0,14.0,3.0,0.0,33,Monsoon,1.0,1,448,1382,Low,0,1,69
2278,1995-08-29,1995-08-29,1.0,heavy rains,Uttar Pradesh,5.0,20.0,1995.0,8.0,29.0,3.0,1.0,35,Monsoon,1.0,1,448,1382,Low,0,1,69
2279,1995-08-31,1995-08-31,1.0,heavy rains,Uttar Pradesh,0.0,11.0,1995.0,8.0,31.0,3.0,3.0,35,Monsoon,1.0,1,448,1382,No Fatality,0,1,69
2280,1995-08-22,1995-09-14,24.0,severe flood,Uttar Pradesh,199.0,0.0,1995.0,8.0,22.0,3.0,1.0,34,Monsoon,24.0,1,448,1382,High,1,1,69
2281,1995-09-03,1995-09-03,1.0,heavy rains,Uttar Pradesh,40.0,0.0,1995.0,9.0,3.0,3.0,6.0,35,Monsoon,1.0,1,448,938,Medium,1,1,69
2282,1995-09-09,1995-09-09,1.0,heavy rains,Uttar Pradesh,3.0,0.0,1995.0,9.0,9.0,3.0,5.0,36,Monsoon,1.0,1,448,938,Low,0,1,69
2283,1995-09-19,1995-09-19,1.0,heavy rains,Uttar Pradesh,14.0,0.0,1995.0,9.0,19.0,3.0,1.0,38,Monsoon,1.0,1,448,938,Medium,1,1,69
2284,1995-05-11,1995-05-13,3.0,flash flood,West Bengal,0.0,0.0,1995.0,5.0,11.0,2.0,3.0,19,Summer,3.0,1,330,479,No Fatality,0,0,79
2285,1995-05-14,1995-05-15,2.0,heavy rains,West Bengal,0.0,0.0,1995.0,5.0,14.0,2.0,6.0,19,Summer,2.0,1,330,479,No Fatality,0,0,79
2286,1995-05-14,1995-05-16,3.0,flash flood,West Bengal,0.0,0.0,1995.0,5.0,14.0,2.0,6.0,19,Summer,3.0,1,330,479,No Fatality,0,0,79
2287,1995-05-16,1995-05-16,1.0,heavy rains,West Bengal,1.0,20.0,1995.0,5.0,16.0,2.0,1.0,20,Summer,1.0,1,330,479,Low,0,0,79
2288,1995-06-15,1995-06-15,1.0,heavy rains,West Bengal,0.0,0.0,1995.0,6.0,15.0,2.0,3.0,24,Monsoon,1.0,1,330,1071,No Fatality,0,1,79
2289,1995-06-20,1995-06-20,1.0,heavy rains,West Bengal,0.0,0.0,1995.0,6.0,20.0,2.0,1.0,25,Monsoon,1.0,1,330,1071,No Fatality,0,1,79
2290,1995-06-25,1995-06-25,1.0,heavy rains,West Bengal,0.0,0.0,1995.0,6.0,25.0,2.0,6.0,25,Monsoon,1.0,1,330,1071,No Fatality,0,1,79
2291,1995-06-29,1995-06-29,1.0,heavy rains,West Bengal,5.0,1.0,1995.0,6.0,29.0,2.0,3.0,26,Monsoon,1.0,1,330,1071,Low,0,1,79
2292,1995-07-05,1995-07-05,1.0,heavy rains,West Bengal,0.0,1.0,1995.0,7.0,5.0,3.0,2.0,27,Monsoon,1.0,1,330,1709,No Fatality,0,1,79
2293,1995-07-05,1995-07-11,7.0,heavy rains,West Bengal,0.0,0.0,1995.0,7.0,5.0,3.0,2.0,27,Monsoon,7.0,1,330,1709,No Fatality,0,1,79
2294,1995-07-10,1995-07-10,1.0,heavy rains,West Bengal,0.0,0.0,1995.0,7.0,10.0,3.0,0.0,28,Monsoon,1.0,1,330,1709,No Fatality,0,1,79
2295,1995-07-16,1995-07-16,1.0,heavy rains,West Bengal,0.0,0.0,1995.0,7.0,16.0,3.0,6.0,28,Monsoon,1.0,1,330,1709,No Fatality,0,1,79
2296,1995-08-03,1995-08-03,1.0,heavy rains,West Bengal,1.0,0.0,1995.0,8.0,3.0,3.0,3.0,31,Monsoon,1.0,1,330,1382,Low,0,1,79
2297,1995-08-12,1995-08-12,1.0,heavy rains,West Bengal,0.0,0.0,1995.0,8.0,12.0,3.0,5.0,32,Monsoon,1.0,1,330,1382,No Fatality,0,1,79
2298,1995-08-21,1995-08-21,1.0,heavy rains,West Bengal,2.0,0.0,1995.0,8.0,21.0,3.0,0.0,34,Monsoon,1.0,1,330,1382,Low,0,1,79
2299,1995-09-03,1995-09-03,1.0,heavy rains,West Bengal,3.0,0.0,1995.0,9.0,3.0,3.0,6.0,35,Monsoon,1.0,1,330,938,Low,0,1,79
2300,1995-09-04,1995-09-04,1.0,heavy rains,West Bengal,2.0,0.0,1995.0,9.0,4.0,3.0,0.0,36,Monsoon,1.0,1,330,938,Low,0,1,79
2301,1995-09-05,1995-09-05,1.0,heavy rains,West Bengal,0.0,0.0,1995.0,9.0,5.0,3.0,1.0,36,Monsoon,1.0,1,330,938,No Fatality,0,1,79
2302,1995-09-10,1995-09-10,1.0,flash flood,West Bengal,3.0,0.0,1995.0,9.0,10.0,3.0,6.0,36,Monsoon,1.0,1,330,938,Low,0,1,79
2303,1995-09-12,1995-09-13,2.0,heavy rains,West Bengal,0.0,0.0,1995.0,9.0,12.0,3.0,1.0,37,Monsoon,2.0,1,330,938,No Fatality,0,1,79
2304,1995-09-16,1995-09-16,1.0,heavy rains,West Bengal,4.0,3.0,1995.0,9.0,16.0,3.0,5.0,37,Monsoon,1.0,1,330,938,Low,0,1,79
2305,1995-09-17,1995-09-18,2.0,heavy rains,West Bengal,2.0,0.0,1995.0,9.0,17.0,3.0,6.0,37,Monsoon,2.0,1,330,938,Low,0,1,79
2306,1995-09-26,1995-09-26,1.0,heavy rains,West Bengal,1.0,2.0,1995.0,9.0,26.0,3.0,1.0,39,Monsoon,1.0,1,330,938,Low,0,1,79
2307,1995-09-26,1995-09-29,4.0,heavy rains,West Bengal,18.0,0.0,1995.0,9.0,26.0,3.0,1.0,39,Monsoon,4.0,1,330,938,Medium,1,1,79
2308,1995-09-27,1995-09-27,1.0,heavy rains,West Bengal,2.0,1.0,1995.0,9.0,27.0,3.0,2.0,39,Monsoon,1.0,1,330,938,Low,0,1,79
2309,1995-09-27,1995-09-28,2.0,heavy rains,West Bengal,9.0,1.0,1995.0,9.0,27.0,3.0,2.0,39,Monsoon,2.0,1,330,938,Low,0,1,79
2310,1995-10-08,1995-10-08,1.0,heavy rains,West Bengal,0.0,0.0,1995.0,10.0,8.0,4.0,6.0,40,Post-Monsoon,1.0,1,330,501,No Fatality,0,0,79
2311,1995-10-08,1995-10-09,2.0,heavy rains,West Bengal,0.0,0.0,1995.0,10.0,8.0,4.0,6.0,40,Post-Monsoon,2.0,1,330,501,No Fatality,0,0,79
2312,1995-11-09,1995-11-09,1.0,heavy rains,West Bengal,1.0,2.0,1995.0,11.0,9.0,4.0,3.0,45,Post-Monsoon,1.0,1,330,194,Low,0,0,79
2313,1995-11-10,1995-11-10,1.0,heavy rains,West Bengal,2.0,0.0,1995.0,11.0,10.0,4.0,4.0,45,Post-Monsoon,1.0,1,330,194,Low,0,0,79
2314,1995-08-03,1995-08-03,1.0,heavy rains,Punjab,0.0,0.0,1995.0,8.0,3.0,3.0,3.0,31,Monsoon,1.0,1,171,1382,No Fatality,0,1,61
2315,1995-09-04,1995-09-04,1.0,heavy rains,Delhi,0.0,0.0,1995.0,9.0,4.0,3.0,0.0,36,Monsoon,1.0,1,43,938,No Fatality,0,1,21
2316,1995-09-06,1995-09-07,2.0,heavy rains,Delhi,2.0,0.0,1995.0,9.0,6.0,3.0,2.0,36,Monsoon,2.0,1,43,938,Low,0,1,21
2317,1995-09-09,1995-09-09,1.0,heavy rains,Delhi,1.0,0.0,1995.0,9.0,9.0,3.0,5.0,36,Monsoon,1.0,1,43,938,Low,0,1,21
2318,1996-08-01,1996-08-31,31.0,severe flood,Andhra Pradesh,68.0,0.0,1996.0,8.0,1.0,3.0,3.0,31,Monsoon,31.0,1,150,1382,High,1,1,1
2319,1996-09-01,1996-09-30,30.0,severe flood,Andhra Pradesh,33.0,0.0,1996.0,9.0,1.0,3.0,6.0,35,Monsoon,30.0,1,150,938,Medium,1,1,1
2320,1996-10-01,1996-10-03,3.0,severe flood,Andhra Pradesh,61.0,0.0,1996.0,10.0,1.0,4.0,1.0,40,Post-Monsoon,3.0,1,150,501,High,1,0,1
2321,1996-10-17,1996-10-21,5.0,severe flood,Andhra Pradesh,338.0,0.0,1996.0,10.0,17.0,4.0,3.0,42,Post-Monsoon,5.0,1,150,501,High,1,0,1
2322,1996-05-14,1996-05-14,1.0,heavy rains,Arunachal Pradesh,0.0,0.0,1996.0,5.0,14.0,2.0,1.0,20,Summer,1.0,1,150,479,No Fatality,0,0,4
2323,1996-06-28,1996-07-12,15.0,severe flood,Arunachal Pradesh,0.0,0.0,1996.0,6.0,28.0,2.0,4.0,26,Monsoon,15.0,1,150,1071,No Fatality,0,1,4
2324,1996-07-16,1996-07-16,1.0,flash flood,Arunachal Pradesh,0.0,0.0,1996.0,7.0,16.0,3.0,1.0,29,Monsoon,1.0,1,150,1709,No Fatality,0,1,4
2325,1996-05-12,1996-05-12,1.0,flash flood,Assam,0.0,0.0,1996.0,5.0,12.0,2.0,6.0,19,Summer,1.0,1,908,479,No Fatality,0,0,5
2326,1996-05-13,1996-05-14,2.0,flash flood,Assam,0.0,0.0,1996.0,5.0,13.0,2.0,0.0,20,Summer,2.0,1,908,479,No Fatality,0,0,5
2327,1996-05-15,1996-05-29,15.0,severe flood,Assam,0.0,0.0,1996.0,5.0,15.0,2.0,2.0,20,Summer,15.0,1,908,479,No Fatality,0,0,5
2328,1996-05-16,1996-05-16,1.0,flash flood,Assam,0.0,0.0,1996.0,5.0,16.0,2.0,3.0,20,Summer,1.0,1,908,479,No Fatality,0,0,5
2329,1996-05-21,1996-05-21,1.0,flash flood,Assam,0.0,0.0,1996.0,5.0,21.0,2.0,1.0,21,Summer,1.0,1,908,479,No Fatality,0,0,5
2330,1996-05-22,1996-05-22,1.0,flash flood,Assam,0.0,0.0,1996.0,5.0,22.0,2.0,2.0,21,Summer,1.0,1,908,479,No Fatality,0,0,5
2331,1996-06-08,1996-06-08,1.0,flash flood,Assam,0.0,0.0,1996.0,6.0,8.0,2.0,5.0,23,Monsoon,1.0,1,908,1071,No Fatality,0,1,5
2332,1996-07-27,1996-07-31,5.0,severe flood,Assam,27.0,0.0,1996.0,7.0,27.0,3.0,5.0,30,Monsoon,5.0,1,908,1709,Medium,1,1,5
2333,1996-08-12,1996-09-03,23.0,severe flood,Assam,7.0,0.0,1996.0,8.0,12.0,3.0,0.0,33,Monsoon,23.0,1,908,1382,Low,0,1,5
2334,1996-10-29,1996-10-29,1.0,heavy rains,Assam,0.0,0.0,1996.0,10.0,29.0,4.0,1.0,44,Post-Monsoon,1.0,1,908,501,No Fatality,0,0,5
2335,1996-01-16,1996-01-16,1.0,heavy rains,Bihar,0.0,0.0,1996.0,1.0,16.0,1.0,1.0,3,Winter,1.0,1,149,108,No Fatality,0,0,9
2336,1996-07-19,1996-07-20,2.0,severe flood,Bihar,0.0,0.0,1996.0,7.0,19.0,3.0,4.0,29,Monsoon,2.0,1,149,1709,No Fatality,0,1,9
2337,1996-07-01,1996-07-31,31.0,severe flood,Bihar,25.0,0.0,1996.0,7.0,1.0,3.0,0.0,27,Monsoon,31.0,1,149,1709,Medium,1,1,9
2338,1996-08-01,1996-08-07,7.0,severe flood,Bihar,51.0,0.0,1996.0,8.0,1.0,3.0,3.0,31,Monsoon,7.0,1,149,1382,High,1,1,9
2339,1996-06-19,1996-06-20,2.0,heavy rains,Goa,0.0,0.0,1996.0,6.0,19.0,2.0,2.0,25,Monsoon,2.0,1,30,1071,No Fatality,0,1,22
2340,1996-07-26,1996-07-27,2.0,severe flood,Gujarat,4.0,0.0,1996.0,7.0,26.0,3.0,4.0,30,Monsoon,2.0,1,168,1709,Low,0,1,26
2341,1996-03-21,1996-03-22,2.0,heavy rains,Haryana,0.0,0.0,1996.0,3.0,21.0,1.0,3.0,12,Summer,2.0,1,60,166,No Fatality,0,0,27
2342,1996-06-26,1996-06-27,2.0,flash flood,Haryana,7.0,0.0,1996.0,6.0,26.0,2.0,2.0,26,Monsoon,2.0,1,60,1071,Low,0,1,27
2343,1996-08-03,1996-08-03,1.0,heavy rains,Haryana,0.0,0.0,1996.0,8.0,3.0,3.0,5.0,31,Monsoon,1.0,1,60,1382,No Fatality,0,1,27
2344,1996-08-10,1996-08-15,6.0,heavy rains,Haryana,0.0,0.0,1996.0,8.0,10.0,3.0,5.0,32,Monsoon,6.0,1,60,1382,No Fatality,0,1,27
2345,1996-09-08,1996-09-10,3.0,heavy rains,Haryana,1.0,0.0,1996.0,9.0,8.0,3.0,6.0,36,Monsoon,3.0,1,60,938,Low,0,1,27
2346,1996-03-17,1996-03-17,1.0,heavy rains,Himachal Pradesh,0.0,0.0,1996.0,3.0,17.0,1.0,6.0,11,Summer,1.0,1,362,166,No Fatality,0,0,29
2347,1996-06-19,1996-06-19,1.0,heavy rains,Himachal Pradesh,2.0,0.0,1996.0,6.0,19.0,2.0,2.0,25,Monsoon,1.0,1,362,1071,Low,0,1,29
2348,1996-06-27,1996-06-27,1.0,heavy rains,Himachal Pradesh,11.0,0.0,1996.0,6.0,27.0,2.0,3.0,26,Monsoon,1.0,1,362,1071,Medium,1,1,29
2349,1996-07-01,1996-07-01,1.0,heavy rains,Himachal Pradesh,2.0,1.0,1996.0,7.0,1.0,3.0,0.0,27,Monsoon,1.0,1,362,1709,Low,0,1,29
2350,1996-07-14,1996-07-23,10.0,heavy rains,Himachal Pradesh,7.0,0.0,1996.0,7.0,14.0,3.0,6.0,28,Monsoon,10.0,1,362,1709,Low,0,1,29
2351,1996-08-03,1996-08-03,1.0,heavy rains,Himachal Pradesh,2.0,0.0,1996.0,8.0,3.0,3.0,5.0,31,Monsoon,1.0,1,362,1382,Low,0,1,29
2352,1996-08-13,1996-08-13,1.0,heavy rains,Himachal Pradesh,2.0,0.0,1996.0,8.0,13.0,3.0,1.0,33,Monsoon,1.0,1,362,1382,Low,0,1,29
2353,1996-08-15,1996-08-15,1.0,heavy rains,Himachal Pradesh,0.0,0.0,1996.0,8.0,15.0,3.0,3.0,33,Monsoon,1.0,1,362,1382,No Fatality,0,1,29
2354,1996-09-08,1996-09-09,2.0,heavy rains,Himachal Pradesh,3.0,0.0,1996.0,9.0,8.0,3.0,6.0,36,Monsoon,2.0,1,362,938,Low,0,1,29
2355,1996-02-24,1996-02-24,1.0,heavy rains,Jammu and Kashmir,0.0,0.0,1996.0,2.0,24.0,1.0,5.0,8,Winter,1.0,1,137,66,No Fatality,0,0,33
2356,1996-03-16,1996-03-17,2.0,heavy rains,Jammu and Kashmir,3.0,0.0,1996.0,3.0,16.0,1.0,5.0,11,Summer,2.0,1,137,166,Low,0,0,33
2357,1996-06-17,1996-06-20,4.0,severe floods,Jammu and Kashmir,4.0,0.0,1996.0,6.0,17.0,2.0,0.0,25,Monsoon,4.0,1,137,1071,Low,0,1,33
2358,1996-06-22,1996-06-28,7.0,severe flood,Jammu and Kashmir,15.0,0.0,1996.0,6.0,22.0,2.0,5.0,25,Monsoon,7.0,1,137,1071,Medium,1,1,33
2359,1996-08-21,1996-08-26,6.0,severe flood,Jammu and Kashmir,241.0,0.0,1996.0,8.0,21.0,3.0,2.0,34,Monsoon,6.0,1,137,1382,High,1,1,33
2360,1996-06-13,1996-06-15,3.0,heavy rains,Karnataka,29.0,15.0,1996.0,6.0,13.0,2.0,3.0,24,Monsoon,3.0,1,491,1071,Medium,1,1,37
2361,1996-06-14,1996-06-14,1.0,heavy rains,Karnataka,9.0,12.0,1996.0,6.0,14.0,2.0,4.0,24,Monsoon,1.0,1,491,1071,Low,0,1,37
2362,1996-08-11,1996-08-11,1.0,heavy rains,Karnataka,2.0,7.0,1996.0,8.0,11.0,3.0,6.0,32,Monsoon,1.0,1,491,1382,Low,0,1,37
2363,1996-08-26,1996-08-26,1.0,heavy rains,Karnataka,0.0,0.0,1996.0,8.0,26.0,3.0,0.0,35,Monsoon,1.0,1,491,1382,No Fatality,0,1,37
2364,1996-08-01,1996-08-31,31.0,severe flood,Karnataka,137.0,0.0,1996.0,8.0,1.0,3.0,3.0,31,Monsoon,31.0,1,491,1382,High,1,1,37
2365,1996-09-22,1996-09-28,7.0,severe flood,Karnataka,0.0,0.0,1996.0,9.0,22.0,3.0,6.0,38,Monsoon,7.0,1,491,938,No Fatality,0,1,37
2366,1996-10-01,1996-10-02,2.0,heavy rains,Karnataka,15.0,12.0,1996.0,10.0,1.0,4.0,1.0,40,Post-Monsoon,2.0,1,491,501,Medium,1,0,37
2367,1996-06-03,1996-06-03,1.0,heavy rains,Kerala,0.0,0.0,1996.0,6.0,3.0,2.0,0.0,23,Monsoon,1.0,1,604,1071,No Fatality,0,1,39
2368,1996-06-13,1996-06-13,1.0,heavy rains,Kerala,0.0,0.0,1996.0,6.0,13.0,2.0,3.0,24,Monsoon,1.0,1,604,1071,No Fatality,0,1,39
2369,1996-06-14,1996-06-15,2.0,heavy rains,Kerala,1.0,0.0,1996.0,6.0,14.0,2.0,4.0,24,Monsoon,2.0,1,604,1071,Low,0,1,39
2370,1996-06-16,1996-06-22,7.0,heavy rains,Kerala,24.0,0.0,1996.0,6.0,16.0,2.0,6.0,24,Monsoon,7.0,1,604,1071,Medium,1,1,39
2371,1996-06-17,1996-06-17,1.0,heavy rains,Kerala,0.0,0.0,1996.0,6.0,17.0,2.0,0.0,25,Monsoon,1.0,1,604,1071,No Fatality,0,1,39
2372,1996-06-20,1996-06-20,1.0,heavy rains,Kerala,2.0,0.0,1996.0,6.0,20.0,2.0,3.0,25,Monsoon,1.0,1,604,1071,Low,0,1,39
2373,1996-07-20,1996-07-21,2.0,heavy rains,Kerala,0.0,0.0,1996.0,7.0,20.0,3.0,5.0,29,Monsoon,2.0,1,604,1709,No Fatality,0,1,39
2374,1996-07-24,1996-07-24,1.0,heavy rains,Kerala,0.0,0.0,1996.0,7.0,24.0,3.0,2.0,30,Monsoon,1.0,1,604,1709,No Fatality,0,1,39
2375,1996-08-08,1996-08-08,1.0,heavy rains,Kerala,0.0,0.0,1996.0,8.0,8.0,3.0,3.0,32,Monsoon,1.0,1,604,1382,No Fatality,0,1,39
2376,1996-08-12,1996-08-12,1.0,heavy rains,Kerala,0.0,0.0,1996.0,8.0,12.0,3.0,0.0,33,Monsoon,1.0,1,604,1382,No Fatality,0,1,39
2377,1996-08-23,1996-08-23,1.0,heavy rains,Kerala,0.0,0.0,1996.0,8.0,23.0,3.0,4.0,34,Monsoon,1.0,1,604,1382,No Fatality,0,1,39
2378,1996-09-11,1996-09-11,1.0,heavy rains,Kerala,0.0,0.0,1996.0,9.0,11.0,3.0,2.0,37,Monsoon,1.0,1,604,938,No Fatality,0,1,39
2379,1996-06-17,1996-06-19,3.0,heavy rains,Madhya Pradesh,0.0,0.0,1996.0,6.0,17.0,2.0,0.0,25,Monsoon,3.0,1,238,1071,No Fatality,0,1,43
2380,1996-07-01,1996-07-01,1.0,heavy rains,Madhya Pradesh,2.0,1.0,1996.0,7.0,1.0,3.0,0.0,27,Monsoon,1.0,1,238,1709,Low,0,1,43
2381,1996-07-24,1996-07-27,4.0,heavy rains,Madhya Pradesh,8.0,0.0,1996.0,7.0,24.0,3.0,2.0,30,Monsoon,4.0,1,238,1709,Low,0,1,43
2382,1996-08-04,1996-08-04,1.0,heavy rains,Madhya Pradesh,2.0,0.0,1996.0,8.0,4.0,3.0,6.0,31,Monsoon,1.0,1,238,1382,Low,0,1,43
2383,1996-08-05,1996-08-05,1.0,heavy rains,Madhya Pradesh,0.0,0.0,1996.0,8.0,5.0,3.0,0.0,32,Monsoon,1.0,1,238,1382,No Fatality,0,1,43
2384,1996-08-21,1996-08-24,4.0,heavy rains,Madhya Pradesh,2.0,0.0,1996.0,8.0,21.0,3.0,2.0,34,Monsoon,4.0,1,238,1382,Low,0,1,43
2385,1996-06-09,1996-06-09,1.0,heavy rains,Maharashtra,4.0,8.0,1996.0,6.0,9.0,2.0,6.0,23,Monsoon,1.0,1,1011,1071,Low,0,1,47
2386,1996-06-14,1996-06-18,5.0,heavy rains,Maharashtra,0.0,1.0,1996.0,6.0,14.0,2.0,4.0,24,Monsoon,5.0,1,1011,1071,No Fatality,0,1,47
2387,1996-06-15,1996-06-15,1.0,heavy rains,Maharashtra,5.0,0.0,1996.0,6.0,15.0,2.0,5.0,24,Monsoon,1.0,1,1011,1071,Low,0,1,47
2388,1996-06-17,1996-06-17,1.0,heavy rains,Maharashtra,0.0,0.0,1996.0,6.0,17.0,2.0,0.0,25,Monsoon,1.0,1,1011,1071,No Fatality,0,1,47
2389,1996-06-18,1996-06-19,2.0,heavy rains,Maharashtra,6.0,9.0,1996.0,6.0,18.0,2.0,1.0,25,Monsoon,2.0,1,1011,1071,Low,0,1,47
2390,1996-06-21,1996-06-22,2.0,heavy rains,Maharashtra,3.0,0.0,1996.0,6.0,21.0,2.0,4.0,25,Monsoon,2.0,1,1011,1071,Low,0,1,47
2391,1996-07-02,1996-07-02,1.0,heavy rains,Maharashtra,0.0,0.0,1996.0,7.0,2.0,3.0,1.0,27,Monsoon,1.0,1,1011,1709,No Fatality,0,1,47
2392,1996-07-11,1996-07-11,1.0,heavy rains,Maharashtra,1.0,11.0,1996.0,7.0,11.0,3.0,3.0,28,Monsoon,1.0,1,1011,1709,Low,0,1,47
2393,1996-07-15,1996-07-21,7.0,heavy rains,Maharashtra,16.0,6.0,1996.0,7.0,15.0,3.0,0.0,29,Monsoon,7.0,1,1011,1709,Medium,1,1,47
2394,1996-08-25,1996-08-25,1.0,heavy rains,Maharashtra,0.0,0.0,1996.0,8.0,25.0,3.0,6.0,34,Monsoon,1.0,1,1011,1382,No Fatality,0,1,47
2395,1996-08-27,1996-08-27,1.0,heavy rains,Maharashtra,0.0,3.0,1996.0,8.0,27.0,3.0,1.0,35,Monsoon,1.0,1,1011,1382,No Fatality,0,1,47
2396,1996-08-29,1996-08-29,1.0,heavy rains,Maharashtra,7.0,0.0,1996.0,8.0,29.0,3.0,3.0,35,Monsoon,1.0,1,1011,1382,Low,0,1,47
2397,1996-09-04,1996-09-04,1.0,heavy rains,Maharashtra,0.0,2.0,1996.0,9.0,4.0,3.0,2.0,36,Monsoon,1.0,1,1011,938,No Fatality,0,1,47
2398,1996-09-10,1996-09-15,6.0,severe flood,Maharashtra,8.0,0.0,1996.0,9.0,10.0,3.0,1.0,37,Monsoon,6.0,1,1011,938,Low,0,1,47
2399,1996-09-26,1996-10-05,10.0,heavy rains,Maharashtra,34.0,0.0,1996.0,9.0,26.0,3.0,3.0,39,Monsoon,10.0,1,1011,938,Medium,1,1,47
2400,1996-10-02,1996-10-02,1.0,heavy rains,Maharashtra,4.0,2.0,1996.0,10.0,2.0,4.0,2.0,40,Post-Monsoon,1.0,1,1011,501,Low,0,0,47
2401,1996-10-05,1996-10-05,1.0,heavy rains,Maharashtra,4.0,0.0,1996.0,10.0,5.0,4.0,5.0,40,Post-Monsoon,1.0,1,1011,501,Low,0,0,47
2402,1996-10-22,1996-10-22,1.0,heavy rains,Maharashtra,1.0,0.0,1996.0,10.0,22.0,4.0,1.0,43,Post-Monsoon,1.0,1,1011,501,Low,0,0,47
2403,1996-10-15,1996-10-21,7.0,heavy rains,Maharashtra,0.0,0.0,1996.0,10.0,15.0,4.0,1.0,42,Post-Monsoon,7.0,1,1011,501,No Fatality,0,0,47
2404,1996-07-29,1996-07-29,1.0,flash flood,Meghalaya,7.0,0.0,1996.0,7.0,29.0,3.0,0.0,31,Monsoon,1.0,1,57,1709,Low,0,1,51
2405,1996-10-08,1996-10-08,1.0,heavy rains,Mizoram,0.0,0.0,1996.0,10.0,8.0,4.0,1.0,41,Post-Monsoon,1.0,1,27,501,No Fatality,0,0,52
2406,1996-07-23,1996-07-23,1.0,heavy rains,Odisha,0.0,0.0,1996.0,7.0,23.0,3.0,1.0,30,Monsoon,1.0,1,144,1709,No Fatality,0,1,55
2407,1996-06-19,1996-06-19,1.0,heavy rains,Punjab,2.0,0.0,1996.0,6.0,19.0,2.0,2.0,25,Monsoon,1.0,1,171,1071,Low,0,1,61
2408,1996-06-26,1996-06-26,1.0,heavy rains,Punjab,0.0,0.0,1996.0,6.0,26.0,2.0,2.0,26,Monsoon,1.0,1,171,1071,No Fatality,0,1,61
2409,1996-08-03,1996-08-03,1.0,heavy rains,Punjab,0.0,0.0,1996.0,8.0,3.0,3.0,5.0,31,Monsoon,1.0,1,171,1382,No Fatality,0,1,61
2410,1996-08-18,1996-08-18,1.0,heavy rains,Punjab,0.0,0.0,1996.0,8.0,18.0,3.0,6.0,33,Monsoon,1.0,1,171,1382,No Fatality,0,1,61
2411,1996-09-09,1996-09-09,1.0,heavy rains,Punjab,1.0,0.0,1996.0,9.0,9.0,3.0,0.0,37,Monsoon,1.0,1,171,938,Low,0,1,61
2412,1996-06-20,1996-06-26,7.0,severe flood,Rajasthan,58.0,0.0,1996.0,6.0,20.0,2.0,3.0,25,Monsoon,7.0,1,259,1071,High,1,1,62
2413,1996-07-26,1996-07-26,1.0,heavy rains,Rajasthan,2.0,0.0,1996.0,7.0,26.0,3.0,4.0,30,Monsoon,1.0,1,259,1709,Low,0,1,62
2414,1996-08-06,1996-08-06,1.0,heavy rains,Rajasthan,2.0,0.0,1996.0,8.0,6.0,3.0,1.0,32,Monsoon,1.0,1,259,1382,Low,0,1,62
2415,1996-08-23,1996-08-25,3.0,heavy rains,Rajasthan,0.0,0.0,1996.0,8.0,23.0,3.0,4.0,34,Monsoon,3.0,1,259,1382,No Fatality,0,1,62
2416,1996-09-05,1996-09-05,1.0,heavy rains,Rajasthan,1.0,0.0,1996.0,9.0,5.0,3.0,3.0,36,Monsoon,1.0,1,259,938,Low,0,1,62
2417,1996-09-08,1996-09-09,2.0,heavy rains,Rajasthan,13.0,0.0,1996.0,9.0,8.0,3.0,6.0,36,Monsoon,2.0,1,259,938,Medium,1,1,62
2418,1996-10-05,1996-10-05,1.0,heavy rains,Sikkim,7.0,0.0,1996.0,10.0,5.0,4.0,5.0,40,Post-Monsoon,1.0,1,64,501,Low,0,0,65
2419,1996-06-14,1996-06-15,2.0,heavy rains,Tamil Nadu,14.0,0.0,1996.0,6.0,14.0,2.0,4.0,24,Monsoon,2.0,1,188,1071,Medium,1,1,66
2420,1996-10-17,1996-10-19,3.0,severe flood,Tamil Nadu,21.0,0.0,1996.0,10.0,17.0,4.0,3.0,42,Post-Monsoon,3.0,1,188,501,Medium,1,0,66
2421,1996-11-17,1996-11-28,12.0,heavy rains,Tamil Nadu,5.0,0.0,1996.0,11.0,17.0,4.0,6.0,46,Post-Monsoon,12.0,1,188,194,Low,0,0,66
2422,1996-12-12,1996-12-18,7.0,heavy rains,Tamil Nadu,135.0,0.0,1996.0,12.0,12.0,4.0,3.0,50,Winter,7.0,1,188,71,High,1,0,66
2423,1996-07-02,1996-07-02,1.0,heavy rains,Tripura,8.0,40.0,1996.0,7.0,2.0,3.0,1.0,27,Monsoon,1.0,1,47,1709,Low,0,1,68
2424,1996-07-18,1996-07-18,1.0,heavy rains,Uttar Pradesh,25.0,9.0,1996.0,7.0,18.0,3.0,3.0,29,Monsoon,1.0,1,448,1709,Medium,1,1,69
2425,1996-07-23,1996-07-23,1.0,flash flood,Uttar Pradesh,0.0,0.0,1996.0,7.0,23.0,3.0,1.0,30,Monsoon,1.0,1,448,1709,No Fatality,0,1,69
2426,1996-07-24,1996-07-24,1.0,heavy rains,Uttar Pradesh,5.0,0.0,1996.0,7.0,24.0,3.0,2.0,30,Monsoon,1.0,1,448,1709,Low,0,1,69
2427,1996-08-13,1996-08-19,7.0,heavy rains,Uttar Pradesh,10.0,3.0,1996.0,8.0,13.0,3.0,1.0,33,Monsoon,7.0,1,448,1382,Low,0,1,69
2428,1996-08-21,1996-08-21,1.0,severe flood,Uttar Pradesh,18.0,0.0,1996.0,8.0,21.0,3.0,2.0,34,Monsoon,1.0,1,448,1382,Medium,1,1,69
2429,1996-08-22,1996-08-23,2.0,severe flood,Uttar Pradesh,0.0,12.0,1996.0,8.0,22.0,3.0,3.0,34,Monsoon,2.0,1,448,1382,No Fatality,0,1,69
2430,1996-09-13,1996-09-13,1.0,heavy rains,Uttar Pradesh,1.0,0.0,1996.0,9.0,13.0,3.0,4.0,37,Monsoon,1.0,1,448,938,Low,0,1,69
2431,1996-06-19,1996-06-20,2.0,heavy rains,West Bengal,0.0,5.0,1996.0,6.0,19.0,2.0,2.0,25,Monsoon,2.0,1,330,1071,No Fatality,0,1,79
2432,1996-06-23,1996-06-23,1.0,heavy rains,West Bengal,1.0,2.0,1996.0,6.0,23.0,2.0,6.0,25,Monsoon,1.0,1,330,1071,Low,0,1,79
2433,1996-07-12,1996-07-13,2.0,severe flood,West Bengal,100.0,0.0,1996.0,7.0,12.0,3.0,4.0,28,Monsoon,2.0,1,330,1709,High,1,1,79
2434,1996-07-15,1996-07-21,7.0,severe flood,West Bengal,7.0,0.0,1996.0,7.0,15.0,3.0,0.0,29,Monsoon,7.0,1,330,1709,Low,0,1,79
2435,1996-08-07,1996-08-07,1.0,heavy rains,West Bengal,0.0,0.0,1996.0,8.0,7.0,3.0,2.0,32,Monsoon,1.0,1,330,1382,No Fatality,0,1,79
2436,1996-08-09,1996-08-10,2.0,flash flood,West Bengal,2.0,0.0,1996.0,8.0,9.0,3.0,4.0,32,Monsoon,2.0,1,330,1382,Low,0,1,79
2437,1996-08-13,1996-08-15,3.0,severe flood,West Bengal,0.0,0.0,1996.0,8.0,13.0,3.0,1.0,33,Monsoon,3.0,1,330,1382,No Fatality,0,1,79
2438,1996-08-21,1996-08-21,1.0,heavy rains,West Bengal,1.0,0.0,1996.0,8.0,21.0,3.0,2.0,34,Monsoon,1.0,1,330,1382,Low,0,1,79
2439,1996-08-27,1996-08-27,1.0,severe flood,West Bengal,0.0,0.0,1996.0,8.0,27.0,3.0,1.0,35,Monsoon,1.0,1,330,1382,No Fatality,0,1,79
2440,1996-08-30,1996-08-30,1.0,flash flood,West Bengal,0.0,0.0,1996.0,8.0,30.0,3.0,4.0,35,Monsoon,1.0,1,330,1382,No Fatality,0,1,79
2441,1996-08-31,1996-08-31,1.0,heavy rains,West Bengal,6.0,0.0,1996.0,8.0,31.0,3.0,5.0,35,Monsoon,1.0,1,330,1382,Low,0,1,79
2442,1996-09-26,1996-09-27,2.0,heavy rains,West Bengal,1.0,0.0,1996.0,9.0,26.0,3.0,3.0,39,Monsoon,2.0,1,330,938,Low,0,1,79
2443,1996-09-27,1996-09-27,1.0,heavy rains,West Bengal,0.0,0.0,1996.0,9.0,27.0,3.0,4.0,39,Monsoon,1.0,1,330,938,No Fatality,0,1,79
2444,1996-10-28,1996-10-29,2.0,"heavy rains , severe flood",West Bengal,27.0,0.0,1996.0,10.0,28.0,4.0,0.0,44,Post-Monsoon,2.0,1,330,501,Medium,1,0,79
2445,1996-10-21,1996-10-21,1.0,heavy rains,Punjab,0.0,0.0,1996.0,10.0,21.0,4.0,0.0,43,Post-Monsoon,1.0,1,171,501,No Fatality,0,0,61
2446,1996-06-24,1996-06-24,1.0,heavy rains,Delhi,2.0,0.0,1996.0,6.0,24.0,2.0,0.0,26,Monsoon,1.0,1,43,1071,Low,0,1,21
2447,1996-06-25,1996-06-25,1.0,heavy rains,Delhi,8.0,0.0,1996.0,6.0,25.0,2.0,1.0,26,Monsoon,1.0,1,43,1071,Low,0,1,21
2448,1997-03-18,1997-03-18,1.0,heavy rains,Andhra Pradesh,0.0,0.0,1997.0,3.0,18.0,1.0,1.0,12,Summer,1.0,1,150,166,No Fatality,0,0,1
2449,1997-09-08,1997-09-14,7.0,heavy rains,Andhra Pradesh,44.0,0.0,1997.0,9.0,8.0,3.0,0.0,37,Monsoon,7.0,1,150,938,Medium,1,1,1
2450,1997-09-22,1997-09-28,7.0,heavy rains,Andhra Pradesh,32.0,0.0,1997.0,9.0,22.0,3.0,0.0,39,Monsoon,7.0,1,150,938,Medium,1,1,1
2451,1997-10-22,1997-10-28,7.0,flash flood,Andhra Pradesh,9.0,0.0,1997.0,10.0,22.0,4.0,2.0,43,Post-Monsoon,7.0,1,150,501,Low,0,0,1
2452,1997-11-22,1997-12-14,23.0,severe flood,Andhra Pradesh,14.0,0.0,1997.0,11.0,22.0,4.0,5.0,47,Post-Monsoon,23.0,1,150,194,Medium,1,0,1
2453,1997-06-03,1997-06-03,1.0,heavy rains,Arunachal Pradesh,0.0,0.0,1997.0,6.0,3.0,2.0,1.0,23,Monsoon,1.0,1,150,1071,No Fatality,0,1,4
2454,1997-06-18,1997-06-19,2.0,flash flood,Arunachal Pradesh,8.0,0.0,1997.0,6.0,18.0,2.0,2.0,25,Monsoon,2.0,1,150,1071,Low,0,1,4
2455,1997-05-17,1997-05-17,1.0,heavy rains,Assam,0.0,0.0,1997.0,5.0,17.0,2.0,5.0,20,Summer,1.0,1,908,479,No Fatality,0,0,5
2456,1997-06-01,1997-06-01,1.0,flash flood,Assam,0.0,0.0,1997.0,6.0,1.0,2.0,6.0,22,Monsoon,1.0,1,908,1071,No Fatality,0,1,5
2457,1997-06-10,1997-06-30,21.0,severe floods,Assam,1.0,0.0,1997.0,6.0,10.0,2.0,1.0,24,Monsoon,21.0,1,908,1071,Low,0,1,5
2458,1997-07-05,1997-07-05,1.0,flash flood,Assam,0.0,0.0,1997.0,7.0,5.0,3.0,5.0,27,Monsoon,1.0,1,908,1709,No Fatality,0,1,5
2459,1997-07-08,1997-07-21,14.0,severe floods,Assam,10.0,0.0,1997.0,7.0,8.0,3.0,1.0,28,Monsoon,14.0,1,908,1709,Low,0,1,5
2460,1997-09-15,1997-09-28,14.0,severe flood,Assam,2.0,0.0,1997.0,9.0,15.0,3.0,0.0,38,Monsoon,14.0,1,908,938,Low,0,1,5
2461,1997-09-29,1997-09-29,1.0,moderate floods,Assam,0.0,0.0,1997.0,9.0,29.0,3.0,0.0,40,Monsoon,1.0,1,908,938,No Fatality,0,1,5
2462,1997-07-02,1997-07-02,1.0,heavy rains,Bihar,0.0,0.0,1997.0,7.0,2.0,3.0,2.0,27,Monsoon,1.0,1,149,1709,No Fatality,0,1,9
2463,1997-07-18,1997-07-18,1.0,flash flood,Bihar,15.0,0.0,1997.0,7.0,18.0,3.0,4.0,29,Monsoon,1.0,1,149,1709,Medium,1,1,9
2464,1997-07-21,1997-07-21,1.0,heavy rains,Bihar,5.0,0.0,1997.0,7.0,21.0,3.0,0.0,30,Monsoon,1.0,1,149,1709,Low,0,1,9
2465,1997-08-01,1997-08-21,21.0,severe flood,Bihar,65.0,0.0,1997.0,8.0,1.0,3.0,4.0,31,Monsoon,21.0,1,149,1382,High,1,1,9
2466,1997-06-22,1997-06-28,7.0,severe flood,Gujarat,172.0,0.0,1997.0,6.0,22.0,2.0,6.0,25,Monsoon,7.0,1,168,1071,High,1,1,26
2467,1997-07-27,1997-07-27,1.0,severe flood,Gujarat,0.0,0.0,1997.0,7.0,27.0,3.0,6.0,30,Monsoon,1.0,1,168,1709,No Fatality,0,1,26
2468,1997-08-07,1997-08-07,1.0,heavy rains,Gujarat,5.0,0.0,1997.0,8.0,7.0,3.0,3.0,32,Monsoon,1.0,1,168,1382,Low,0,1,26
2469,1997-08-25,1997-08-25,1.0,heavy rains,Gujarat,10.0,0.0,1997.0,8.0,25.0,3.0,0.0,35,Monsoon,1.0,1,168,1382,Low,0,1,26
2470,1997-08-26,1997-08-28,3.0,heavy rains,Gujarat,25.0,0.0,1997.0,8.0,26.0,3.0,1.0,35,Monsoon,3.0,1,168,1382,Medium,1,1,26
2471,1997-12-09,1997-12-09,1.0,heavy rains,Haryana,1.0,0.0,1997.0,12.0,9.0,4.0,1.0,50,Winter,1.0,1,60,71,Low,0,0,27
2472,1997-08-02,1997-08-02,1.0,heavy rains,Himachal Pradesh,8.0,0.0,1997.0,8.0,2.0,3.0,5.0,31,Monsoon,1.0,1,362,1382,Low,0,1,29
2473,1997-08-03,1997-08-03,1.0,heavy rains,Himachal Pradesh,3.0,0.0,1997.0,8.0,3.0,3.0,6.0,31,Monsoon,1.0,1,362,1382,Low,0,1,29
2474,1997-08-11,1997-08-12,2.0,flash flood,Himachal Pradesh,140.0,0.0,1997.0,8.0,11.0,3.0,0.0,33,Monsoon,2.0,1,362,1382,High,1,1,29
2475,1997-08-29,1997-08-29,1.0,heavy rains,Himachal Pradesh,0.0,0.0,1997.0,8.0,29.0,3.0,4.0,35,Monsoon,1.0,1,362,1382,No Fatality,0,1,29
2476,1997-11-10,1997-11-10,1.0,heavy rains,Himachal Pradesh,0.0,0.0,1997.0,11.0,10.0,4.0,0.0,46,Post-Monsoon,1.0,1,362,194,No Fatality,0,0,29
2477,1997-08-22,1997-08-28,7.0,moderate floods,Jammu and Kashmir,48.0,0.0,1997.0,8.0,22.0,3.0,4.0,34,Monsoon,7.0,1,137,1382,Medium,1,1,33
2478,1997-04-30,1997-05-01,2.0,heavy rains,Karnataka,3.0,0.0,1997.0,4.0,30.0,2.0,2.0,18,Summer,2.0,1,491,171,Low,0,0,37
2479,1997-05-13,1997-05-13,1.0,heavy rains,Karnataka,0.0,6.0,1997.0,5.0,13.0,2.0,1.0,20,Summer,1.0,1,491,479,No Fatality,0,0,37
2480,1997-06-27,1997-06-27,1.0,heavy rains,Karnataka,1.0,0.0,1997.0,6.0,27.0,2.0,4.0,26,Monsoon,1.0,1,491,1071,Low,0,1,37
2481,1997-07-10,1997-07-26,4.0,heavy rains,Karnataka,10.0,0.0,1997.0,7.0,10.0,3.0,3.0,28,Monsoon,17.0,1,491,1709,Low,0,1,37
2482,1997-10-01,1997-10-01,1.0,heavy rains,Karnataka,4.0,20.0,1997.0,10.0,1.0,4.0,2.0,40,Post-Monsoon,1.0,1,491,501,Low,0,0,37
2483,1997-10-04,1997-10-04,1.0,flash flood,Karnataka,6.0,3.0,1997.0,10.0,4.0,4.0,5.0,40,Post-Monsoon,1.0,1,491,501,Low,0,0,37
2484,1997-10-27,1997-10-27,1.0,heavy rains,Karnataka,2.0,0.0,1997.0,10.0,27.0,4.0,0.0,44,Post-Monsoon,1.0,1,491,501,Low,0,0,37
2485,1997-10-24,1997-10-27,4.0,heavy rains,Karnataka,0.0,0.0,1997.0,10.0,24.0,4.0,4.0,43,Post-Monsoon,4.0,1,491,501,No Fatality,0,0,37
2486,1997-11-26,1997-11-26,1.0,heavy rains,Karnataka,0.0,0.0,1997.0,11.0,26.0,4.0,2.0,48,Post-Monsoon,1.0,1,491,194,No Fatality,0,0,37
2487,1997-05-07,1997-05-07,1.0,heavy rains,Kerala,0.0,0.0,1997.0,5.0,7.0,2.0,2.0,19,Summer,1.0,1,604,479,No Fatality,0,0,39
2488,1997-06-30,1997-06-30,1.0,heavy rains,Kerala,0.0,0.0,1997.0,6.0,30.0,2.0,0.0,27,Monsoon,1.0,1,604,1071,No Fatality,0,1,39
2489,1997-07-01,1997-07-12,12.0,heavy rains,Kerala,30.0,0.0,1997.0,7.0,1.0,3.0,1.0,27,Monsoon,12.0,1,604,1709,Medium,1,1,39
2490,1997-07-20,1997-07-24,5.0,heavy rains,Kerala,18.0,0.0,1997.0,7.0,20.0,3.0,6.0,29,Monsoon,5.0,1,604,1709,Medium,1,1,39
2491,1997-07-24,1997-07-26,3.0,heavy rains,Kerala,0.0,3.0,1997.0,7.0,24.0,3.0,3.0,30,Monsoon,3.0,1,604,1709,No Fatality,0,1,39
2492,1997-08-08,1997-08-10,3.0,heavy rains,Kerala,0.0,0.0,1997.0,8.0,8.0,3.0,4.0,32,Monsoon,3.0,1,604,1382,No Fatality,0,1,39
2493,1997-09-12,1997-09-12,1.0,heavy rains,Kerala,0.0,0.0,1997.0,9.0,12.0,3.0,4.0,37,Monsoon,1.0,1,604,938,No Fatality,0,1,39
2494,1997-09-22,1997-09-22,1.0,heavy rains,Kerala,0.0,0.0,1997.0,9.0,22.0,3.0,0.0,39,Monsoon,1.0,1,604,938,No Fatality,0,1,39
2495,1997-11-03,1997-11-11,9.0,heavy rains,Kerala,7.0,2.0,1997.0,11.0,3.0,4.0,0.0,45,Post-Monsoon,9.0,1,604,194,Low,0,0,39
2496,1997-11-28,1997-11-28,1.0,heavy rains,Kerala,0.0,0.0,1997.0,11.0,28.0,4.0,4.0,48,Post-Monsoon,1.0,1,604,194,No Fatality,0,0,39
2497,1997-12-16,1997-12-16,1.0,heavy rains,Kerala,2.0,0.0,1997.0,12.0,16.0,4.0,1.0,51,Winter,1.0,1,604,71,Low,0,0,39
2498,1997-08-23,1997-08-24,2.0,"flash flood, heavy rain",Madhya Pradesh,5.0,0.0,1997.0,8.0,23.0,3.0,5.0,34,Monsoon,2.0,1,238,1382,Low,0,1,43
2499,1997-01-12,1997-01-12,1.0,heavy rains,Maharashtra,0.0,0.0,1997.0,1.0,12.0,1.0,6.0,2,Winter,1.0,1,1011,108,No Fatality,0,0,47
2500,1997-01-17,1997-01-17,1.0,heavy rains,Maharashtra,1.0,0.0,1997.0,1.0,17.0,1.0,4.0,3,Winter,1.0,1,1011,108,Low,0,0,47
2501,1997-04-02,1997-04-02,1.0,heavy rains,Maharashtra,1.0,0.0,1997.0,4.0,2.0,2.0,2.0,14,Summer,1.0,1,1011,171,Low,0,0,47
2502,1997-04-25,1997-04-25,1.0,heavy rains,Maharashtra,5.0,0.0,1997.0,4.0,25.0,2.0,4.0,17,Summer,1.0,1,1011,171,Low,0,0,47
2503,1997-06-11,1997-06-11,1.0,heavy rains,Maharashtra,0.0,0.0,1997.0,6.0,11.0,2.0,2.0,24,Monsoon,1.0,1,1011,1071,No Fatality,0,1,47
2504,1997-06-14,1997-06-14,1.0,"heavy rains, flash flood",Maharashtra,2.0,0.0,1997.0,6.0,14.0,2.0,5.0,24,Monsoon,1.0,1,1011,1071,Low,0,1,47
2505,1997-06-17,1997-06-17,1.0,heavy rains,Maharashtra,0.0,0.0,1997.0,6.0,17.0,2.0,1.0,25,Monsoon,1.0,1,1011,1071,No Fatality,0,1,47
2506,1997-06-18,1997-06-23,6.0,heavy rains,Maharashtra,16.0,24.0,1997.0,6.0,18.0,2.0,2.0,25,Monsoon,6.0,1,1011,1071,Medium,1,1,47
2507,1997-06-21,1997-06-21,1.0,heavy rains,Maharashtra,1.0,6.0,1997.0,6.0,21.0,2.0,5.0,25,Monsoon,1.0,1,1011,1071,Low,0,1,47
2508,1997-06-29,1997-06-29,1.0,heavy rains,Maharashtra,1.0,8.0,1997.0,6.0,29.0,2.0,6.0,26,Monsoon,1.0,1,1011,1071,Low,0,1,47
2509,1997-07-05,1997-07-07,3.0,heavy rains,Maharashtra,1.0,1.0,1997.0,7.0,5.0,3.0,5.0,27,Monsoon,3.0,1,1011,1709,Low,0,1,47
2510,1997-07-06,1997-07-06,1.0,heavy rains,Maharashtra,3.0,0.0,1997.0,7.0,6.0,3.0,6.0,27,Monsoon,1.0,1,1011,1709,Low,0,1,47
2511,1997-07-08,1997-07-14,7.0,flash flood,Maharashtra,0.0,0.0,1997.0,7.0,8.0,3.0,1.0,28,Monsoon,7.0,1,1011,1709,No Fatality,0,1,47
2512,1997-07-19,1997-07-19,1.0,heavy rains,Maharashtra,0.0,0.0,1997.0,7.0,19.0,3.0,5.0,29,Monsoon,1.0,1,1011,1709,No Fatality,0,1,47
2513,1997-07-27,1997-07-27,1.0,heavy rains,Maharashtra,0.0,0.0,1997.0,7.0,27.0,3.0,6.0,30,Monsoon,1.0,1,1011,1709,No Fatality,0,1,47
2514,1997-08-02,1997-08-02,1.0,heavy rains,Maharashtra,8.0,21.0,1997.0,8.0,2.0,3.0,5.0,31,Monsoon,1.0,1,1011,1382,Low,0,1,47
2515,1997-08-07,1997-08-07,1.0,heavy rains,Maharashtra,5.0,0.0,1997.0,8.0,7.0,3.0,3.0,32,Monsoon,1.0,1,1011,1382,Low,0,1,47
2516,1997-08-10,1997-08-10,1.0,heavy rains,Maharashtra,1.0,20.0,1997.0,8.0,10.0,3.0,6.0,32,Monsoon,1.0,1,1011,1382,Low,0,1,47
2517,1997-08-18,1997-08-18,1.0,heavy rains,Maharashtra,0.0,0.0,1997.0,8.0,18.0,3.0,0.0,34,Monsoon,1.0,1,1011,1382,No Fatality,0,1,47
2518,1997-08-22,1997-08-24,3.0,heavy rains,Maharashtra,40.0,0.0,1997.0,8.0,22.0,3.0,4.0,34,Monsoon,3.0,1,1011,1382,Medium,1,1,47
2519,1997-08-22,1997-08-25,4.0,heavy rains,Maharashtra,0.0,0.0,1997.0,8.0,22.0,3.0,4.0,34,Monsoon,4.0,1,1011,1382,No Fatality,0,1,47
2520,1997-08-24,1997-08-26,3.0,flash flood,Maharashtra,0.0,0.0,1997.0,8.0,24.0,3.0,6.0,34,Monsoon,3.0,1,1011,1382,No Fatality,0,1,47
2521,1997-08-25,1997-08-25,1.0,flash flood,Maharashtra,0.0,0.0,1997.0,8.0,25.0,3.0,0.0,35,Monsoon,1.0,1,1011,1382,No Fatality,0,1,47
2522,1997-08-27,1997-08-27,1.0,heavy rains,Maharashtra,1.0,0.0,1997.0,8.0,27.0,3.0,2.0,35,Monsoon,1.0,1,1011,1382,Low,0,1,47
2523,1997-09-23,1997-09-23,1.0,heavy rains,Maharashtra,2.0,0.0,1997.0,9.0,23.0,3.0,1.0,39,Monsoon,1.0,1,1011,938,Low,0,1,47
2524,1997-10-25,1997-10-25,1.0,heavy rains,Maharashtra,0.0,0.0,1997.0,10.0,25.0,4.0,5.0,43,Post-Monsoon,1.0,1,1011,501,No Fatality,0,0,47
2525,1997-10-29,1997-10-29,1.0,heavy rains,Maharashtra,2.0,8.0,1997.0,10.0,29.0,4.0,2.0,44,Post-Monsoon,1.0,1,1011,501,Low,0,0,47
2526,1997-10-30,1997-10-30,1.0,heavy rains,Maharashtra,0.0,0.0,1997.0,10.0,30.0,4.0,3.0,44,Post-Monsoon,1.0,1,1011,501,No Fatality,0,0,47
2527,1997-11-27,1997-11-28,2.0,heavy rains,Maharashtra,0.0,0.0,1997.0,11.0,27.0,4.0,3.0,48,Post-Monsoon,2.0,1,1011,194,No Fatality,0,0,47
2528,1997-11-28,1997-11-28,1.0,heavy rains,Maharashtra,0.0,0.0,1997.0,11.0,28.0,4.0,4.0,48,Post-Monsoon,1.0,1,1011,194,No Fatality,0,0,47
2529,1997-11-28,1997-12-04,7.0,heavy rains,Maharashtra,0.0,0.0,1997.0,11.0,28.0,4.0,4.0,48,Post-Monsoon,7.0,1,1011,194,No Fatality,0,0,47
2530,1997-12-02,1997-12-02,1.0,heavy rains,Maharashtra,0.0,0.0,1997.0,12.0,2.0,4.0,1.0,49,Winter,1.0,1,1011,71,No Fatality,0,0,47
2531,1997-12-03,1997-12-03,1.0,heavy rains,Maharashtra,0.0,0.0,1997.0,12.0,3.0,4.0,2.0,49,Winter,1.0,1,1011,71,No Fatality,0,0,47
2532,1997-12-04,1997-12-05,2.0,heavy rains,Maharashtra,2.0,0.0,1997.0,12.0,4.0,4.0,3.0,49,Winter,2.0,1,1011,71,Low,0,0,47
2533,1997-12-01,1997-12-07,7.0,heavy rains,Maharashtra,0.0,0.0,1997.0,12.0,1.0,4.0,0.0,49,Winter,7.0,1,1011,71,No Fatality,0,0,47
2534,1997-12-06,1997-12-08,3.0,heavy rains,Maharashtra,0.0,0.0,1997.0,12.0,6.0,4.0,5.0,49,Winter,3.0,1,1011,71,No Fatality,0,0,47
2535,1997-12-08,1997-12-08,1.0,heavy rains,Maharashtra,0.0,0.0,1997.0,12.0,8.0,4.0,0.0,50,Winter,1.0,1,1011,71,No Fatality,0,0,47
2536,1997-12-08,1997-12-14,7.0,heavy rains,Maharashtra,0.0,0.0,1997.0,12.0,8.0,4.0,0.0,50,Winter,7.0,1,1011,71,No Fatality,0,0,47
2537,1997-12-10,1997-12-10,1.0,heavy rains,Maharashtra,0.0,0.0,1997.0,12.0,10.0,4.0,2.0,50,Winter,1.0,1,1011,71,No Fatality,0,0,47
2538,1997-09-28,1997-09-28,1.0,flash flood,Manipur,0.0,0.0,1997.0,9.0,28.0,3.0,6.0,39,Monsoon,1.0,1,20,938,No Fatality,0,1,50
2539,1997-06-23,1997-06-23,1.0,flash flood,Meghalaya,0.0,0.0,1997.0,6.0,23.0,2.0,0.0,26,Monsoon,1.0,1,57,1071,No Fatality,0,1,51
2540,1997-07-01,1997-07-01,1.0,flash flood,Meghalaya,0.0,0.0,1997.0,7.0,1.0,3.0,1.0,27,Monsoon,1.0,1,57,1709,No Fatality,0,1,51
2541,1997-07-14,1997-07-14,1.0,flash flood,Mizoram,0.0,0.0,1997.0,7.0,14.0,3.0,0.0,29,Monsoon,1.0,1,27,1709,No Fatality,0,1,52
2542,1997-06-29,1997-06-29,1.0,flash flood,Odisha,0.0,0.0,1997.0,6.0,29.0,2.0,6.0,26,Monsoon,1.0,1,144,1071,No Fatality,0,1,55
2543,1997-08-01,1997-08-21,21.0,severe floods,Odisha,65.0,0.0,1997.0,8.0,1.0,3.0,4.0,31,Monsoon,21.0,1,144,1382,High,1,1,55
2544,1997-08-04,1997-08-04,1.0,flash flood,Punjab,0.0,37.0,1997.0,8.0,4.0,3.0,0.0,32,Monsoon,1.0,1,171,1382,No Fatality,0,1,61
2545,1997-08-27,1997-08-27,1.0,heavy rains,Punjab,6.0,0.0,1997.0,8.0,27.0,3.0,2.0,35,Monsoon,1.0,1,171,1382,Low,0,1,61
2546,1997-08-27,1997-09-03,8.0,heavy rains,Punjab,0.0,0.0,1997.0,8.0,27.0,3.0,2.0,35,Monsoon,8.0,1,171,1382,No Fatality,0,1,61
2547,1997-07-26,1997-07-27,2.0,heavy rains,Rajasthan,0.0,0.0,1997.0,7.0,26.0,3.0,5.0,30,Monsoon,2.0,1,259,1709,No Fatality,0,1,62
2548,1997-07-29,1997-07-30,2.0,flash flood,Rajasthan,15.0,0.0,1997.0,7.0,29.0,3.0,1.0,31,Monsoon,2.0,1,259,1709,Medium,1,1,62
2549,1997-08-01,1997-08-03,3.0,heavy rains,Rajasthan,17.0,0.0,1997.0,8.0,1.0,3.0,4.0,31,Monsoon,3.0,1,259,1382,Medium,1,1,62
2550,1997-08-25,1997-08-29,5.0,heavy rains,Rajasthan,29.0,37.0,1997.0,8.0,25.0,3.0,0.0,35,Monsoon,5.0,1,259,1382,Medium,1,1,62
2551,1997-10-04,1997-10-04,1.0,heavy rains,Rajasthan,0.0,1.0,1997.0,10.0,4.0,4.0,5.0,40,Post-Monsoon,1.0,1,259,501,No Fatality,0,0,62
2552,1997-06-08,1997-06-10,3.0,heavy rains,Sikkim,75.0,60.0,1997.0,6.0,8.0,2.0,6.0,23,Monsoon,3.0,1,64,1071,High,1,1,65
2553,1997-08-11,1997-08-11,1.0,flash flood,Sikkim,0.0,0.0,1997.0,8.0,11.0,3.0,0.0,33,Monsoon,1.0,1,64,1382,No Fatality,0,1,65
2554,1997-10-28,1997-10-31,4.0,heavy rains,Tamil Nadu,0.0,0.0,1997.0,10.0,28.0,4.0,1.0,44,Post-Monsoon,4.0,1,188,501,No Fatality,0,0,66
2555,1997-11-01,1997-11-29,23.0,heavy rains,Tamil Nadu,89.0,0.0,1997.0,11.0,1.0,4.0,5.0,44,Post-Monsoon,29.0,1,188,194,High,1,0,66
2556,1997-12-05,1997-12-20,16.0,heavy rains,Tamil Nadu,177.0,0.0,1997.0,12.0,5.0,4.0,4.0,49,Winter,16.0,1,188,71,High,1,0,66
2557,1997-05-08,1997-05-08,1.0,heavy rains,Tripura,1.0,50.0,1997.0,5.0,8.0,2.0,3.0,19,Summer,1.0,1,47,479,Low,0,0,68
2558,1997-07-13,1997-07-13,1.0,flash flood,Uttar Pradesh,11.0,0.0,1997.0,7.0,13.0,3.0,6.0,28,Monsoon,1.0,1,448,1709,Medium,1,1,69
2559,1997-07-08,1997-07-14,7.0,flash flood,Uttar Pradesh,6.0,0.0,1997.0,7.0,8.0,3.0,1.0,28,Monsoon,7.0,1,448,1709,Low,0,1,69
2560,1997-07-21,1997-07-21,1.0,heavy rains,Uttar Pradesh,10.0,0.0,1997.0,7.0,21.0,3.0,0.0,30,Monsoon,1.0,1,448,1709,Low,0,1,69
2561,1997-08-13,1997-08-13,1.0,heavy rains,Uttar Pradesh,4.0,0.0,1997.0,8.0,13.0,3.0,2.0,33,Monsoon,1.0,1,448,1382,Low,0,1,69
2562,1997-08-17,1997-08-17,1.0,heavy rains,Uttar Pradesh,2.0,0.0,1997.0,8.0,17.0,3.0,6.0,33,Monsoon,1.0,1,448,1382,Low,0,1,69
2563,1997-09-02,1997-09-02,1.0,heavy rains,Uttar Pradesh,4.0,2.0,1997.0,9.0,2.0,3.0,1.0,36,Monsoon,1.0,1,448,938,Low,0,1,69
2564,1997-09-06,1997-09-06,1.0,heavy rains,Uttar Pradesh,3.0,3.0,1997.0,9.0,6.0,3.0,5.0,36,Monsoon,1.0,1,448,938,Low,0,1,69
2565,1997-11-24,1997-11-24,1.0,heavy rains,Uttar Pradesh,0.0,0.0,1997.0,11.0,24.0,4.0,0.0,48,Post-Monsoon,1.0,1,448,194,No Fatality,0,0,69
2566,1997-12-08,1997-12-08,1.0,heavy rains,Uttar Pradesh,0.0,0.0,1997.0,12.0,8.0,4.0,0.0,50,Winter,1.0,1,448,71,No Fatality,0,0,69
2567,1997-06-28,1997-07-01,4.0,heavy rains,West Bengal,0.0,0.0,1997.0,6.0,28.0,2.0,5.0,26,Monsoon,4.0,1,330,1071,No Fatality,0,1,79
2568,1997-06-29,1997-06-29,1.0,flash flood,West Bengal,0.0,0.0,1997.0,6.0,29.0,2.0,6.0,26,Monsoon,1.0,1,330,1071,No Fatality,0,1,79
2569,1997-07-01,1997-07-01,1.0,flash flood,West Bengal,0.0,0.0,1997.0,7.0,1.0,3.0,1.0,27,Monsoon,1.0,1,330,1709,No Fatality,0,1,79
2570,1997-07-05,1997-07-08,4.0,heavy rains,West Bengal,0.0,0.0,1997.0,7.0,5.0,3.0,5.0,27,Monsoon,4.0,1,330,1709,No Fatality,0,1,79
2571,1997-07-12,1997-07-12,1.0,heavy rains,West Bengal,0.0,0.0,1997.0,7.0,12.0,3.0,5.0,28,Monsoon,1.0,1,330,1709,No Fatality,0,1,79
2572,1997-07-14,1997-07-14,1.0,flash flood,West Bengal,0.0,0.0,1997.0,7.0,14.0,3.0,0.0,29,Monsoon,1.0,1,330,1709,No Fatality,0,1,79
2573,1997-07-16,1997-07-16,1.0,flash flood,West Bengal,0.0,0.0,1997.0,7.0,16.0,3.0,2.0,29,Monsoon,1.0,1,330,1709,No Fatality,0,1,79
2574,1997-07-22,1997-07-22,1.0,flash flood,West Bengal,0.0,0.0,1997.0,7.0,22.0,3.0,1.0,30,Monsoon,1.0,1,330,1709,No Fatality,0,1,79
2575,1997-08-03,1997-08-03,1.0,flash flood,West Bengal,0.0,0.0,1997.0,8.0,3.0,3.0,6.0,31,Monsoon,1.0,1,330,1382,No Fatality,0,1,79
2576,1997-08-05,1997-08-05,1.0,heavy rains,West Bengal,0.0,0.0,1997.0,8.0,5.0,3.0,1.0,32,Monsoon,1.0,1,330,1382,No Fatality,0,1,79
2577,1997-08-05,1997-08-13,9.0,severe floods,West Bengal,10.0,11.0,1997.0,8.0,5.0,3.0,1.0,32,Monsoon,9.0,1,330,1382,Low,0,1,79
2578,1997-08-06,1997-08-06,1.0,heavy rains,West Bengal,16.0,0.0,1997.0,8.0,6.0,3.0,2.0,32,Monsoon,1.0,1,330,1382,Medium,1,1,79
2579,1997-08-10,1997-08-10,1.0,heavy rains,West Bengal,0.0,1.0,1997.0,8.0,10.0,3.0,6.0,32,Monsoon,1.0,1,330,1382,No Fatality,0,1,79
2580,1997-08-11,1997-08-11,1.0,heavy rains,West Bengal,0.0,0.0,1997.0,8.0,11.0,3.0,0.0,33,Monsoon,1.0,1,330,1382,No Fatality,0,1,79
2581,1997-08-13,1997-08-13,1.0,heavy rains,West Bengal,0.0,0.0,1997.0,8.0,13.0,3.0,2.0,33,Monsoon,1.0,1,330,1382,No Fatality,0,1,79
2582,1997-08-18,1997-08-18,1.0,heavy rains,West Bengal,1.0,0.0,1997.0,8.0,18.0,3.0,0.0,34,Monsoon,1.0,1,330,1382,Low,0,1,79
2583,1997-08-20,1997-08-20,1.0,flash flood,West Bengal,0.0,0.0,1997.0,8.0,20.0,3.0,2.0,34,Monsoon,1.0,1,330,1382,No Fatality,0,1,79
2584,1997-08-22,1997-08-22,1.0,flash flood,West Bengal,282.0,0.0,1997.0,8.0,22.0,3.0,4.0,34,Monsoon,1.0,1,330,1382,High,1,1,79
2585,1997-08-22,1997-08-28,7.0,heavy rains,West Bengal,0.0,0.0,1997.0,8.0,22.0,3.0,4.0,34,Monsoon,7.0,1,330,1382,No Fatality,0,1,79
2586,1997-08-29,1997-08-29,1.0,heavy rains,West Bengal,0.0,0.0,1997.0,8.0,29.0,3.0,4.0,35,Monsoon,1.0,1,330,1382,No Fatality,0,1,79
2587,1997-09-08,1997-09-08,1.0,heavy rains,West Bengal,0.0,1.0,1997.0,9.0,8.0,3.0,0.0,37,Monsoon,1.0,1,330,938,No Fatality,0,1,79
2588,1997-09-09,1997-09-09,1.0,"heavy rains, flash flood",West Bengal,0.0,0.0,1997.0,9.0,9.0,3.0,1.0,37,Monsoon,1.0,1,330,938,No Fatality,0,1,79
2589,1997-06-26,1997-06-26,1.0,heavy rains,Punjab,5.0,0.0,1997.0,6.0,26.0,2.0,3.0,26,Monsoon,1.0,1,171,1071,Low,0,1,61
2590,1997-06-19,1997-06-19,1.0,heavy rains,Delhi,2.0,1.0,1997.0,6.0,19.0,2.0,3.0,25,Monsoon,1.0,1,43,1071,Low,0,1,21
2591,1997-07-13,1997-07-13,1.0,heavy rains,Delhi,0.0,0.0,1997.0,7.0,13.0,3.0,6.0,28,Monsoon,1.0,1,43,1709,No Fatality,0,1,21
2592,1998-09-20,1998-09-28,9.0,moderate flood ,Andhra Pradesh,51.0,0.0,1998.0,9.0,20.0,3.0,6.0,38,Monsoon,9.0,1,150,938,High,1,1,1
2593,1998-10-08,1998-10-14,7.0,severe floods,Andhra Pradesh,179.0,0.0,1998.0,10.0,8.0,4.0,3.0,41,Post-Monsoon,7.0,1,150,501,High,1,0,1
2594,1998-10-28,1998-11-04,8.0,heavy rains,Andhra Pradesh,17.0,0.0,1998.0,10.0,28.0,4.0,2.0,44,Post-Monsoon,8.0,1,150,501,Medium,1,0,1
2595,1998-12-11,1998-12-16,6.0,heavy rains,Andhra Pradesh,16.0,0.0,1998.0,12.0,11.0,4.0,4.0,50,Winter,6.0,1,150,71,Medium,1,0,1
2596,1998-06-17,1998-06-17,1.0,heavy rains,Arunachal Pradesh,23.0,0.0,1998.0,6.0,17.0,2.0,2.0,25,Monsoon,1.0,1,150,1071,Medium,1,1,4
2597,1998-05-24,1998-05-25,2.0,severe floods,Assam,0.0,0.0,1998.0,5.0,24.0,2.0,6.0,21,Summer,2.0,1,908,479,No Fatality,0,0,5
2598,1998-06-03,1998-06-03,1.0,heavy rains,Assam,51.0,158.0,1998.0,6.0,3.0,2.0,2.0,23,Monsoon,1.0,1,908,1071,High,1,1,5
2599,1998-06-10,1998-06-16,7.0,severe floods,Assam,105.0,0.0,1998.0,6.0,10.0,2.0,2.0,24,Monsoon,7.0,1,908,1071,High,1,1,5
2600,1998-06-19,1998-06-19,1.0,heavy rains,Assam,0.0,0.0,1998.0,6.0,19.0,2.0,4.0,25,Monsoon,1.0,1,908,1071,No Fatality,0,1,5
2601,1998-06-21,1998-06-24,4.0,severe floods,Assam,3.0,0.0,1998.0,6.0,21.0,2.0,6.0,25,Monsoon,4.0,1,908,1071,Low,0,1,5
2602,1998-06-26,1998-06-29,4.0,moderate flood ,Assam,0.0,0.0,1998.0,6.0,26.0,2.0,4.0,26,Monsoon,4.0,1,908,1071,No Fatality,0,1,5
2603,1998-06-30,1998-06-30,1.0,flash flood,Assam,0.0,0.0,1998.0,6.0,30.0,2.0,1.0,27,Monsoon,1.0,1,908,1071,No Fatality,0,1,5
2604,1998-07-01,1998-07-31,31.0,severe floods,Assam,81.0,0.0,1998.0,7.0,1.0,3.0,2.0,27,Monsoon,31.0,1,908,1709,High,1,1,5
2605,1998-08-01,1998-08-10,10.0,severe floods,Assam,93.0,0.0,1998.0,8.0,1.0,3.0,5.0,31,Monsoon,10.0,1,908,1382,High,1,1,5
2606,1998-08-17,1998-08-20,4.0,moderate flood ,Assam,0.0,0.0,1998.0,8.0,17.0,3.0,0.0,34,Monsoon,4.0,1,908,1382,No Fatality,0,1,5
2607,1998-08-23,1998-08-23,1.0,flash flood,Assam,0.0,0.0,1998.0,8.0,23.0,3.0,6.0,34,Monsoon,1.0,1,908,1382,No Fatality,0,1,5
2608,1998-08-26,1998-08-26,1.0,flash flood,Assam,15.0,0.0,1998.0,8.0,26.0,3.0,2.0,35,Monsoon,1.0,1,908,1382,Medium,1,1,5
2609,1998-08-31,1998-08-31,1.0,flash flood,Assam,0.0,0.0,1998.0,8.0,31.0,3.0,0.0,36,Monsoon,1.0,1,908,1382,No Fatality,0,1,5
2610,1998-09-01,1998-09-11,11.0,severe floods,Assam,129.0,0.0,1998.0,9.0,1.0,3.0,1.0,36,Monsoon,11.0,1,908,938,High,1,1,5
2611,1998-09-14,1998-09-15,2.0,moderate flood ,Assam,1.0,0.0,1998.0,9.0,14.0,3.0,0.0,38,Monsoon,2.0,1,908,938,Low,0,1,5
2612,1998-07-18,1998-07-18,1.0,heavy rains,Bihar,2.0,0.0,1998.0,7.0,18.0,3.0,5.0,29,Monsoon,1.0,1,149,1709,Low,0,1,9
2613,1998-08-01,1998-08-12,12.0,severe floods,Bihar,105.0,0.0,1998.0,8.0,1.0,3.0,5.0,31,Monsoon,12.0,1,149,1382,High,1,1,9
2614,1998-08-26,1998-09-09,15.0,severe floods,Bihar,181.0,0.0,1998.0,8.0,26.0,3.0,2.0,35,Monsoon,15.0,1,149,1382,High,1,1,9
2615,1998-07-05,1998-07-08,4.0,severe floods,Gujarat,14.0,0.0,1998.0,7.0,5.0,3.0,6.0,27,Monsoon,4.0,1,168,1709,Medium,1,1,26
2616,1998-09-15,1998-09-21,7.0,severe floods,Gujarat,24.0,0.0,1998.0,9.0,15.0,3.0,1.0,38,Monsoon,7.0,1,168,938,Medium,1,1,26
2617,1998-10-03,1998-10-03,1.0,heavy rains,Gujarat,2.0,0.0,1998.0,10.0,3.0,4.0,5.0,40,Post-Monsoon,1.0,1,168,501,Low,0,0,26
2618,1998-09-12,1998-09-12,1.0,heavy rains,Haryana,0.0,0.0,1998.0,9.0,12.0,3.0,5.0,37,Monsoon,1.0,1,60,938,No Fatality,0,1,27
2619,1998-10-02,1998-10-02,1.0,heavy rains,Haryana,0.0,0.0,1998.0,10.0,2.0,4.0,4.0,40,Post-Monsoon,1.0,1,60,501,No Fatality,0,0,27
2620,1998-10-15,1998-10-15,1.0,heavy rains,Haryana,0.0,0.0,1998.0,10.0,15.0,4.0,3.0,42,Post-Monsoon,1.0,1,60,501,No Fatality,0,0,27
2621,1998-03-05,1998-03-05,1.0,heavy rains,Himachal Pradesh,16.0,0.0,1998.0,3.0,5.0,1.0,3.0,10,Summer,1.0,1,362,166,Medium,1,0,29
2622,1998-03-14,1998-03-14,1.0,heavy rains,Himachal Pradesh,0.0,0.0,1998.0,3.0,14.0,1.0,5.0,11,Summer,1.0,1,362,166,No Fatality,0,0,29
2623,1998-08-20,1998-08-20,1.0,heavy rains,Himachal Pradesh,4.0,0.0,1998.0,8.0,20.0,3.0,3.0,34,Monsoon,1.0,1,362,1382,Low,0,1,29
2624,1998-10-02,1998-10-02,1.0,heavy rains,Himachal Pradesh,0.0,0.0,1998.0,10.0,2.0,4.0,4.0,40,Post-Monsoon,1.0,1,362,501,No Fatality,0,0,29
2625,1998-10-17,1998-10-18,2.0,heavy rains,Himachal Pradesh,11.0,2.0,1998.0,10.0,17.0,4.0,5.0,42,Post-Monsoon,2.0,1,362,501,Medium,1,0,29
2626,1998-10-20,1998-10-20,1.0,heavy rains,Himachal Pradesh,0.0,0.0,1998.0,10.0,20.0,4.0,1.0,43,Post-Monsoon,1.0,1,362,501,No Fatality,0,0,29
2627,1998-06-30,1998-06-30,1.0,heavy rains,Karnataka,5.0,0.0,1998.0,6.0,30.0,2.0,1.0,27,Monsoon,1.0,1,491,1071,Low,0,1,37
2628,1998-07-01,1998-07-01,1.0,flash flood,Karnataka,6.0,0.0,1998.0,7.0,1.0,3.0,2.0,27,Monsoon,1.0,1,491,1709,Low,0,1,37
2629,1998-07-04,1998-07-04,1.0,flash flood,Karnataka,3.0,0.0,1998.0,7.0,4.0,3.0,5.0,27,Monsoon,1.0,1,491,1709,Low,0,1,37
2630,1998-07-20,1998-07-20,1.0,heavy rains,Karnataka,1.0,0.0,1998.0,7.0,20.0,3.0,0.0,30,Monsoon,1.0,1,491,1709,Low,0,1,37
2631,1998-07-23,1998-07-23,1.0,heavy rains,Karnataka,0.0,0.0,1998.0,7.0,23.0,3.0,3.0,30,Monsoon,1.0,1,491,1709,No Fatality,0,1,37
2632,1998-07-24,1998-07-24,1.0,flash flood,Karnataka,0.0,0.0,1998.0,7.0,24.0,3.0,4.0,30,Monsoon,1.0,1,491,1709,No Fatality,0,1,37
2633,1998-07-31,1998-07-31,1.0,flash flood,Karnataka,3.0,0.0,1998.0,7.0,31.0,3.0,4.0,31,Monsoon,1.0,1,491,1709,Low,0,1,37
2634,1998-08-01,1998-08-01,1.0,flash flood,Karnataka,1.0,0.0,1998.0,8.0,1.0,3.0,5.0,31,Monsoon,1.0,1,491,1382,Low,0,1,37
2635,1998-08-02,1998-08-02,1.0,flash flood,Karnataka,1.0,0.0,1998.0,8.0,2.0,3.0,6.0,31,Monsoon,1.0,1,491,1382,Low,0,1,37
2636,1998-08-04,1998-08-04,1.0,flash flood,Karnataka,1.0,0.0,1998.0,8.0,4.0,3.0,1.0,32,Monsoon,1.0,1,491,1382,Low,0,1,37
2637,1998-08-15,1998-08-15,1.0,heavy  rains,Karnataka,2.0,0.0,1998.0,8.0,15.0,3.0,5.0,33,Monsoon,1.0,1,491,1382,Low,0,1,37
2638,1998-08-19,1998-08-19,1.0,heavy rains,Karnataka,0.0,0.0,1998.0,8.0,19.0,3.0,2.0,34,Monsoon,1.0,1,491,1382,No Fatality,0,1,37
2639,1998-08-25,1998-08-25,1.0,heavy rains,Karnataka,2.0,0.0,1998.0,8.0,25.0,3.0,1.0,35,Monsoon,1.0,1,491,1382,Low,0,1,37
2640,1998-08-16,1998-08-16,1.0,heavy rains,Karnataka,2.0,1.0,1998.0,8.0,16.0,3.0,6.0,33,Monsoon,1.0,1,491,1382,Low,0,1,37
2641,1998-09-02,1998-09-02,1.0,heavy rains,Karnataka,1.0,1.0,1998.0,9.0,2.0,3.0,2.0,36,Monsoon,1.0,1,491,938,Low,0,1,37
2642,1998-09-21,1998-09-21,1.0,heavy rains,Karnataka,2.0,7.0,1998.0,9.0,21.0,3.0,0.0,39,Monsoon,1.0,1,491,938,Low,0,1,37
2643,1998-09-23,1998-09-23,1.0,heavy rains,Karnataka,1.0,2.0,1998.0,9.0,23.0,3.0,2.0,39,Monsoon,1.0,1,491,938,Low,0,1,37
2644,1998-09-15,1998-09-21,7.0,heavy rains,Karnataka,0.0,0.0,1998.0,9.0,15.0,3.0,1.0,38,Monsoon,7.0,1,491,938,No Fatality,0,1,37
2645,1998-10-01,1998-10-14,14.0,heavy rains,Karnataka,198.0,34.0,1998.0,10.0,1.0,4.0,3.0,40,Post-Monsoon,14.0,1,491,501,High,1,0,37
2646,1998-05-15,1998-05-15,1.0,heavy rains,Kerala,0.0,0.0,1998.0,5.0,15.0,2.0,4.0,20,Summer,1.0,1,604,479,No Fatality,0,0,39
2647,1998-06-28,1998-06-28,1.0,heavy rains,Kerala,0.0,0.0,1998.0,6.0,28.0,2.0,6.0,26,Monsoon,1.0,1,604,1071,No Fatality,0,1,39
2648,1998-07-02,1998-07-06,5.0,heavy rains,Kerala,45.0,0.0,1998.0,7.0,2.0,3.0,3.0,27,Monsoon,5.0,1,604,1709,Medium,1,1,39
2649,1998-07-12,1998-07-15,4.0,heavy rains,Kerala,5.0,0.0,1998.0,7.0,12.0,3.0,6.0,28,Monsoon,4.0,1,604,1709,Low,0,1,39
2650,1998-10-10,1998-10-17,8.0,severe floods,Kerala,44.0,0.0,1998.0,10.0,10.0,4.0,5.0,41,Post-Monsoon,8.0,1,604,501,Medium,1,0,39
2651,1998-11-01,1998-11-05,5.0,heavy rains,Kerala,0.0,3.0,1998.0,11.0,1.0,4.0,6.0,44,Post-Monsoon,5.0,1,604,194,No Fatality,0,0,39
2652,1998-11-11,1998-11-12,2.0,heavy rains,Kerala,0.0,0.0,1998.0,11.0,11.0,4.0,2.0,46,Post-Monsoon,2.0,1,604,194,No Fatality,0,0,39
2653,1998-09-11,1998-09-11,1.0,heavy rains,Madhya Pradesh,0.0,0.0,1998.0,9.0,11.0,3.0,4.0,37,Monsoon,1.0,1,238,938,No Fatality,0,1,43
2654,1998-09-14,1998-09-15,2.0,heavy rains,Madhya Pradesh,4.0,0.0,1998.0,9.0,14.0,3.0,0.0,38,Monsoon,2.0,1,238,938,Low,0,1,43
2655,1998-09-17,1998-09-17,1.0,heavy rains,Madhya Pradesh,0.0,0.0,1998.0,9.0,17.0,3.0,3.0,38,Monsoon,1.0,1,238,938,No Fatality,0,1,43
2656,1998-01-12,1998-01-12,1.0,heavy rains,Maharashtra,0.0,0.0,1998.0,1.0,12.0,1.0,0.0,3,Winter,1.0,1,1011,108,No Fatality,0,0,47
2657,1998-01-21,1998-01-21,1.0,heavy rains,Maharashtra,0.0,0.0,1998.0,1.0,21.0,1.0,2.0,4,Winter,1.0,1,1011,108,No Fatality,0,0,47
2658,1998-06-08,1998-06-08,1.0,heavy rains,Maharashtra,0.0,2.0,1998.0,6.0,8.0,2.0,0.0,24,Monsoon,1.0,1,1011,1071,No Fatality,0,1,47
2659,1998-06-09,1998-06-09,1.0,heavy rains,Maharashtra,1.0,4.0,1998.0,6.0,9.0,2.0,1.0,24,Monsoon,1.0,1,1011,1071,Low,0,1,47
2660,1998-06-10,1998-06-10,1.0,heavy rains,Maharashtra,0.0,5.0,1998.0,6.0,10.0,2.0,2.0,24,Monsoon,1.0,1,1011,1071,No Fatality,0,1,47
2661,1998-06-14,1998-06-14,1.0,heavy rains,Maharashtra,1.0,0.0,1998.0,6.0,14.0,2.0,6.0,24,Monsoon,1.0,1,1011,1071,Low,0,1,47
2662,1998-06-27,1998-06-28,2.0,heavy rains,Maharashtra,5.0,0.0,1998.0,6.0,27.0,2.0,5.0,26,Monsoon,2.0,1,1011,1071,Low,0,1,47
2663,1998-07-01,1998-07-02,2.0,heavy rains,Maharashtra,14.0,0.0,1998.0,7.0,1.0,3.0,2.0,27,Monsoon,2.0,1,1011,1709,Medium,1,1,47
2664,1998-07-10,1998-07-10,1.0,heavy rains,Maharashtra,9.0,0.0,1998.0,7.0,10.0,3.0,4.0,28,Monsoon,1.0,1,1011,1709,Low,0,1,47
2665,1998-07-12,1998-07-12,1.0,heavy rains,Maharashtra,2.0,0.0,1998.0,7.0,12.0,3.0,6.0,28,Monsoon,1.0,1,1011,1709,Low,0,1,47
2666,1998-07-29,1998-07-30,2.0,heavy rains,Maharashtra,25.0,0.0,1998.0,7.0,29.0,3.0,2.0,31,Monsoon,2.0,1,1011,1709,Medium,1,1,47
2667,1998-07-31,1998-07-31,1.0,heavy rains,Maharashtra,1.0,0.0,1998.0,7.0,31.0,3.0,4.0,31,Monsoon,1.0,1,1011,1709,Low,0,1,47
2668,1998-08-21,1998-08-21,1.0,heavy rains,Maharashtra,1.0,0.0,1998.0,8.0,21.0,3.0,4.0,34,Monsoon,1.0,1,1011,1382,Low,0,1,47
2669,1998-09-15,1998-09-21,7.0,severe floods,Maharashtra,35.0,0.0,1998.0,9.0,15.0,3.0,1.0,38,Monsoon,7.0,1,1011,938,Medium,1,1,47
2670,1998-10-14,1998-10-15,2.0,heavy rains,Maharashtra,5.0,1.0,1998.0,10.0,14.0,4.0,2.0,42,Post-Monsoon,2.0,1,1011,501,Low,0,0,47
2671,1998-10-21,1998-10-21,1.0,heavy rains,Maharashtra,11.0,0.0,1998.0,10.0,21.0,4.0,2.0,43,Post-Monsoon,1.0,1,1011,501,Medium,1,0,47
2672,1998-09-12,1998-09-12,1.0,flash flood,Odisha,2.0,0.0,1998.0,9.0,12.0,3.0,5.0,37,Monsoon,1.0,1,144,938,Low,0,1,55
2673,1998-09-18,1998-09-18,1.0,flash flood,Odisha,2.0,0.0,1998.0,9.0,18.0,3.0,4.0,38,Monsoon,1.0,1,144,938,Low,0,1,55
2674,1998-12-22,1998-12-23,2.0,heavy rains,Odisha,0.0,0.0,1998.0,12.0,22.0,4.0,1.0,52,Winter,2.0,1,144,71,No Fatality,0,0,55
2675,1998-02-28,1998-02-28,1.0,heavy rains,Punjab,0.0,0.0,1998.0,2.0,28.0,1.0,5.0,9,Winter,1.0,1,171,66,No Fatality,0,0,61
2676,1998-10-07,1998-10-07,1.0,heavy rains,Punjab,0.0,0.0,1998.0,10.0,7.0,4.0,2.0,41,Post-Monsoon,1.0,1,171,501,No Fatality,0,0,61
2677,1998-11-16,1998-11-17,2.0,heavy rains,Punjab,0.0,0.0,1998.0,11.0,16.0,4.0,0.0,47,Post-Monsoon,2.0,1,171,194,No Fatality,0,0,61
2678,1998-07-03,1998-07-03,1.0,heavy rains,Rajasthan,1.0,0.0,1998.0,7.0,3.0,3.0,4.0,27,Monsoon,1.0,1,259,1709,Low,0,1,62
2679,1998-07-13,1998-07-14,2.0,heavy rains,Rajasthan,2.0,0.0,1998.0,7.0,13.0,3.0,0.0,29,Monsoon,2.0,1,259,1709,Low,0,1,62
2680,1998-08-26,1998-08-26,1.0,heavy rains,Rajasthan,3.0,4.0,1998.0,8.0,26.0,3.0,2.0,35,Monsoon,1.0,1,259,1382,Low,0,1,62
2681,1998-09-21,1998-09-25,5.0,heavy rains,Rajasthan,7.0,0.0,1998.0,9.0,21.0,3.0,0.0,39,Monsoon,5.0,1,259,938,Low,0,1,62
2682,1998-10-16,1998-10-17,2.0,heavy rains,Rajasthan,1.0,0.0,1998.0,10.0,16.0,4.0,4.0,42,Post-Monsoon,2.0,1,259,501,Low,0,0,62
2683,1998-05-13,1998-06-04,23.0,heavy rains,Sikkim,10.0,0.0,1998.0,5.0,13.0,2.0,2.0,20,Summer,23.0,1,64,479,Low,0,0,65
2684,1998-06-20,1998-06-20,1.0,heavy rains,Sikkim,0.0,17.0,1998.0,6.0,20.0,2.0,5.0,25,Monsoon,1.0,1,64,1071,No Fatality,0,1,65
2685,1998-07-08,1998-07-08,1.0,heavy rains,Sikkim,16.0,1.0,1998.0,7.0,8.0,3.0,2.0,28,Monsoon,1.0,1,64,1709,Medium,1,1,65
2686,1998-10-11,1998-10-11,1.0,heavy rains,Tamil Nadu,0.0,0.0,1998.0,10.0,11.0,4.0,6.0,41,Post-Monsoon,1.0,1,188,501,No Fatality,0,0,66
2687,1998-11-01,1998-11-14,14.0,heavy rains,Tamil Nadu,82.0,0.0,1998.0,11.0,1.0,4.0,6.0,44,Post-Monsoon,14.0,1,188,194,High,1,0,66
2688,1998-12-04,1998-12-12,9.0,heavy rains,Tamil Nadu,28.0,0.0,1998.0,12.0,4.0,4.0,4.0,49,Winter,9.0,1,188,71,Medium,1,0,66
2689,1998-07-15,1998-07-15,1.0,flash flood,Tripura,0.0,0.0,1998.0,7.0,15.0,3.0,2.0,29,Monsoon,1.0,1,47,1709,No Fatality,0,1,68
2690,1998-07-18,1998-07-18,1.0,flash flood,Tripura,0.0,0.0,1998.0,7.0,18.0,3.0,5.0,29,Monsoon,1.0,1,47,1709,No Fatality,0,1,68
2691,1998-07-23,1998-07-23,1.0,flash flood,Tripura,17.0,0.0,1998.0,7.0,23.0,3.0,3.0,30,Monsoon,1.0,1,47,1709,Medium,1,1,68
2692,1998-06-28,1998-06-28,1.0,heavy rains,Uttar Pradesh,6.0,0.0,1998.0,6.0,28.0,2.0,6.0,26,Monsoon,1.0,1,448,1071,Low,0,1,69
2693,1998-07-05,1998-07-11,7.0,severe floods,Uttar Pradesh,2.0,0.0,1998.0,7.0,5.0,3.0,6.0,27,Monsoon,7.0,1,448,1709,Low,0,1,69
2694,1998-07-18,1998-07-27,10.0,severe floods,Uttar Pradesh,81.0,0.0,1998.0,7.0,18.0,3.0,5.0,29,Monsoon,10.0,1,448,1709,High,1,1,69
2695,1998-08-14,1998-08-14,1.0,heavy rains,Uttar Pradesh,40.0,0.0,1998.0,8.0,14.0,3.0,4.0,33,Monsoon,1.0,1,448,1382,Medium,1,1,69
2696,1998-08-19,1998-08-19,1.0,heavy rains,Uttar Pradesh,204.0,0.0,1998.0,8.0,19.0,3.0,2.0,34,Monsoon,1.0,1,448,1382,High,1,1,69
2697,1998-09-01,1998-09-06,6.0,severe floods,Uttar Pradesh,300.0,0.0,1998.0,9.0,1.0,3.0,1.0,36,Monsoon,6.0,1,448,938,High,1,1,69
2698,1998-10-22,1998-10-22,1.0,flash flood,Uttar Pradesh,10.0,0.0,1998.0,10.0,22.0,4.0,3.0,43,Post-Monsoon,1.0,1,448,501,Low,0,0,69
2699,1998-11-08,1998-11-08,1.0,heavy rains,Uttar Pradesh,2.0,0.0,1998.0,11.0,8.0,4.0,6.0,45,Post-Monsoon,1.0,1,448,194,Low,0,0,69
2700,1998-06-11,1998-06-11,1.0,heavy rains,West Bengal,0.0,0.0,1998.0,6.0,11.0,2.0,3.0,24,Monsoon,1.0,1,330,1071,No Fatality,0,1,79
2701,1998-07-07,1998-07-07,1.0,heavy rains,West Bengal,18.0,0.0,1998.0,7.0,7.0,3.0,1.0,28,Monsoon,1.0,1,330,1709,Medium,1,1,79
2702,1998-07-12,1998-07-12,1.0,heavy rains,West Bengal,12.0,3.0,1998.0,7.0,12.0,3.0,6.0,28,Monsoon,1.0,1,330,1709,Medium,1,1,79
2703,1998-07-17,1998-07-17,1.0,flash flood,West Bengal,165.0,0.0,1998.0,7.0,17.0,3.0,4.0,29,Monsoon,1.0,1,330,1709,High,1,1,79
2704,1998-07-19,1998-07-19,1.0,flash flood,West Bengal,0.0,0.0,1998.0,7.0,19.0,3.0,6.0,29,Monsoon,1.0,1,330,1709,No Fatality,0,1,79
2705,1998-07-26,1998-08-02,8.0,severe floods,West Bengal,2.0,0.0,1998.0,7.0,26.0,3.0,6.0,30,Monsoon,8.0,1,330,1709,Low,0,1,79
2706,1998-08-05,1998-08-05,1.0,heavy rains,West Bengal,6.0,0.0,1998.0,8.0,5.0,3.0,2.0,32,Monsoon,1.0,1,330,1382,Low,0,1,79
2707,1998-08-14,1998-08-14,1.0,heavy rains,West Bengal,0.0,0.0,1998.0,8.0,14.0,3.0,4.0,33,Monsoon,1.0,1,330,1382,No Fatality,0,1,79
2708,1998-08-22,1998-09-14,24.0,severe floods,West Bengal,300.0,0.0,1998.0,8.0,22.0,3.0,5.0,34,Monsoon,24.0,1,330,1382,High,1,1,79
2709,1998-09-24,1998-09-25,2.0,heavy rains,Punjab,2.0,4.0,1998.0,9.0,24.0,3.0,3.0,39,Monsoon,2.0,1,171,938,Low,0,1,61
2710,1999-10-18,1999-10-20,3.0,heavy rains,Andhra Pradesh,5.0,0.0,1999.0,10.0,18.0,4.0,0.0,42,Post-Monsoon,3.0,1,150,501,Low,0,0,1
2711,1999-05-09,1999-05-09,1.0,heavy rains,Arunachal Pradesh,1.0,0.0,1999.0,5.0,9.0,2.0,6.0,18,Summer,1.0,1,150,479,Low,0,0,4
2712,1999-07-10,1999-07-12,3.0,moderate flood ,Arunachal Pradesh,0.0,0.0,1999.0,7.0,10.0,3.0,5.0,27,Monsoon,3.0,1,150,1709,No Fatality,0,1,4
2713,1999-05-02,1999-05-04,3.0,moderate flood ,Assam,0.0,0.0,1999.0,5.0,2.0,2.0,6.0,17,Summer,3.0,1,908,479,No Fatality,0,0,5
2714,1999-05-30,1999-05-31,2.0,moderate flood ,Assam,0.0,0.0,1999.0,5.0,30.0,2.0,6.0,21,Summer,2.0,1,908,479,No Fatality,0,0,5
2715,1999-06-22,1999-07-31,40.0,severe floods,Assam,14.0,39.0,1999.0,6.0,22.0,2.0,1.0,25,Monsoon,40.0,1,908,1071,Medium,1,1,5
2716,1999-08-22,1999-09-02,12.0,severe floods,Assam,2.0,0.0,1999.0,8.0,22.0,3.0,6.0,33,Monsoon,12.0,1,908,1382,Low,0,1,5
2717,1999-09-12,1999-09-13,2.0,heavy rains,Assam,1.0,1.0,1999.0,9.0,12.0,3.0,6.0,36,Monsoon,2.0,1,908,938,Low,0,1,5
2718,1999-10-17,1999-10-19,3.0,heavy rains,Assam,0.0,0.0,1999.0,10.0,17.0,4.0,6.0,41,Post-Monsoon,3.0,1,908,501,No Fatality,0,0,5
2719,1999-07-01,1999-08-07,38.0,severe floods,Bihar,216.0,0.0,1999.0,7.0,1.0,3.0,3.0,26,Monsoon,38.0,1,149,1709,High,1,1,9
2720,1999-09-22,1999-09-29,8.0,heavy rains,Bihar,69.0,0.0,1999.0,9.0,22.0,3.0,2.0,38,Monsoon,8.0,1,149,938,High,1,1,9
2721,1999-06-09,1999-06-13,5.0,heavy rains,Goa,2.0,0.0,1999.0,6.0,9.0,2.0,2.0,23,Monsoon,5.0,1,30,1071,Low,0,1,22
2722,1999-07-19,1999-07-23,5.0,heavy rains,Gujarat,4.0,0.0,1999.0,7.0,19.0,3.0,0.0,29,Monsoon,5.0,1,168,1709,Low,0,1,26
2723,1999-07-16,1999-07-22,7.0,heavy rains,Gujarat,1.0,0.0,1999.0,7.0,16.0,3.0,4.0,28,Monsoon,7.0,1,168,1709,Low,0,1,26
2724,1999-08-01,1999-08-31,31.0,heavy rains,Gujarat,46.0,0.0,1999.0,8.0,1.0,3.0,6.0,30,Monsoon,31.0,1,168,1382,Medium,1,1,26
2725,1999-07-09,1999-07-09,1.0,heavy rains,Himachal Pradesh,0.0,0.0,1999.0,7.0,9.0,3.0,4.0,27,Monsoon,1.0,1,362,1709,No Fatality,0,1,29
2726,1999-08-10,1999-08-11,2.0,heavy rains,Himachal Pradesh,10.0,0.0,1999.0,8.0,10.0,3.0,1.0,32,Monsoon,2.0,1,362,1382,Low,0,1,29
2727,1999-08-19,1999-08-20,2.0,heavy rains,Himachal Pradesh,0.0,0.0,1999.0,8.0,19.0,3.0,3.0,33,Monsoon,2.0,1,362,1382,No Fatality,0,1,29
2728,1999-08-25,1999-08-25,1.0,heavy rains,Himachal Pradesh,0.0,0.0,1999.0,8.0,25.0,3.0,2.0,34,Monsoon,1.0,1,362,1382,No Fatality,0,1,29
2729,1999-09-13,1999-09-13,1.0,heavy rains,Himachal Pradesh,0.0,0.0,1999.0,9.0,13.0,3.0,0.0,37,Monsoon,1.0,1,362,938,No Fatality,0,1,29
2730,1999-09-17,1999-09-17,1.0,heav rains,Himachal Pradesh,1.0,0.0,1999.0,9.0,17.0,3.0,4.0,37,Monsoon,1.0,1,362,938,Low,0,1,29
2731,1999-07-30,1999-07-30,1.0,heavy rains,Jammu and Kashmir,0.0,0.0,1999.0,7.0,30.0,3.0,4.0,30,Monsoon,1.0,1,137,1709,No Fatality,0,1,33
2732,1999-04-25,1999-04-26,2.0,heavy rains,Karnataka,0.0,2.0,1999.0,4.0,25.0,2.0,6.0,16,Summer,2.0,1,491,171,No Fatality,0,0,37
2733,1999-05-02,1999-05-03,2.0,heavy rains,Karnataka,1.0,15.0,1999.0,5.0,2.0,2.0,6.0,17,Summer,2.0,1,491,479,Low,0,0,37
2734,1999-05-04,1999-05-04,1.0,heavy rains,Karnataka,0.0,0.0,1999.0,5.0,4.0,2.0,1.0,18,Summer,1.0,1,491,479,No Fatality,0,0,37
2735,1999-05-05,1999-05-05,1.0,heavy rains,Karnataka,1.0,0.0,1999.0,5.0,5.0,2.0,2.0,18,Summer,1.0,1,491,479,Low,0,0,37
2736,1999-05-07,1999-05-07,1.0,heavy rains,Karnataka,5.0,0.0,1999.0,5.0,7.0,2.0,4.0,18,Summer,1.0,1,491,479,Low,0,0,37
2737,1999-05-10,1999-05-10,1.0,heavy rains,Karnataka,0.0,3.0,1999.0,5.0,10.0,2.0,0.0,19,Summer,1.0,1,491,479,No Fatality,0,0,37
2738,1999-05-12,1999-05-12,1.0,heavy rains,Karnataka,1.0,1.0,1999.0,5.0,12.0,2.0,2.0,19,Summer,1.0,1,491,479,Low,0,0,37
2739,1999-05-14,1999-05-14,1.0,heavy rains,Karnataka,2.0,1.0,1999.0,5.0,14.0,2.0,4.0,19,Summer,1.0,1,491,479,Low,0,0,37
2740,1999-06-11,1999-06-11,1.0,heavy rains,Karnataka,5.0,0.0,1999.0,6.0,11.0,2.0,4.0,23,Monsoon,1.0,1,491,1071,Low,0,1,37
2741,1999-06-12,1999-06-12,1.0,heavy rains,Karnataka,0.0,0.0,1999.0,6.0,12.0,2.0,5.0,23,Monsoon,1.0,1,491,1071,No Fatality,0,1,37
2742,1999-07-12,1999-07-24,13.0,severe floods,Karnataka,122.0,0.0,1999.0,7.0,12.0,3.0,0.0,28,Monsoon,13.0,1,491,1709,High,1,1,37
2743,1999-08-01,1999-08-02,2.0,flash flood,Karnataka,2.0,0.0,1999.0,8.0,1.0,3.0,6.0,30,Monsoon,2.0,1,491,1382,Low,0,1,37
2744,1999-10-02,1999-10-03,2.0,heavy rains,Karnataka,11.0,0.0,1999.0,10.0,2.0,4.0,5.0,39,Post-Monsoon,2.0,1,491,501,Medium,1,0,37
2745,1999-10-13,1999-10-13,1.0,flash flood,Karnataka,2.0,0.0,1999.0,10.0,13.0,4.0,2.0,41,Post-Monsoon,1.0,1,491,501,Low,0,0,37
2746,1999-10-15,1999-10-15,1.0,heavy rains,Karnataka,1.0,0.0,1999.0,10.0,15.0,4.0,4.0,41,Post-Monsoon,1.0,1,491,501,Low,0,0,37
2747,1999-10-18,1999-10-18,1.0,heavy rains,Karnataka,0.0,0.0,1999.0,10.0,18.0,4.0,0.0,42,Post-Monsoon,1.0,1,491,501,No Fatality,0,0,37
2748,1999-10-22,1999-10-22,1.0,heavy rains,Karnataka,1.0,0.0,1999.0,10.0,22.0,4.0,4.0,42,Post-Monsoon,1.0,1,491,501,Low,0,0,37
2749,1999-10-24,1999-10-24,1.0,heavy rains,Karnataka,1.0,1.0,1999.0,10.0,24.0,4.0,6.0,42,Post-Monsoon,1.0,1,491,501,Low,0,0,37
2750,1999-10-26,1999-10-26,1.0,heavy rains,Karnataka,5.0,5.0,1999.0,10.0,26.0,4.0,1.0,43,Post-Monsoon,1.0,1,491,501,Low,0,0,37
2751,1999-10-27,1999-10-27,1.0,heavy rains,Karnataka,0.0,0.0,1999.0,10.0,27.0,4.0,2.0,43,Post-Monsoon,1.0,1,491,501,No Fatality,0,0,37
2752,1999-02-05,1999-02-05,1.0,heavy rains,Kerala,4.0,0.0,1999.0,2.0,5.0,1.0,4.0,5,Winter,1.0,1,604,66,Low,0,0,39
2753,1999-05-25,1999-05-28,4.0,heavy rains,Kerala,1.0,0.0,1999.0,5.0,25.0,2.0,1.0,21,Summer,4.0,1,604,479,Low,0,0,39
2754,1999-06-07,1999-06-12,6.0,heavy rains,Kerala,18.0,80.0,1999.0,6.0,7.0,2.0,0.0,23,Monsoon,6.0,1,604,1071,Medium,1,1,39
2755,1999-06-16,1999-06-20,5.0,heavy rains,Kerala,14.0,0.0,1999.0,6.0,16.0,2.0,2.0,24,Monsoon,5.0,1,604,1071,Medium,1,1,39
2756,1999-07-17,1999-07-31,15.0,heavy rains,Kerala,19.0,6.0,1999.0,7.0,17.0,3.0,5.0,28,Monsoon,15.0,1,604,1709,Medium,1,1,39
2757,1999-08-02,1999-08-02,1.0,heavy rains,Kerala,3.0,0.0,1999.0,8.0,2.0,3.0,0.0,31,Monsoon,1.0,1,604,1382,Low,0,1,39
2758,1999-10-09,1999-10-09,1.0,heavy rains,Kerala,2.0,0.0,1999.0,10.0,9.0,4.0,5.0,40,Post-Monsoon,1.0,1,604,501,Low,0,0,39
2759,1999-10-18,1999-10-22,5.0,heavy rains,Kerala,21.0,0.0,1999.0,10.0,18.0,4.0,0.0,42,Post-Monsoon,5.0,1,604,501,Medium,1,0,39
2760,1999-06-24,1999-06-24,1.0,heavy rains,Madhya Pradesh,0.0,0.0,1999.0,6.0,24.0,2.0,3.0,25,Monsoon,1.0,1,238,1071,No Fatality,0,1,43
2761,1999-07-18,1999-07-18,1.0,heavy rains,Madhya Pradesh,6.0,0.0,1999.0,7.0,18.0,3.0,6.0,28,Monsoon,1.0,1,238,1709,Low,0,1,43
2762,1999-07-29,1999-07-31,3.0,heavy rains,Madhya Pradesh,0.0,0.0,1999.0,7.0,29.0,3.0,3.0,30,Monsoon,3.0,1,238,1709,No Fatality,0,1,43
2763,1999-08-05,1999-08-11,7.0,heavy rains,Madhya Pradesh,3.0,0.0,1999.0,8.0,5.0,3.0,3.0,31,Monsoon,7.0,1,238,1382,Low,0,1,43
2764,1999-09-15,1999-09-20,6.0,severe floods,Madhya Pradesh,27.0,0.0,1999.0,9.0,15.0,3.0,2.0,37,Monsoon,6.0,1,238,938,Medium,1,1,43
2765,1999-06-12,1999-06-18,7.0,heavy rains,Maharashtra,0.0,0.0,1999.0,6.0,12.0,2.0,5.0,23,Monsoon,7.0,1,1011,1071,No Fatality,0,1,47
2766,1999-06-14,1999-06-14,1.0,heavy rains,Maharashtra,4.0,0.0,1999.0,6.0,14.0,2.0,0.0,24,Monsoon,1.0,1,1011,1071,Low,0,1,47
2767,1999-06-17,1999-06-17,1.0,heavy rains,Maharashtra,2.0,5.0,1999.0,6.0,17.0,2.0,3.0,24,Monsoon,1.0,1,1011,1071,Low,0,1,47
2768,1999-06-21,1999-06-21,1.0,heavy rains,Maharashtra,4.0,0.0,1999.0,6.0,21.0,2.0,0.0,25,Monsoon,1.0,1,1011,1071,Low,0,1,47
2769,1999-06-23,1999-06-24,2.0,heavy rains,Maharashtra,21.0,0.0,1999.0,6.0,23.0,2.0,2.0,25,Monsoon,2.0,1,1011,1071,Medium,1,1,47
2770,1999-07-15,1999-07-21,7.0,heavy rains,Maharashtra,22.0,10.0,1999.0,7.0,15.0,3.0,3.0,28,Monsoon,7.0,1,1011,1709,Medium,1,1,47
2771,1999-08-03,1999-08-04,2.0,heavy rains,Maharashtra,0.0,0.0,1999.0,8.0,3.0,3.0,1.0,31,Monsoon,2.0,1,1011,1382,No Fatality,0,1,47
2772,1999-08-09,1999-08-09,1.0,flash flood,Maharashtra,55.0,0.0,1999.0,8.0,9.0,3.0,0.0,32,Monsoon,1.0,1,1011,1382,High,1,1,47
2773,1999-09-19,1999-09-22,4.0,heavy rains,Maharashtra,3.0,0.0,1999.0,9.0,19.0,3.0,6.0,37,Monsoon,4.0,1,1011,938,Low,0,1,47
2774,1999-09-02,1999-09-04,3.0,heavy rains,Manipur,12.0,5.0,1999.0,9.0,2.0,3.0,3.0,35,Monsoon,3.0,1,20,938,Medium,1,1,50
2775,1999-07-01,1999-07-01,1.0,flash flood,Mizoram,0.0,0.0,1999.0,7.0,1.0,3.0,3.0,26,Monsoon,1.0,1,27,1709,No Fatality,0,1,52
2776,1999-09-02,1999-09-04,3.0,heavy rains,Nagaland,0.0,0.0,1999.0,9.0,2.0,3.0,3.0,35,Monsoon,3.0,1,18,938,No Fatality,0,1,53
2777,1999-07-22,1999-08-07,17.0,moderate flood ,Odisha,14.0,0.0,1999.0,7.0,22.0,3.0,3.0,29,Monsoon,17.0,1,144,1709,Medium,1,1,55
2778,1999-08-22,1999-08-23,2.0,heavy rains,Rajasthan,1.0,0.0,1999.0,8.0,22.0,3.0,6.0,33,Monsoon,2.0,1,259,1382,Low,0,1,62
2779,1999-07-22,1999-07-25,4.0,moderate flood ,Rajasthan,35.0,0.0,1999.0,7.0,22.0,3.0,3.0,29,Monsoon,4.0,1,259,1709,Medium,1,1,62
2780,1999-07-30,1999-07-31,2.0,heavy rains,Rajasthan,7.0,0.0,1999.0,7.0,30.0,3.0,4.0,30,Monsoon,2.0,1,259,1709,Low,0,1,62
2781,1999-08-05,1999-08-07,3.0,heavy rains,Rajasthan,2.0,1.0,1999.0,8.0,5.0,3.0,3.0,31,Monsoon,3.0,1,259,1382,Low,0,1,62
2782,1999-05-05,1999-05-05,1.0,heavy rains,Tamil Nadu,3.0,0.0,1999.0,5.0,5.0,2.0,2.0,18,Summer,1.0,1,188,479,Low,0,0,66
2783,1999-11-21,1999-11-23,3.0,moderate flood ,Tamil Nadu,17.0,0.0,1999.0,11.0,21.0,4.0,6.0,46,Post-Monsoon,3.0,1,188,194,Medium,1,0,66
2784,1999-06-15,1999-06-15,1.0,heavy rains,Uttar Pradesh,0.0,0.0,1999.0,6.0,15.0,2.0,1.0,24,Monsoon,1.0,1,448,1071,No Fatality,0,1,69
2785,1999-07-27,1999-07-30,4.0,heavy rains,Uttar Pradesh,1.0,0.0,1999.0,7.0,27.0,3.0,1.0,30,Monsoon,4.0,1,448,1709,Low,0,1,69
2786,1999-08-17,1999-08-18,2.0,moderate flood ,Uttar Pradesh,86.0,0.0,1999.0,8.0,17.0,3.0,1.0,33,Monsoon,2.0,1,448,1382,High,1,1,69
2787,1999-10-01,1999-10-03,3.0,heavy rains,Uttar Pradesh,9.0,2.0,1999.0,10.0,1.0,4.0,4.0,39,Post-Monsoon,3.0,1,448,501,Low,0,0,69
2788,1999-06-22,1999-06-22,1.0,heavy rains,West Bengal,10.0,0.0,1999.0,6.0,22.0,2.0,1.0,25,Monsoon,1.0,1,330,1071,Low,0,1,79
2789,1999-06-25,1999-06-25,1.0,heavy rains,West Bengal,0.0,0.0,1999.0,6.0,25.0,2.0,4.0,25,Monsoon,1.0,1,330,1071,No Fatality,0,1,79
2790,1999-06-28,1999-06-28,1.0,heavy rains,West Bengal,13.0,0.0,1999.0,6.0,28.0,2.0,0.0,26,Monsoon,1.0,1,330,1071,Medium,1,1,79
2791,1999-06-29,1999-06-29,1.0,heavy rains,West Bengal,0.0,0.0,1999.0,6.0,29.0,2.0,1.0,26,Monsoon,1.0,1,330,1071,No Fatality,0,1,79
2792,1999-07-03,1999-07-03,1.0,heavy rains,West Bengal,0.0,0.0,1999.0,7.0,3.0,3.0,5.0,26,Monsoon,1.0,1,330,1709,No Fatality,0,1,79
2793,1999-07-20,1999-07-20,1.0,flash flood,West Bengal,0.0,0.0,1999.0,7.0,20.0,3.0,1.0,29,Monsoon,1.0,1,330,1709,No Fatality,0,1,79
2794,1999-08-08,1999-08-14,7.0,severe floods,West Bengal,33.0,0.0,1999.0,8.0,8.0,3.0,6.0,31,Monsoon,7.0,1,330,1382,Medium,1,1,79
2795,1999-08-15,1999-08-15,1.0,heavy rains,West Bengal,0.0,0.0,1999.0,8.0,15.0,3.0,6.0,32,Monsoon,1.0,1,330,1382,No Fatality,0,1,79
2796,1999-08-16,1999-08-16,1.0,heavy rains,West Bengal,0.0,0.0,1999.0,8.0,16.0,3.0,0.0,33,Monsoon,1.0,1,330,1382,No Fatality,0,1,79
2797,1999-08-19,1999-08-19,1.0,heavy rains,West Bengal,0.0,0.0,1999.0,8.0,19.0,3.0,3.0,33,Monsoon,1.0,1,330,1382,No Fatality,0,1,79
2798,1999-08-24,1999-08-24,1.0,heavy rains,West Bengal,0.0,0.0,1999.0,8.0,24.0,3.0,1.0,34,Monsoon,1.0,1,330,1382,No Fatality,0,1,79
2799,1999-08-26,1999-08-26,1.0,heavy rains,West Bengal,2.0,0.0,1999.0,8.0,26.0,3.0,3.0,34,Monsoon,1.0,1,330,1382,Low,0,1,79
2800,1999-09-01,1999-09-07,7.0,moderate flood,West Bengal,4.0,0.0,1999.0,9.0,1.0,3.0,2.0,35,Monsoon,7.0,1,330,938,Low,0,1,79
2801,1999-09-14,1999-09-14,1.0,heavy rains,West Bengal,0.0,0.0,1999.0,9.0,14.0,3.0,1.0,37,Monsoon,1.0,1,330,938,No Fatality,0,1,79
2802,1999-09-22,1999-09-26,5.0,severe flood,West Bengal,79.0,0.0,1999.0,9.0,22.0,3.0,2.0,38,Monsoon,5.0,1,330,938,High,1,1,79
2803,1999-10-08,1999-10-14,7.0,moderate flood,West Bengal,0.0,0.0,1999.0,10.0,8.0,4.0,4.0,40,Post-Monsoon,7.0,1,330,501,No Fatality,0,0,79
2804,2000-02-21,2000-02-27,7.0,heavy rains,Andhra Pradesh,0.0,0.0,2000.0,2.0,21.0,1.0,0.0,8,Winter,7.0,1,150,66,No Fatality,0,0,1
2805,2000-07-11,2000-07-14,4.0,severe floods,Andhra Pradesh,37.0,0.0,2000.0,7.0,11.0,3.0,1.0,28,Monsoon,4.0,1,150,1709,Medium,1,1,1
2806,2000-08-10,2000-08-11,2.0,moderate floods,Andhra Pradesh,9.0,0.0,2000.0,8.0,10.0,3.0,3.0,32,Monsoon,2.0,1,150,1382,Low,0,1,1
2807,2000-08-22,2000-08-23,2.0,severe floods,Andhra Pradesh,131.0,0.0,2000.0,8.0,22.0,3.0,1.0,34,Monsoon,2.0,1,150,1382,High,1,1,1
2808,2000-06-11,2000-06-16,6.0,severe floods,Arunachal Pradesh,26.0,2000.0,2000.0,6.0,11.0,2.0,6.0,23,Monsoon,6.0,1,150,1071,Medium,1,1,4
2809,2000-06-21,2000-06-24,4.0,moderate floods,Arunachal Pradesh,0.0,0.0,2000.0,6.0,21.0,2.0,2.0,25,Monsoon,4.0,1,150,1071,No Fatality,0,1,4
2810,2000-08-06,2000-08-08,3.0,moderate floods,Arunachal Pradesh,7.0,0.0,2000.0,8.0,6.0,3.0,6.0,31,Monsoon,3.0,1,150,1382,Low,0,1,4
2811,2000-05-03,2000-05-03,1.0,flash floods ,Assam,0.0,0.0,2000.0,5.0,3.0,2.0,2.0,18,Summer,1.0,1,908,479,No Fatality,0,0,5
2812,2000-05-03,2000-05-10,8.0,moderate floods,Assam,3.0,0.0,2000.0,5.0,3.0,2.0,2.0,18,Summer,8.0,1,908,479,Low,0,0,5
2813,2000-05-09,2000-05-13,5.0,moderate floods,Assam,0.0,0.0,2000.0,5.0,9.0,2.0,1.0,19,Summer,5.0,1,908,479,No Fatality,0,0,5
2814,2000-05-29,2000-05-31,3.0,moderate floods,Assam,0.0,0.0,2000.0,5.0,29.0,2.0,0.0,22,Summer,3.0,1,908,479,No Fatality,0,0,5
2815,2000-06-01,2000-06-01,1.0,heavy rains,Assam,0.0,0.0,2000.0,6.0,1.0,2.0,3.0,22,Monsoon,1.0,1,908,1071,No Fatality,0,1,5
2816,2000-06-03,2000-06-03,1.0,heavy rains,Assam,0.0,0.0,2000.0,6.0,3.0,2.0,5.0,22,Monsoon,1.0,1,908,1071,No Fatality,0,1,5
2817,2000-06-06,2000-06-07,2.0,heavy rains,Assam,0.0,0.0,2000.0,6.0,6.0,2.0,1.0,23,Monsoon,2.0,1,908,1071,No Fatality,0,1,5
2818,2000-06-12,2000-06-30,19.0,heavy rains,Assam,8.0,0.0,2000.0,6.0,12.0,2.0,0.0,24,Monsoon,19.0,1,908,1071,Low,0,1,5
2819,2000-07-01,2000-07-07,7.0,severe floods,Assam,13.0,0.0,2000.0,7.0,1.0,3.0,5.0,26,Monsoon,7.0,1,908,1709,Medium,1,1,5
2820,2000-07-08,2000-07-14,7.0,moderate floods,Assam,14.0,0.0,2000.0,7.0,8.0,3.0,5.0,27,Monsoon,7.0,1,908,1709,Medium,1,1,5
2821,2000-07-30,2000-07-31,2.0,moderate floods,Assam,0.0,0.0,2000.0,7.0,30.0,3.0,6.0,30,Monsoon,2.0,1,908,1709,No Fatality,0,1,5
2822,2000-08-01,2000-08-21,21.0,severe floods,Assam,31.0,0.0,2000.0,8.0,1.0,3.0,1.0,31,Monsoon,21.0,1,908,1382,Medium,1,1,5
2823,2000-10-05,2000-10-05,1.0,heavy rains,Assam,6.0,3.0,2000.0,10.0,5.0,4.0,3.0,40,Post-Monsoon,1.0,1,908,501,Low,0,0,5
2824,2000-08-01,2000-08-21,21.0,severe floods,Bihar,48.0,0.0,2000.0,8.0,1.0,3.0,1.0,31,Monsoon,21.0,1,149,1382,Medium,1,1,9
2825,2000-06-11,2000-06-13,3.0,heavy rains,Goa,0.0,0.0,2000.0,6.0,11.0,2.0,6.0,23,Monsoon,3.0,1,30,1071,No Fatality,0,1,22
2826,2000-07-12,2000-07-15,4.0,heavy rains,Gujarat,84.0,0.0,2000.0,7.0,12.0,3.0,2.0,28,Monsoon,4.0,1,168,1709,High,1,1,26
2827,2000-06-08,2000-06-08,1.0,heavy rains,Haryana ,9.0,5.0,2000.0,6.0,8.0,2.0,3.0,23,Monsoon,1.0,1,29,1071,Low,0,1,28
2828,2000-07-17,2000-07-19,3.0,heavy rains,Haryana ,2.0,0.0,2000.0,7.0,17.0,3.0,0.0,29,Monsoon,3.0,1,29,1709,Low,0,1,28
2829,2000-06-08,2000-06-12,5.0,heavy rains,Himachal Pradesh,12.0,0.0,2000.0,6.0,8.0,2.0,3.0,23,Monsoon,5.0,1,362,1071,Medium,1,1,29
2830,2000-06-15,2000-06-15,1.0,heavy rains,Himachal Pradesh,2.0,0.0,2000.0,6.0,15.0,2.0,3.0,24,Monsoon,1.0,1,362,1071,Low,0,1,29
2831,2000-06-28,2000-06-28,1.0,flash floods,Himachal Pradesh,0.0,0.0,2000.0,6.0,28.0,2.0,2.0,26,Monsoon,1.0,1,362,1071,No Fatality,0,1,29
2832,2000-07-15,2000-07-19,5.0,heavy rains,Himachal Pradesh,25.0,23.0,2000.0,7.0,15.0,3.0,5.0,28,Monsoon,5.0,1,362,1709,Medium,1,1,29
2833,2000-07-27,2000-08-03,8.0,severe floods,Himachal Pradesh,151.0,0.0,2000.0,7.0,27.0,3.0,3.0,30,Monsoon,8.0,1,362,1709,High,1,1,29
2834,2000-08-28,2000-08-28,1.0,flash flood due to cloud burst,Himachal Pradesh,0.0,0.0,2000.0,8.0,28.0,3.0,0.0,35,Monsoon,1.0,1,362,1382,No Fatality,0,1,29
2835,2000-08-30,2000-08-30,1.0,heavy rains,Himachal Pradesh,2.0,0.0,2000.0,8.0,30.0,3.0,2.0,35,Monsoon,1.0,1,362,1382,Low,0,1,29
2836,2000-09-02,2000-09-05,4.0,heavy rains,Himachal Pradesh,0.0,0.0,2000.0,9.0,2.0,3.0,5.0,35,Monsoon,4.0,1,362,938,No Fatality,0,1,29
2837,2000-07-30,2000-07-31,2.0,heavy rains,Jammu and Kashmir,0.0,0.0,2000.0,7.0,30.0,3.0,6.0,30,Monsoon,2.0,1,137,1709,No Fatality,0,1,33
2838,2000-06-05,2000-06-07,3.0,heavy rains,Karnataka,3.0,7.0,2000.0,6.0,5.0,2.0,0.0,23,Monsoon,3.0,1,491,1071,Low,0,1,37
2839,2000-06-08,2000-06-08,1.0,heavy rains,Karnataka,0.0,0.0,2000.0,6.0,8.0,2.0,3.0,23,Monsoon,1.0,1,491,1071,No Fatality,0,1,37
2840,2000-06-10,2000-06-12,3.0,heavy rains,Karnataka,5.0,0.0,2000.0,6.0,10.0,2.0,5.0,23,Monsoon,3.0,1,491,1071,Low,0,1,37
2841,2000-06-29,2000-06-30,2.0,heavy rains,Karnataka,0.0,0.0,2000.0,6.0,29.0,2.0,3.0,26,Monsoon,2.0,1,491,1071,No Fatality,0,1,37
2842,2000-07-01,2000-07-01,1.0,heavy rains,Karnataka,3.0,0.0,2000.0,7.0,1.0,3.0,5.0,26,Monsoon,1.0,1,491,1709,Low,0,1,37
2843,2000-07-06,2000-07-07,2.0,heavy rains,Karnataka,0.0,0.0,2000.0,7.0,6.0,3.0,3.0,27,Monsoon,2.0,1,491,1709,No Fatality,0,1,37
2844,2000-07-05,2000-07-08,4.0,heavy rains,Karnataka,0.0,0.0,2000.0,7.0,5.0,3.0,2.0,27,Monsoon,4.0,1,491,1709,No Fatality,0,1,37
2845,2000-07-07,2000-07-08,2.0,heavy rains,Karnataka,0.0,3.0,2000.0,7.0,7.0,3.0,4.0,27,Monsoon,2.0,1,491,1709,No Fatality,0,1,37
2846,2000-07-11,2000-07-14,4.0,heavy rains,Karnataka,0.0,0.0,2000.0,7.0,11.0,3.0,1.0,28,Monsoon,4.0,1,491,1709,No Fatality,0,1,37
2847,2000-07-14,2000-07-14,1.0,heavy rains,Karnataka,0.0,0.0,2000.0,7.0,14.0,3.0,4.0,28,Monsoon,1.0,1,491,1709,No Fatality,0,1,37
2848,2000-08-01,2000-08-01,1.0,heavy rains,Karnataka,1.0,5.0,2000.0,8.0,1.0,3.0,1.0,31,Monsoon,1.0,1,491,1382,Low,0,1,37
2849,2000-08-03,2000-08-03,1.0,heavy rains,Karnataka,0.0,0.0,2000.0,8.0,3.0,3.0,3.0,31,Monsoon,1.0,1,491,1382,No Fatality,0,1,37
2850,2000-08-03,2000-08-06,4.0,heavy rains,Karnataka,1.0,1.0,2000.0,8.0,3.0,3.0,3.0,31,Monsoon,4.0,1,491,1382,Low,0,1,37
2851,2000-08-13,2000-08-13,1.0,heavy rains,Karnataka,0.0,0.0,2000.0,8.0,13.0,3.0,6.0,32,Monsoon,1.0,1,491,1382,No Fatality,0,1,37
2852,2000-08-23,2000-08-24,2.0,heavy rains,Karnataka,0.0,0.0,2000.0,8.0,23.0,3.0,2.0,34,Monsoon,2.0,1,491,1382,No Fatality,0,1,37
2853,2000-08-25,2000-08-26,2.0,heavy rains,Karnataka,1.0,2.0,2000.0,8.0,25.0,3.0,4.0,34,Monsoon,2.0,1,491,1382,Low,0,1,37
2854,2000-08-29,2000-08-29,1.0,heavy rains,Karnataka,0.0,0.0,2000.0,8.0,29.0,3.0,1.0,35,Monsoon,1.0,1,491,1382,No Fatality,0,1,37
2855,2000-09-14,2000-09-14,1.0,heavy rains,Karnataka,0.0,0.0,2000.0,9.0,14.0,3.0,3.0,37,Monsoon,1.0,1,491,938,No Fatality,0,1,37
2856,2000-09-30,2000-09-30,1.0,heavy rains,Karnataka,2.0,3.0,2000.0,9.0,30.0,3.0,5.0,39,Monsoon,1.0,1,491,938,Low,0,1,37
2857,2000-09-30,2000-10-02,3.0,heavy rains,Karnataka,1.0,5.0,2000.0,9.0,30.0,3.0,5.0,39,Monsoon,3.0,1,491,938,Low,0,1,37
2858,2000-10-01,2000-10-01,1.0,heavy rains,Karnataka,0.0,0.0,2000.0,10.0,1.0,4.0,6.0,39,Post-Monsoon,1.0,1,491,501,No Fatality,0,0,37
2859,2000-10-08,2000-10-08,1.0,heavy rains,Karnataka,4.0,3.0,2000.0,10.0,8.0,4.0,6.0,40,Post-Monsoon,1.0,1,491,501,Low,0,0,37
2860,2000-08-08,2000-08-10,3.0,heavy rains,Karnataka,0.0,2.0,2000.0,8.0,8.0,3.0,1.0,32,Monsoon,3.0,1,491,1382,No Fatality,0,1,37
2861,2000-10-09,2000-10-09,1.0,"heavy rains,flash floods",Karnataka,2.0,0.0,2000.0,10.0,9.0,4.0,0.0,41,Post-Monsoon,1.0,1,491,501,Low,0,0,37
2862,2000-10-22,2000-10-22,1.0,heavy rains,Karnataka,0.0,1.0,2000.0,10.0,22.0,4.0,6.0,42,Post-Monsoon,1.0,1,491,501,No Fatality,0,0,37
2863,2000-10-22,2000-10-22,1.0,heavy rains,Karnataka,1.0,3.0,2000.0,10.0,22.0,4.0,6.0,42,Post-Monsoon,1.0,1,491,501,Low,0,0,37
2864,2000-10-22,2000-10-22,1.0,heavy rains,Karnataka,1.0,0.0,2000.0,10.0,22.0,4.0,6.0,42,Post-Monsoon,1.0,1,491,501,Low,0,0,37
2865,2000-04-08,2000-04-08,1.0,heavy rains,Kerala,2.0,5.0,2000.0,4.0,8.0,2.0,5.0,14,Summer,1.0,1,604,171,Low,0,0,39
2866,2000-06-08,2000-06-14,7.0,heavy rains,Kerala,0.0,2.0,2000.0,6.0,8.0,2.0,3.0,23,Monsoon,7.0,1,604,1071,No Fatality,0,1,39
2867,2000-06-17,2000-06-17,1.0,heavy rains,Kerala,0.0,0.0,2000.0,6.0,17.0,2.0,5.0,24,Monsoon,1.0,1,604,1071,No Fatality,0,1,39
2868,2000-07-01,2000-07-01,1.0,heavy rains,Kerala,1.0,0.0,2000.0,7.0,1.0,3.0,5.0,26,Monsoon,1.0,1,604,1709,Low,0,1,39
2869,2000-07-07,2000-07-10,4.0,heavy rains,Kerala,63.0,15.0,2000.0,7.0,7.0,3.0,4.0,27,Monsoon,4.0,1,604,1709,High,1,1,39
2870,2000-08-08,2000-08-08,1.0,heavy rains,Kerala,0.0,12.0,2000.0,8.0,8.0,3.0,1.0,32,Monsoon,1.0,1,604,1382,No Fatality,0,1,39
2871,2000-08-22,2000-08-28,7.0,heavy rains,Kerala,37.0,0.0,2000.0,8.0,22.0,3.0,1.0,34,Monsoon,7.0,1,604,1382,Medium,1,1,39
2872,2000-07-03,2000-07-05,3.0,moderate floods,Madhya Pradesh,5.0,0.0,2000.0,7.0,3.0,3.0,0.0,27,Monsoon,3.0,1,238,1709,Low,0,1,43
2873,2000-07-07,2000-07-07,1.0,heavy rains,Madhya Pradesh,1.0,0.0,2000.0,7.0,7.0,3.0,4.0,27,Monsoon,1.0,1,238,1709,Low,0,1,43
2874,2000-07-14,2000-07-15,2.0,heavy rains,Madhya Pradesh,0.0,35.0,2000.0,7.0,14.0,3.0,4.0,28,Monsoon,2.0,1,238,1709,No Fatality,0,1,43
2875,2000-07-22,2000-07-23,2.0,moderate floods,Madhya Pradesh,6.0,0.0,2000.0,7.0,22.0,3.0,5.0,29,Monsoon,2.0,1,238,1709,Low,0,1,43
2876,2000-05-07,2000-05-07,1.0,heavy rains,Maharashtra,1.0,0.0,2000.0,5.0,7.0,2.0,6.0,18,Summer,1.0,1,1011,479,Low,0,0,47
2877,2000-06-02,2000-06-03,2.0,heavy rains,Maharashtra,0.0,0.0,2000.0,6.0,2.0,2.0,4.0,22,Monsoon,2.0,1,1011,1071,No Fatality,0,1,47
2878,2000-06-04,2000-06-05,2.0,flash floods,Maharashtra,9.0,4.0,2000.0,6.0,4.0,2.0,6.0,22,Monsoon,2.0,1,1011,1071,Low,0,1,47
2879,2000-06-08,2000-06-08,1.0,heavy rains,Maharashtra,7.0,0.0,2000.0,6.0,8.0,2.0,3.0,23,Monsoon,1.0,1,1011,1071,Low,0,1,47
2880,2000-06-08,2000-06-08,1.0,heavy rains,Maharashtra,4.0,0.0,2000.0,6.0,8.0,2.0,3.0,23,Monsoon,1.0,1,1011,1071,Low,0,1,47
2881,2000-06-08,2000-06-08,1.0,heavy rains,Maharashtra,2.0,0.0,2000.0,6.0,8.0,2.0,3.0,23,Monsoon,1.0,1,1011,1071,Low,0,1,47
2882,2000-06-08,2000-06-08,1.0,heavy rains,Maharashtra,1.0,0.0,2000.0,6.0,8.0,2.0,3.0,23,Monsoon,1.0,1,1011,1071,Low,0,1,47
2883,2000-07-04,2000-07-04,1.0,heavy rains,Maharashtra,2.0,7.0,2000.0,7.0,4.0,3.0,1.0,27,Monsoon,1.0,1,1011,1709,Low,0,1,47
2884,2000-07-08,2000-07-08,1.0,heavy rains,Maharashtra,20.0,14.0,2000.0,7.0,8.0,3.0,5.0,27,Monsoon,1.0,1,1011,1709,Medium,1,1,47
2885,2000-07-10,2000-07-10,1.0,heavy rains,Maharashtra,0.0,5.0,2000.0,7.0,10.0,3.0,0.0,28,Monsoon,1.0,1,1011,1709,No Fatality,0,1,47
2886,2000-07-12,2000-07-12,1.0,heavy rains,Maharashtra,66.0,52.0,2000.0,7.0,12.0,3.0,2.0,28,Monsoon,1.0,1,1011,1709,High,1,1,47
2887,2000-07-12,2000-07-12,1.0,heavy rains,Maharashtra,9.0,0.0,2000.0,7.0,12.0,3.0,2.0,28,Monsoon,1.0,1,1011,1709,Low,0,1,47
2888,2000-07-12,2000-07-12,1.0,heavy rains,Maharashtra,0.0,0.0,2000.0,7.0,12.0,3.0,2.0,28,Monsoon,1.0,1,1011,1709,No Fatality,0,1,47
2889,2000-07-12,2000-07-12,1.0,heavy rains,Maharashtra,0.0,2.0,2000.0,7.0,12.0,3.0,2.0,28,Monsoon,1.0,1,1011,1709,No Fatality,0,1,47
2890,2000-07-12,2000-07-12,1.0,heavy rains,Maharashtra,0.0,0.0,2000.0,7.0,12.0,3.0,2.0,28,Monsoon,1.0,1,1011,1709,No Fatality,0,1,47
2891,2000-07-17,2000-07-21,5.0,heavy rains,Maharashtra,15.0,0.0,2000.0,7.0,17.0,3.0,0.0,29,Monsoon,5.0,1,1011,1709,Medium,1,1,47
2892,2000-07-24,2000-07-24,1.0,heavy rains,Maharashtra,1.0,0.0,2000.0,7.0,24.0,3.0,0.0,30,Monsoon,1.0,1,1011,1709,Low,0,1,47
2893,2000-08-22,2000-08-28,7.0,severe floods,Maharashtra,9.0,0.0,2000.0,8.0,22.0,3.0,1.0,34,Monsoon,7.0,1,1011,1382,Low,0,1,47
2894,2000-09-25,2000-09-25,1.0,heavy rains,Maharashtra,0.0,7.0,2000.0,9.0,25.0,3.0,0.0,39,Monsoon,1.0,1,1011,938,No Fatality,0,1,47
2895,2000-09-27,2000-09-27,1.0,heavy rains,Maharashtra,1.0,4.0,2000.0,9.0,27.0,3.0,2.0,39,Monsoon,1.0,1,1011,938,Low,0,1,47
2896,2000-09-02,2000-09-04,3.0,moderate flood,Manipur,0.0,0.0,2000.0,9.0,2.0,3.0,5.0,35,Monsoon,3.0,1,20,938,No Fatality,0,1,50
2897,2000-09-21,2000-09-21,1.0,flash flood,Manipur,0.0,0.0,2000.0,9.0,21.0,3.0,3.0,38,Monsoon,1.0,1,20,938,No Fatality,0,1,50
2898,2000-08-09,2000-08-09,1.0,heavy rains,Meghalaya,0.0,0.0,2000.0,8.0,9.0,3.0,2.0,32,Monsoon,1.0,1,57,1382,No Fatality,0,1,51
2899,2000-09-09,2000-09-09,1.0,heavy rains,Meghalaya,0.0,0.0,2000.0,9.0,9.0,3.0,5.0,36,Monsoon,1.0,1,57,938,No Fatality,0,1,51
2900,2000-10-02,2000-10-03,2.0,heavy rains,Meghalaya,0.0,0.0,2000.0,10.0,2.0,4.0,0.0,40,Post-Monsoon,2.0,1,57,501,No Fatality,0,0,51
2901,2000-05-25,2000-05-25,1.0,heavy rains,Mizoram,5.0,2.0,2000.0,5.0,25.0,2.0,3.0,21,Summer,1.0,1,27,479,Low,0,0,52
2902,2000-08-22,2000-08-22,1.0,heavy rains,Mizoram,0.0,6.0,2000.0,8.0,22.0,3.0,1.0,34,Monsoon,1.0,1,27,1382,No Fatality,0,1,52
2903,2000-08-28,2000-08-28,1.0,heavy rains,Nagaland,0.0,0.0,2000.0,8.0,28.0,3.0,0.0,35,Monsoon,1.0,1,18,1382,No Fatality,0,1,53
2904,2000-07-01,2000-07-01,1.0,heavy rains,Punjab,1.0,0.0,2000.0,7.0,1.0,3.0,5.0,26,Monsoon,1.0,1,171,1709,Low,0,1,61
2905,2000-07-15,2000-07-21,7.0,heavy rains,Punjab,1.0,6.0,2000.0,7.0,15.0,3.0,5.0,28,Monsoon,7.0,1,171,1709,Low,0,1,61
2906,2000-07-14,2000-07-16,3.0,moderate flood,Rajasthan,26.0,0.0,2000.0,7.0,14.0,3.0,4.0,28,Monsoon,3.0,1,259,1709,Medium,1,1,62
2907,2000-07-21,2000-07-23,3.0,moderate flood,Rajasthan,2.0,1.0,2000.0,7.0,21.0,3.0,4.0,29,Monsoon,3.0,1,259,1709,Low,0,1,62
2908,2000-08-13,2000-08-13,1.0,heavy rains,Rajasthan,0.0,0.0,2000.0,8.0,13.0,3.0,6.0,32,Monsoon,1.0,1,259,1382,No Fatality,0,1,62
2909,2000-09-20,2000-09-20,1.0,heavy rains,Rajasthan,0.0,0.0,2000.0,9.0,20.0,3.0,2.0,38,Monsoon,1.0,1,259,938,No Fatality,0,1,62
2910,2000-08-23,2000-08-23,1.0,heavy rains,Sikkim,5.0,8.0,2000.0,8.0,23.0,3.0,2.0,34,Monsoon,1.0,1,64,1382,Low,0,1,65
2911,2000-02-24,2000-02-27,4.0,heavy rains,Tamil Nadu,6.0,0.0,2000.0,2.0,24.0,1.0,3.0,8,Winter,4.0,1,188,66,Low,0,0,66
2912,2000-06-08,2000-06-08,1.0,heavy rains,Tamil Nadu,1.0,0.0,2000.0,6.0,8.0,2.0,3.0,23,Monsoon,1.0,1,188,1071,Low,0,1,66
2913,2000-05-14,2000-05-16,3.0,heavy rains,Uttar Pradesh,0.0,0.0,2000.0,5.0,14.0,2.0,6.0,19,Summer,3.0,1,448,479,No Fatality,0,0,69
2914,2000-06-08,2000-06-14,7.0,severe flood,Uttar Pradesh,90.0,0.0,2000.0,6.0,8.0,2.0,3.0,23,Monsoon,7.0,1,448,1071,High,1,1,69
2915,2000-07-10,2000-07-10,1.0,heavy rains,Uttar Pradesh,0.0,0.0,2000.0,7.0,10.0,3.0,0.0,28,Monsoon,1.0,1,448,1709,No Fatality,0,1,69
2916,2000-07-14,2000-07-14,1.0,flash flood,Uttar Pradesh,0.0,0.0,2000.0,7.0,14.0,3.0,4.0,28,Monsoon,1.0,1,448,1709,No Fatality,0,1,69
2917,2000-07-25,2000-07-27,3.0,moderate flood,Uttar Pradesh,1.0,0.0,2000.0,7.0,25.0,3.0,1.0,30,Monsoon,3.0,1,448,1709,Low,0,1,69
2918,2000-07-31,2000-07-31,1.0,"heavy rains,flash floods",Uttar Pradesh,8.0,9.0,2000.0,7.0,31.0,3.0,0.0,31,Monsoon,1.0,1,448,1709,Low,0,1,69
2919,2000-08-07,2000-08-07,1.0,flash flood,Uttar Pradesh,0.0,0.0,2000.0,8.0,7.0,3.0,0.0,32,Monsoon,1.0,1,448,1382,No Fatality,0,1,69
2920,2000-08-10,2000-08-10,1.0,heavy rains,Uttar Pradesh,62.0,0.0,2000.0,8.0,10.0,3.0,3.0,32,Monsoon,1.0,1,448,1382,High,1,1,69
2921,2000-08-17,2000-08-17,1.0,heavy rains,Uttar Pradesh,7.0,0.0,2000.0,8.0,17.0,3.0,3.0,33,Monsoon,1.0,1,448,1382,Low,0,1,69
2922,2000-08-30,2000-08-31,2.0,flash flood or moderate flood,Uttar Pradesh,33.0,0.0,2000.0,8.0,30.0,3.0,2.0,35,Monsoon,2.0,1,448,1382,Medium,1,1,69
2923,2000-09-08,2000-09-14,7.0,moderate flood,Uttar Pradesh,24.0,0.0,2000.0,9.0,8.0,3.0,4.0,36,Monsoon,7.0,1,448,938,Medium,1,1,69
2924,2000-08-05,2000-08-05,1.0,flash flood,West Bengal,9.0,0.0,2000.0,8.0,5.0,3.0,5.0,31,Monsoon,1.0,1,330,1382,Low,0,1,79
2925,2000-08-09,2000-08-09,1.0,flash flood,West Bengal,0.0,0.0,2000.0,8.0,9.0,3.0,2.0,32,Monsoon,1.0,1,330,1382,No Fatality,0,1,79
2926,2000-09-01,2000-09-07,7.0,moderate flood,West Bengal,0.0,0.0,2000.0,9.0,1.0,3.0,4.0,35,Monsoon,7.0,1,330,938,No Fatality,0,1,79
2927,2000-09-15,2000-10-14,30.0,severe flood,West Bengal,1258.0,0.0,2000.0,9.0,15.0,3.0,4.0,37,Monsoon,30.0,1,330,938,High,1,1,79
2928,2000-10-22,2000-10-28,7.0,heavy rains,West Bengal,0.0,96.0,2000.0,10.0,22.0,4.0,6.0,42,Post-Monsoon,7.0,1,330,501,No Fatality,0,0,79
2929,2000-07-18,2000-07-18,1.0,moderate flood,Punjab,1.0,2.0,2000.0,7.0,18.0,3.0,1.0,29,Monsoon,1.0,1,171,1709,Low,0,1,61
2930,2001-07-01,2001-08-31,62.0,moderate flood,Arunachal Pradesh,5.0,0.0,2001.0,7.0,1.0,3.0,6.0,26,Monsoon,62.0,1,150,1709,Low,0,1,4
2931,2001-05-25,2001-05-25,1.0,flash flood,Assam,0.0,0.0,2001.0,5.0,25.0,2.0,4.0,21,Summer,1.0,1,908,479,No Fatality,0,0,5
2932,2001-06-01,2001-06-01,1.0,heavy rains,Assam,5.0,2.0,2001.0,6.0,1.0,2.0,4.0,22,Monsoon,1.0,1,908,1071,Low,0,1,5
2933,2001-06-08,2001-06-21,14.0,moderate flood,Assam,12.0,1.0,2001.0,6.0,8.0,2.0,4.0,23,Monsoon,14.0,1,908,1071,Medium,1,1,5
2934,2001-07-01,2001-07-07,7.0,moderate flood,Assam,0.0,0.0,2001.0,7.0,1.0,3.0,6.0,26,Monsoon,7.0,1,908,1709,No Fatality,0,1,5
2935,2001-07-15,2001-08-07,24.0,severe flood,Assam,0.0,0.0,2001.0,7.0,15.0,3.0,6.0,28,Monsoon,24.0,1,908,1709,No Fatality,0,1,5
2936,2001-08-15,2001-08-21,7.0,moderate flood,Assam,0.0,0.0,2001.0,8.0,15.0,3.0,2.0,33,Monsoon,7.0,1,908,1382,No Fatality,0,1,5
2937,2001-09-08,2001-09-21,14.0,moderate flood,Assam,1.0,0.0,2001.0,9.0,8.0,3.0,5.0,36,Monsoon,14.0,1,908,938,Low,0,1,5
2938,2001-09-22,2001-09-28,7.0,Unknown,Assam,0.0,0.0,2001.0,9.0,22.0,3.0,5.0,38,Monsoon,7.0,1,908,938,No Fatality,0,1,5
2939,2001-09-01,2001-09-14,14.0,severe floods,"Bihar, Jharkhand",150.0,0.0,2001.0,9.0,1.0,3.0,5.0,35,Monsoon,14.0,1,7,938,High,1,1,11
2940,2001-10-05,2001-10-05,1.0,heavy rains,"Bihar, Jharkhand",6.0,0.0,2001.0,10.0,5.0,4.0,4.0,40,Post-Monsoon,1.0,1,7,501,Low,0,0,11
2941,2001-10-08,2001-10-08,1.0,heavy rains,"Bihar, Jharkhand",2.0,0.0,2001.0,10.0,8.0,4.0,0.0,41,Post-Monsoon,1.0,1,7,501,Low,0,0,11
2942,2001-06-05,2001-06-05,1.0,heavy rains,Gujarat,0.0,0.0,2001.0,6.0,5.0,2.0,1.0,23,Monsoon,1.0,1,168,1071,No Fatality,0,1,26
2943,2001-06-11,2001-06-11,1.0,heavy rains,Gujarat,0.0,2.0,2001.0,6.0,11.0,2.0,0.0,24,Monsoon,1.0,1,168,1071,No Fatality,0,1,26
2944,2001-06-15,2001-06-15,1.0,heavy rains,Gujarat,0.0,1.0,2001.0,6.0,15.0,2.0,4.0,24,Monsoon,1.0,1,168,1071,No Fatality,0,1,26
2945,2001-06-18,2001-06-18,1.0,heavy rains,Gujarat,0.0,0.0,2001.0,6.0,18.0,2.0,0.0,25,Monsoon,1.0,1,168,1071,No Fatality,0,1,26
2946,2001-06-29,2001-06-29,1.0,heavy rains,Gujarat,1.0,0.0,2001.0,6.0,29.0,2.0,4.0,26,Monsoon,1.0,1,168,1071,Low,0,1,26
2947,2001-08-10,2001-08-10,1.0,heavy rains,Gujarat,12.0,25.0,2001.0,8.0,10.0,3.0,4.0,32,Monsoon,1.0,1,168,1382,Medium,1,1,26
2948,2001-08-11,2001-08-11,1.0,heavy rains,Gujarat,1.0,0.0,2001.0,8.0,11.0,3.0,5.0,32,Monsoon,1.0,1,168,1382,Low,0,1,26
2949,2001-06-01,2001-06-02,2.0,heavy rains,Himachal Pradesh,0.0,1.0,2001.0,6.0,1.0,2.0,4.0,22,Monsoon,2.0,1,362,1071,No Fatality,0,1,29
2950,2001-06-12,2001-06-12,1.0,heavy rains,Himachal Pradesh,0.0,0.0,2001.0,6.0,12.0,2.0,1.0,24,Monsoon,1.0,1,362,1071,No Fatality,0,1,29
2951,2001-06-13,2001-06-14,2.0,heavy rains,Himachal Pradesh,0.0,0.0,2001.0,6.0,13.0,2.0,2.0,24,Monsoon,2.0,1,362,1071,No Fatality,0,1,29
2952,2001-07-03,2001-07-03,1.0,heavy rains,Himachal Pradesh,0.0,0.0,2001.0,7.0,3.0,3.0,1.0,27,Monsoon,1.0,1,362,1709,No Fatality,0,1,29
2953,2001-07-22,2001-07-22,1.0,flash floods due to cloud burst,Himachal Pradesh,0.0,1.0,2001.0,7.0,22.0,3.0,6.0,29,Monsoon,1.0,1,362,1709,No Fatality,0,1,29
2954,2001-07-29,2001-07-30,2.0,flash flood ,Himachal Pradesh,27.0,0.0,2001.0,7.0,29.0,3.0,6.0,30,Monsoon,2.0,1,362,1709,Medium,1,1,29
2955,2001-08-08,2001-08-08,1.0,heavy rains,Himachal Pradesh,0.0,0.0,2001.0,8.0,8.0,3.0,2.0,32,Monsoon,1.0,1,362,1382,No Fatality,0,1,29
2956,2001-08-10,2001-08-10,1.0,heavy rains,Himachal Pradesh,5.0,0.0,2001.0,8.0,10.0,3.0,4.0,32,Monsoon,1.0,1,362,1382,Low,0,1,29
2957,2001-08-14,2001-08-14,1.0,heavy rains,Himachal Pradesh,29.0,0.0,2001.0,8.0,14.0,3.0,1.0,33,Monsoon,1.0,1,362,1382,Medium,1,1,29
2958,2001-08-22,2001-08-22,1.0,heavy rains,Himachal Pradesh,2.0,0.0,2001.0,8.0,22.0,3.0,2.0,34,Monsoon,1.0,1,362,1382,Low,0,1,29
2959,2001-04-16,2001-04-16,1.0,flash flood,Karnataka,5.0,0.0,2001.0,4.0,16.0,2.0,0.0,16,Summer,1.0,1,491,171,Low,0,0,37
2960,2001-04-19,2001-04-19,1.0,heavy rains,Karnataka,0.0,0.0,2001.0,4.0,19.0,2.0,3.0,16,Summer,1.0,1,491,171,No Fatality,0,0,37
2961,2001-06-15,2001-06-21,7.0,heavy rains,Karnataka,0.0,0.0,2001.0,6.0,15.0,2.0,4.0,24,Monsoon,7.0,1,491,1071,No Fatality,0,1,37
2962,2001-07-07,2001-07-07,1.0,heavy rains,Karnataka,0.0,3.0,2001.0,7.0,7.0,3.0,5.0,27,Monsoon,1.0,1,491,1709,No Fatality,0,1,37
2963,2001-07-09,2001-07-09,1.0,heavy rains,Karnataka,0.0,0.0,2001.0,7.0,9.0,3.0,0.0,28,Monsoon,1.0,1,491,1709,No Fatality,0,1,37
2964,2001-07-15,2001-07-28,14.0,heavy rains,Karnataka,2.0,0.0,2001.0,7.0,15.0,3.0,6.0,28,Monsoon,14.0,1,491,1709,Low,0,1,37
2965,2001-08-07,2001-08-07,1.0,heavy rains,Karnataka,0.0,0.0,2001.0,8.0,7.0,3.0,1.0,32,Monsoon,1.0,1,491,1382,No Fatality,0,1,37
2966,2001-08-20,2001-08-21,2.0,heavy rains,Karnataka,5.0,0.0,2001.0,8.0,20.0,3.0,0.0,34,Monsoon,2.0,1,491,1382,Low,0,1,37
2967,2001-08-26,2001-08-26,1.0,heavy rains,Karnataka,3.0,0.0,2001.0,8.0,26.0,3.0,6.0,34,Monsoon,1.0,1,491,1382,Low,0,1,37
2968,2001-09-17,2001-09-17,1.0,heavy rains,Karnataka,0.0,0.0,2001.0,9.0,17.0,3.0,0.0,38,Monsoon,1.0,1,491,938,No Fatality,0,1,37
2969,2001-09-21,2001-09-21,1.0,heavy rains,Karnataka,0.0,0.0,2001.0,9.0,21.0,3.0,4.0,38,Monsoon,1.0,1,491,938,No Fatality,0,1,37
2970,2001-09-22,2001-09-22,1.0,heavy rains,Karnataka,0.0,1.0,2001.0,9.0,22.0,3.0,5.0,38,Monsoon,1.0,1,491,938,No Fatality,0,1,37
2971,2001-09-23,2001-09-23,1.0,heavy rains,Karnataka,3.0,0.0,2001.0,9.0,23.0,3.0,6.0,38,Monsoon,1.0,1,491,938,Low,0,1,37
2973,2001-09-25,2001-09-26,2.0,heavy rains,Karnataka,1.0,0.0,2001.0,9.0,25.0,3.0,1.0,39,Monsoon,2.0,1,491,938,Low,0,1,37
2974,2001-10-08,2001-10-21,14.0,heavy rains,Karnataka,23.0,58.0,2001.0,10.0,8.0,4.0,0.0,41,Post-Monsoon,14.0,1,491,501,Medium,1,0,37
2975,2001-11-06,2001-11-06,1.0,heavy rains,Karnataka,0.0,0.0,2001.0,11.0,6.0,4.0,1.0,45,Post-Monsoon,1.0,1,491,194,No Fatality,0,0,37
2976,2001-11-15,2001-11-15,1.0,heavy rains,Karnataka,0.0,0.0,2001.0,11.0,15.0,4.0,3.0,46,Post-Monsoon,1.0,1,491,194,No Fatality,0,0,37
2977,2001-04-07,2001-04-07,1.0,heavy rains,Kerala,0.0,0.0,2001.0,4.0,7.0,2.0,5.0,14,Summer,1.0,1,604,171,No Fatality,0,0,39
2978,2001-05-26,2001-05-26,1.0,heavy rains,Kerala,0.0,1.0,2001.0,5.0,26.0,2.0,5.0,21,Summer,1.0,1,604,479,No Fatality,0,0,39
2979,2001-06-08,2001-06-08,1.0,heavy rains,Kerala,1.0,0.0,2001.0,6.0,8.0,2.0,4.0,23,Monsoon,1.0,1,604,1071,Low,0,1,39
2980,2001-06-15,2001-06-21,7.0,heavy rains,Kerala,5.0,3.0,2001.0,6.0,15.0,2.0,4.0,24,Monsoon,7.0,1,604,1071,Low,0,1,39
2981,2001-07-08,2001-07-14,7.0,heavy rains,Kerala,22.0,0.0,2001.0,7.0,8.0,3.0,6.0,27,Monsoon,7.0,1,604,1709,Medium,1,1,39
2982,2001-09-22,2001-09-25,4.0,heavy rains,Kerala,0.0,5.0,2001.0,9.0,22.0,3.0,5.0,38,Monsoon,4.0,1,604,938,No Fatality,0,1,39
2983,2001-11-10,2001-11-10,1.0,heavy rains,Kerala,40.0,0.0,2001.0,11.0,10.0,4.0,5.0,45,Post-Monsoon,1.0,1,604,194,Medium,1,0,39
2984,2001-06-13,2001-06-13,1.0,heavy rains,"Madhya Pradesh,  Chhattisgarh",5.0,0.0,2001.0,6.0,13.0,2.0,2.0,24,Monsoon,1.0,1,17,1071,Low,0,1,44
2985,2001-07-03,2001-07-03,1.0,heavy rains,"Madhya Pradesh,  Chhattisgarh",7.0,0.0,2001.0,7.0,3.0,3.0,1.0,27,Monsoon,1.0,1,17,1709,Low,0,1,44
2986,2001-07-10,2001-07-10,1.0,heavy rains,"Madhya Pradesh,  Chhattisgarh",40.0,0.0,2001.0,7.0,10.0,3.0,1.0,28,Monsoon,1.0,1,17,1709,Medium,1,1,44
2987,2001-07-11,2001-07-11,1.0,heavy rains,"Madhya Pradesh,  Chhattisgarh",2.0,0.0,2001.0,7.0,11.0,3.0,2.0,28,Monsoon,1.0,1,17,1709,Low,0,1,44
2988,2001-07-18,2001-07-18,1.0,heavy rains,"Madhya Pradesh,  Chhattisgarh",5.0,0.0,2001.0,7.0,18.0,3.0,2.0,29,Monsoon,1.0,1,17,1709,Low,0,1,44
2989,2001-08-17,2001-08-17,1.0,heavy rains,"Madhya Pradesh,  Chhattisgarh",1.0,0.0,2001.0,8.0,17.0,3.0,4.0,33,Monsoon,1.0,1,17,1382,Low,0,1,44
2990,2001-10-11,2001-10-11,1.0,heavy rains,"Madhya Pradesh,  Chhattisgarh",1.0,0.0,2001.0,10.0,11.0,4.0,3.0,41,Post-Monsoon,1.0,1,17,501,Low,0,0,44
2991,2001-06-13,2001-06-13,1.0,heavy rains,Maharashtra,0.0,0.0,2001.0,6.0,13.0,2.0,2.0,24,Monsoon,1.0,1,1011,1071,No Fatality,0,1,47
2992,2001-06-14,2001-06-15,2.0,heavy rains,Maharashtra,17.0,0.0,2001.0,6.0,14.0,2.0,3.0,24,Monsoon,2.0,1,1011,1071,Medium,1,1,47
2993,2001-06-16,2001-06-18,3.0,heavy rains,Maharashtra,8.0,6.0,2001.0,6.0,16.0,2.0,5.0,24,Monsoon,3.0,1,1011,1071,Low,0,1,47
2994,2001-06-16,2001-06-18,3.0,heavy rains,Maharashtra,21.0,0.0,2001.0,6.0,16.0,2.0,5.0,24,Monsoon,3.0,1,1011,1071,Medium,1,1,47
2995,2001-06-16,2001-06-18,3.0,heavy rains,Maharashtra,0.0,0.0,2001.0,6.0,16.0,2.0,5.0,24,Monsoon,3.0,1,1011,1071,No Fatality,0,1,47
2996,2001-06-16,2001-06-18,3.0,heavy rains,Maharashtra,6.0,0.0,2001.0,6.0,16.0,2.0,5.0,24,Monsoon,3.0,1,1011,1071,Low,0,1,47
2997,2001-07-09,2001-07-09,1.0,heavy rains,Maharashtra,0.0,0.0,2001.0,7.0,9.0,3.0,0.0,28,Monsoon,1.0,1,1011,1709,No Fatality,0,1,47
2998,2001-07-09,2001-07-10,2.0,heavy rains,Maharashtra,0.0,0.0,2001.0,7.0,9.0,3.0,0.0,28,Monsoon,2.0,1,1011,1709,No Fatality,0,1,47
2999,2001-07-09,2001-07-10,2.0,heavy rains,Maharashtra,2.0,0.0,2001.0,7.0,9.0,3.0,0.0,28,Monsoon,2.0,1,1011,1709,Low,0,1,47
3000,2001-07-09,2001-07-10,2.0,heavy rains,Maharashtra,1.0,0.0,2001.0,7.0,9.0,3.0,0.0,28,Monsoon,2.0,1,1011,1709,Low,0,1,47
3001,2001-07-11,2001-07-11,1.0,heavy rains,Maharashtra,0.0,0.0,2001.0,7.0,11.0,3.0,2.0,28,Monsoon,1.0,1,1011,1709,No Fatality,0,1,47
3002,2001-07-11,2001-07-11,1.0,heavy rains,Maharashtra,0.0,0.0,2001.0,7.0,11.0,3.0,2.0,28,Monsoon,1.0,1,1011,1709,No Fatality,0,1,47
3003,2001-07-18,2001-07-18,1.0,heavy rains,Maharashtra,0.0,0.0,2001.0,7.0,18.0,3.0,2.0,29,Monsoon,1.0,1,1011,1709,No Fatality,0,1,47
3004,2001-08-11,2001-08-11,1.0,heavy rains,Maharashtra,1.0,0.0,2001.0,8.0,11.0,3.0,5.0,32,Monsoon,1.0,1,1011,1382,Low,0,1,47
3005,2001-09-13,2001-09-13,1.0,heavy rains,Maharashtra,0.0,0.0,2001.0,9.0,13.0,3.0,3.0,37,Monsoon,1.0,1,1011,938,No Fatality,0,1,47
3006,2001-09-19,2001-09-19,1.0,heavy rains,Maharashtra,0.0,2.0,2001.0,9.0,19.0,3.0,2.0,38,Monsoon,1.0,1,1011,938,No Fatality,0,1,47
3007,2001-09-20,2001-09-20,1.0,heavy rains,Maharashtra,0.0,0.0,2001.0,9.0,20.0,3.0,3.0,38,Monsoon,1.0,1,1011,938,No Fatality,0,1,47
3008,2001-10-01,2001-10-01,1.0,heavy rains,Maharashtra,0.0,1.0,2001.0,10.0,1.0,4.0,0.0,40,Post-Monsoon,1.0,1,1011,501,No Fatality,0,0,47
3009,2001-10-03,2001-10-04,2.0,heavy rains,Maharashtra,0.0,0.0,2001.0,10.0,3.0,4.0,2.0,40,Post-Monsoon,2.0,1,1011,501,No Fatality,0,0,47
3010,2001-10-06,2001-10-09,4.0,heavy rains,Maharashtra,3.0,3.0,2001.0,10.0,6.0,4.0,5.0,40,Post-Monsoon,4.0,1,1011,501,Low,0,0,47
3011,2001-10-17,2001-10-18,2.0,heavy rains,Maharashtra,0.0,0.0,2001.0,10.0,17.0,4.0,2.0,42,Post-Monsoon,2.0,1,1011,501,No Fatality,0,0,47
3012,2001-06-30,2001-07-01,2.0,moderate flood,Manipur,0.0,0.0,2001.0,6.0,30.0,2.0,5.0,26,Monsoon,2.0,1,20,1071,No Fatality,0,1,50
3013,2001-06-05,2001-06-05,1.0,heavy rains,Meghalaya,8.0,12.0,2001.0,6.0,5.0,2.0,1.0,23,Monsoon,1.0,1,57,1071,Low,0,1,51
3014,2001-07-29,2001-07-29,1.0,flash flood,Meghalaya,0.0,2.0,2001.0,7.0,29.0,3.0,6.0,30,Monsoon,1.0,1,57,1709,No Fatality,0,1,51
3015,2001-07-08,2001-07-21,14.0,severe floods,Odisha,99.0,0.0,2001.0,7.0,8.0,3.0,6.0,27,Monsoon,14.0,1,144,1709,High,1,1,55
3016,2001-07-16,2001-07-16,1.0,heavy rains,Punjab,3.0,0.0,2001.0,7.0,16.0,3.0,0.0,29,Monsoon,1.0,1,171,1709,Low,0,1,61
3017,2001-08-14,2001-08-14,1.0,heavy rains,Punjab,6.0,0.0,2001.0,8.0,14.0,3.0,1.0,33,Monsoon,1.0,1,171,1382,Low,0,1,61
3018,2001-06-09,2001-06-09,1.0,heavy rains,Rajasthan,1.0,0.0,2001.0,6.0,9.0,2.0,5.0,23,Monsoon,1.0,1,259,1071,Low,0,1,62
3019,2001-06-16,2001-06-18,3.0,heavy rains,Rajasthan,0.0,2.0,2001.0,6.0,16.0,2.0,5.0,24,Monsoon,3.0,1,259,1071,No Fatality,0,1,62
3020,2001-06-16,2001-06-18,3.0,heavy rains,Rajasthan,0.0,2.0,2001.0,6.0,16.0,2.0,5.0,24,Monsoon,3.0,1,259,1071,No Fatality,0,1,62
3021,2001-06-16,2001-06-18,3.0,heavy rains,Rajasthan,4.0,0.0,2001.0,6.0,16.0,2.0,5.0,24,Monsoon,3.0,1,259,1071,Low,0,1,62
3022,2001-07-01,2001-07-03,3.0,heavy rains,Rajasthan,1.0,3.0,2001.0,7.0,1.0,3.0,6.0,26,Monsoon,3.0,1,259,1709,Low,0,1,62
3023,2001-07-10,2001-07-14,5.0,heavy rains,Rajasthan,0.0,5.0,2001.0,7.0,10.0,3.0,1.0,28,Monsoon,5.0,1,259,1709,No Fatality,0,1,62
3024,2001-08-14,2001-08-14,1.0,heavy rains,Rajasthan,0.0,3.0,2001.0,8.0,14.0,3.0,1.0,33,Monsoon,1.0,1,259,1382,No Fatality,0,1,62
3025,2001-06-05,2001-06-06,2.0,flash flood,Tripura,0.0,2.0,2001.0,6.0,5.0,2.0,1.0,23,Monsoon,2.0,1,47,1071,No Fatality,0,1,68
3026,2001-09-19,2001-09-19,1.0,flash flood,Tripura,1.0,0.0,2001.0,9.0,19.0,3.0,2.0,38,Monsoon,1.0,1,47,938,Low,0,1,68
3027,2001-07-06,2001-07-06,1.0,heavy rains,Uttarakhand,10.0,0.0,2001.0,7.0,6.0,3.0,4.0,27,Monsoon,1.0,1,107,1709,Low,0,1,78
3028,2001-07-16,2001-07-16,1.0,heavy rains,Uttarakhand,25.0,0.0,2001.0,7.0,16.0,3.0,0.0,29,Monsoon,1.0,1,107,1709,Medium,1,1,78
3029,2001-07-18,2001-07-18,1.0,heavy rains,Uttarakhand,26.0,0.0,2001.0,7.0,18.0,3.0,2.0,29,Monsoon,1.0,1,107,1709,Medium,1,1,78
3030,2001-08-04,2001-08-04,1.0,heavy rains,"Uttar Pradesh, Uttarakhand",0.0,0.0,2001.0,8.0,4.0,3.0,5.0,31,Monsoon,1.0,1,13,1382,No Fatality,0,1,76
3031,2001-09-01,2001-09-14,14.0,severe floods,"Uttar Pradesh, Uttarakhand",212.0,0.0,2001.0,9.0,1.0,3.0,5.0,35,Monsoon,14.0,1,13,938,High,1,1,76
3032,2001-06-22,2001-06-22,1.0,heavy rains,West Bengal,0.0,50.0,2001.0,6.0,22.0,2.0,4.0,25,Monsoon,1.0,1,330,1071,No Fatality,0,1,79
3033,2001-06-10,2001-06-13,4.0,heavy rains,West Bengal,0.0,0.0,2001.0,6.0,10.0,2.0,6.0,23,Monsoon,4.0,1,330,1071,No Fatality,0,1,79
3034,2001-07-22,2001-07-22,1.0,heavy rains,West Bengal,0.0,0.0,2001.0,7.0,22.0,3.0,6.0,29,Monsoon,1.0,1,330,1709,No Fatality,0,1,79
3035,2001-07-28,2001-07-29,2.0,heavy rains,West Bengal,0.0,0.0,2001.0,7.0,28.0,3.0,5.0,30,Monsoon,2.0,1,330,1709,No Fatality,0,1,79
3036,2001-08-08,2001-08-14,7.0,moderate flood,West Bengal,0.0,0.0,2001.0,8.0,8.0,3.0,2.0,32,Monsoon,7.0,1,330,1382,No Fatality,0,1,79
3037,2001-09-01,2001-09-14,14.0,moderate flood,West Bengal,0.0,0.0,2001.0,9.0,1.0,3.0,5.0,35,Monsoon,14.0,1,330,938,No Fatality,0,1,79
3038,2001-10-01,2001-10-14,14.0,moderate flood,West Bengal,2.0,8.0,2001.0,10.0,1.0,4.0,0.0,40,Post-Monsoon,14.0,1,330,501,Low,0,0,79
3039,2002-08-23,2002-08-27,5.0,heavy rains,Andhra Pradesh,4.0,0.0,2002.0,8.0,23.0,3.0,4.0,34,Monsoon,5.0,1,150,1382,Low,0,1,1
3040,2002-08-26,2002-08-27,2.0,heavy rains,Andhra Pradesh,3.0,0.0,2002.0,8.0,26.0,3.0,0.0,35,Monsoon,2.0,1,150,1382,Low,0,1,1
3041,2002-08-04,2002-08-04,1.0,flash flood(jia bhareli),Arunachal Pradesh,0.0,8.0,2002.0,8.0,4.0,3.0,6.0,31,Monsoon,1.0,1,150,1382,No Fatality,0,1,4
3042,2002-05-08,2002-05-08,1.0,flash flood(bamai),Assam,0.0,0.0,2002.0,5.0,8.0,2.0,2.0,19,Summer,1.0,1,908,479,No Fatality,0,0,5
3043,2002-05-26,2002-05-26,1.0,flash flood(singla),Assam,0.0,5.0,2002.0,5.0,26.0,2.0,6.0,21,Summer,1.0,1,908,479,No Fatality,0,0,5
3044,2002-06-16,2002-06-22,7.0,"severe flood(brahmaputra,its tributaries)",Assam,0.0,0.0,2002.0,6.0,16.0,2.0,6.0,24,Monsoon,7.0,1,908,1071,No Fatality,0,1,5
3045,2002-07-01,2002-08-19,50.0,"severe flood(brahmaputra,its tributaries)",Assam,41.0,0.0,2002.0,7.0,1.0,3.0,0.0,27,Monsoon,50.0,1,908,1709,Medium,1,1,5
3046,2002-07-03,2002-07-03,1.0,flash flood,"Bihar, Jharkhand",0.0,1.0,2002.0,7.0,3.0,3.0,2.0,27,Monsoon,1.0,1,7,1709,No Fatality,0,1,11
3047,2002-07-25,2002-08-21,28.0,"severe flood(adhwara, burhi gandak, gandak, kosi,pun pun","Bihar, Jharkhand",321.0,0.0,2002.0,7.0,25.0,3.0,3.0,30,Monsoon,28.0,1,7,1709,High,1,1,11
3048,2002-09-24,2002-09-25,2.0,heavy rains,"Bihar, Jharkhand",0.0,0.0,2002.0,9.0,24.0,3.0,1.0,39,Monsoon,2.0,1,7,938,No Fatality,0,1,11
3049,2002-06-25,2002-06-29,5.0,heavy rains,Gujarat,58.0,0.0,2002.0,6.0,25.0,2.0,1.0,26,Monsoon,5.0,1,168,1071,High,1,1,26
3050,2002-08-22,2002-08-28,7.0,heavy rains,Gujarat,17.0,0.0,2002.0,8.0,22.0,3.0,3.0,34,Monsoon,7.0,1,168,1382,Medium,1,1,26
3051,2002-09-04,2002-09-05,2.0,"flash flood (narmada,tapi)",Gujarat,28.0,0.0,2002.0,9.0,4.0,3.0,2.0,36,Monsoon,2.0,1,168,938,Medium,1,1,26
3052,2002-08-14,2002-08-14,1.0,heavy rains,Haryana ,3.0,2.0,2002.0,8.0,14.0,3.0,2.0,33,Monsoon,1.0,1,29,1382,Low,0,1,28
3053,2002-08-15,2002-08-15,1.0,heavy rains,Haryana ,0.0,0.0,2002.0,8.0,15.0,3.0,3.0,33,Monsoon,1.0,1,29,1382,No Fatality,0,1,28
3054,2002-09-13,2002-09-13,1.0,heavy rains,Haryana ,3.0,3.0,2002.0,9.0,13.0,3.0,4.0,37,Monsoon,1.0,1,29,938,Low,0,1,28
3055,2002-09-15,2002-09-15,1.0,heavy rains,Haryana ,0.0,0.0,2002.0,9.0,15.0,3.0,6.0,37,Monsoon,1.0,1,29,938,No Fatality,0,1,28
3056,2002-06-26,2002-06-26,1.0,heavy rains,Himachal Pradesh,5.0,16.0,2002.0,6.0,26.0,2.0,2.0,26,Monsoon,1.0,1,362,1071,Low,0,1,29
3057,2002-08-03,2002-08-03,1.0,flash flood,Himachal Pradesh,0.0,3.0,2002.0,8.0,3.0,3.0,5.0,31,Monsoon,1.0,1,362,1382,No Fatality,0,1,29
3058,2002-08-04,2002-08-04,1.0,heavy rains,Himachal Pradesh,0.0,0.0,2002.0,8.0,4.0,3.0,6.0,31,Monsoon,1.0,1,362,1382,No Fatality,0,1,29
3059,2002-08-12,2002-08-12,1.0,flash flood,Himachal Pradesh,0.0,0.0,2002.0,8.0,12.0,3.0,0.0,33,Monsoon,1.0,1,362,1382,No Fatality,0,1,29
3060,2002-08-15,2002-08-15,1.0,heavy rains,Himachal Pradesh,4.0,0.0,2002.0,8.0,15.0,3.0,3.0,33,Monsoon,1.0,1,362,1382,Low,0,1,29
3061,2002-09-11,2002-09-11,1.0,heavy rains,Himachal Pradesh,0.0,0.0,2002.0,9.0,11.0,3.0,2.0,37,Monsoon,1.0,1,362,938,No Fatality,0,1,29
3062,2002-09-13,2002-09-13,1.0,heavy rains,Himachal Pradesh,6.0,0.0,2002.0,9.0,13.0,3.0,4.0,37,Monsoon,1.0,1,362,938,Low,0,1,29
3063,2002-06-15,2002-06-15,1.0,heavy rains,Karnataka,0.0,0.0,2002.0,6.0,15.0,2.0,5.0,24,Monsoon,1.0,1,491,1071,No Fatality,0,1,37
3064,2002-06-18,2002-06-18,1.0,heavy rains,Karnataka,0.0,1.0,2002.0,6.0,18.0,2.0,1.0,25,Monsoon,1.0,1,491,1071,No Fatality,0,1,37
3065,2002-10-09,2002-10-13,5.0,heavy rains,Karnataka,0.0,0.0,2002.0,10.0,9.0,4.0,2.0,41,Post-Monsoon,5.0,1,491,501,No Fatality,0,0,37
3066,2002-10-13,2002-10-13,1.0,heavy rains,Karnataka,0.0,0.0,2002.0,10.0,13.0,4.0,6.0,41,Post-Monsoon,1.0,1,491,501,No Fatality,0,0,37
3067,2002-10-14,2002-10-16,3.0,heavy rains,Karnataka,9.0,0.0,2002.0,10.0,14.0,4.0,0.0,42,Post-Monsoon,3.0,1,491,501,Low,0,0,37
3068,2002-06-11,2002-06-13,3.0,heavy rains,Kerala,2.0,0.0,2002.0,6.0,11.0,2.0,1.0,24,Monsoon,3.0,1,604,1071,Low,0,1,39
3069,2002-07-12,2002-07-12,1.0,heavy rains,Kerala,1.0,0.0,2002.0,7.0,12.0,3.0,4.0,28,Monsoon,1.0,1,604,1709,Low,0,1,39
3070,2002-08-16,2002-08-16,1.0,heavy rains,Kerala,3.0,0.0,2002.0,8.0,16.0,3.0,4.0,33,Monsoon,1.0,1,604,1382,Low,0,1,39
3071,2002-10-12,2002-10-13,2.0,heavy rains,Kerala,2.0,2.0,2002.0,10.0,12.0,4.0,5.0,41,Post-Monsoon,2.0,1,604,501,Low,0,0,39
3072,2002-10-13,2002-10-16,4.0,heavy rains,Kerala,11.0,0.0,2002.0,10.0,13.0,4.0,6.0,41,Post-Monsoon,4.0,1,604,501,Medium,1,0,39
3073,2002-06-27,2002-06-27,1.0,heavy rains,"Madhya Pradesh,  Chhattisgarh",6.0,0.0,2002.0,6.0,27.0,2.0,3.0,26,Monsoon,1.0,1,17,1071,Low,0,1,44
3074,2002-06-18,2002-06-25,8.0,severe flood(tapi),"Madhya Pradesh,  Chhattisgarh",25.0,0.0,2002.0,6.0,18.0,2.0,1.0,25,Monsoon,8.0,1,17,1071,Medium,1,1,44
3075,2002-06-08,2002-06-08,1.0,heavy rains,Maharashtra,0.0,0.0,2002.0,6.0,8.0,2.0,5.0,23,Monsoon,1.0,1,1011,1071,No Fatality,0,1,47
3076,2002-06-22,2002-06-28,7.0,heavy rains,Maharashtra,94.0,0.0,2002.0,6.0,22.0,2.0,5.0,25,Monsoon,7.0,1,1011,1071,High,1,1,47
3077,2002-08-05,2002-08-07,3.0,heavy rains,Maharashtra,10.0,0.0,2002.0,8.0,5.0,3.0,0.0,32,Monsoon,3.0,1,1011,1382,Low,0,1,47
3078,2002-08-09,2002-08-09,1.0,heavy rains,Maharashtra,0.0,0.0,2002.0,8.0,9.0,3.0,4.0,32,Monsoon,1.0,1,1011,1382,No Fatality,0,1,47
3079,2002-08-07,2002-08-10,4.0,heavy rains,Maharashtra,0.0,0.0,2002.0,8.0,7.0,3.0,2.0,32,Monsoon,4.0,1,1011,1382,No Fatality,0,1,47
3080,2002-08-11,2002-08-11,1.0,heavy rains,Maharashtra,0.0,0.0,2002.0,8.0,11.0,3.0,6.0,32,Monsoon,1.0,1,1011,1382,No Fatality,0,1,47
3081,2002-08-22,2002-08-24,3.0,heavy rains,Maharashtra,15.0,4.0,2002.0,8.0,22.0,3.0,3.0,34,Monsoon,3.0,1,1011,1382,Medium,1,1,47
3082,2002-09-01,2002-09-02,2.0,heavy rains,Maharashtra,0.0,1.0,2002.0,9.0,1.0,3.0,6.0,35,Monsoon,2.0,1,1011,938,No Fatality,0,1,47
3083,2002-09-01,2002-09-04,4.0,Unknown,Maharashtra,35.0,0.0,2002.0,9.0,1.0,3.0,6.0,35,Monsoon,4.0,1,1011,938,Medium,1,1,47
3084,2002-09-01,2002-09-04,4.0,heavy rains,Maharashtra,0.0,0.0,2002.0,9.0,1.0,3.0,6.0,35,Monsoon,4.0,1,1011,938,No Fatality,0,1,47
3085,2002-09-04,2002-09-04,1.0,heavy rains,Maharashtra,5.0,0.0,2002.0,9.0,4.0,3.0,2.0,36,Monsoon,1.0,1,1011,938,Low,0,1,47
3086,2002-09-15,2002-09-15,1.0,heavy rains,Maharashtra,0.0,0.0,2002.0,9.0,15.0,3.0,6.0,37,Monsoon,1.0,1,1011,938,No Fatality,0,1,47
3087,2002-08-14,2002-08-20,7.0,"moderate flood (imphal, iril, nambul, thoubal,wangiing",Manipur,3.0,0.0,2002.0,8.0,14.0,3.0,2.0,33,Monsoon,7.0,1,20,1382,Low,0,1,50
3088,2002-06-20,2002-06-20,1.0,flash flood,Meghalaya,0.0,0.0,2002.0,6.0,20.0,2.0,3.0,25,Monsoon,1.0,1,57,1071,No Fatality,0,1,51
3089,2002-07-01,2002-07-01,1.0,floash flood(jinjiram andrangai),Meghalaya,1.0,0.0,2002.0,7.0,1.0,3.0,0.0,27,Monsoon,1.0,1,57,1709,Low,0,1,51
3090,2002-08-21,2002-08-21,1.0,heavy rains,Mizoram,0.0,0.0,2002.0,8.0,21.0,3.0,2.0,34,Monsoon,1.0,1,27,1382,No Fatality,0,1,52
3091,2002-09-14,2002-09-15,2.0,heavy rains,Punjab,2.0,0.0,2002.0,9.0,14.0,3.0,5.0,37,Monsoon,2.0,1,171,938,Low,0,1,61
3092,2002-08-02,2002-08-02,1.0,heavy rains,Sikkim,4.0,0.0,2002.0,8.0,2.0,3.0,4.0,31,Monsoon,1.0,1,64,1382,Low,0,1,65
3093,2002-01-31,2002-02-02,3.0,heavy rains,Tamil Nadu,11.0,0.0,2002.0,1.0,31.0,1.0,3.0,5,Winter,3.0,1,188,108,Medium,1,0,66
3094,2002-10-27,2002-10-31,5.0,heavy rains,Tamil Nadu,20.0,0.0,2002.0,10.0,27.0,4.0,6.0,43,Post-Monsoon,5.0,1,188,501,Medium,1,0,66
3095,2002-11-01,2002-11-11,11.0,heavy rains,Tamil Nadu,20.0,0.0,2002.0,11.0,1.0,4.0,4.0,44,Post-Monsoon,11.0,1,188,194,Medium,1,0,66
3096,2002-02-12,2002-02-12,1.0,heavy rains,Uttar Pradesh,16.0,0.0,2002.0,2.0,12.0,1.0,1.0,7,Winter,1.0,1,448,66,Medium,1,0,69
3097,2002-08-11,2002-08-11,1.0,heavy rains,Uttarakhand,33.0,0.0,2002.0,8.0,11.0,3.0,6.0,32,Monsoon,1.0,1,107,1382,Medium,1,1,78
3098,2002-08-20,2002-08-22,3.0,heavy rains,Uttar Pradesh,4.0,0.0,2002.0,8.0,20.0,3.0,1.0,34,Monsoon,3.0,1,448,1382,Low,0,1,69
3099,2002-09-07,2002-09-13,7.0,"moderate flood(ganga, yamuna,sohali)",Uttar Pradesh,10.0,0.0,2002.0,9.0,7.0,3.0,5.0,36,Monsoon,7.0,1,448,938,Low,0,1,69
3100,2002-09-12,2002-09-12,1.0,heavy rains,Uttarakhand,0.0,0.0,2002.0,9.0,12.0,3.0,3.0,37,Monsoon,1.0,1,107,938,No Fatality,0,1,78
3101,2002-09-14,2002-09-14,1.0,heavy rains,Uttar Pradesh,11.0,0.0,2002.0,9.0,14.0,3.0,5.0,37,Monsoon,1.0,1,448,938,Medium,1,1,69
3102,2002-06-25,2002-06-25,1.0,heavy rains,West Bengal,1.0,12.0,2002.0,6.0,25.0,2.0,1.0,26,Monsoon,1.0,1,330,1071,Low,0,1,79
3103,2002-07-02,2002-07-02,1.0,heavy rains,West Bengal,0.0,0.0,2002.0,7.0,2.0,3.0,1.0,27,Monsoon,1.0,1,330,1709,No Fatality,0,1,79
3104,2002-07-22,2002-07-22,1.0,heavy rains,West Bengal,1.0,0.0,2002.0,7.0,22.0,3.0,0.0,30,Monsoon,1.0,1,330,1709,Low,0,1,79
3105,2002-09-20,2002-09-20,1.0,heavy rains,West Bengal,0.0,0.0,2002.0,9.0,20.0,3.0,4.0,38,Monsoon,1.0,1,330,938,No Fatality,0,1,79
3106,2003-07-19,2003-07-20,2.0,heavy rains,Arunachal Pradesh,2.0,0.0,2003.0,7.0,19.0,3.0,5.0,29,Monsoon,2.0,1,150,1709,Low,0,1,4
3107,2003-06-07,2003-06-07,1.0,flash flood(jiadhol),Assam,0.0,0.0,2003.0,6.0,7.0,2.0,5.0,23,Monsoon,1.0,1,908,1071,No Fatality,0,1,5
3108,2003-06-08,2003-07-21,44.0,"severe flood(brahmaputra,its tributaries)",Assam,38.0,0.0,2003.0,6.0,8.0,2.0,6.0,23,Monsoon,44.0,1,908,1071,Medium,1,1,5
3109,2003-08-15,2003-08-21,7.0,"moderate flood(dhansiri, etc)",Assam,0.0,0.0,2003.0,8.0,15.0,3.0,4.0,33,Monsoon,7.0,1,908,1382,No Fatality,0,1,5
3110,2003-08-29,2003-08-29,1.0,heavy rains,Assam,0.0,1.0,2003.0,8.0,29.0,3.0,4.0,35,Monsoon,1.0,1,908,1382,No Fatality,0,1,5
3111,2003-09-02,2003-09-02,1.0,flash flood(salengi),Assam,0.0,0.0,2003.0,9.0,2.0,3.0,1.0,36,Monsoon,1.0,1,908,938,No Fatality,0,1,5
3112,2003-09-22,2003-09-22,1.0,flash flood(jiabharali),Assam,0.0,1.0,2003.0,9.0,22.0,3.0,0.0,39,Monsoon,1.0,1,908,938,No Fatality,0,1,5
3113,2003-10-04,2003-10-04,1.0,flash flood(gavoru),Assam,0.0,0.0,2003.0,10.0,4.0,4.0,5.0,40,Post-Monsoon,1.0,1,908,501,No Fatality,0,0,5
3114,2003-10-09,2003-10-09,1.0,heavy rains,Assam,2.0,0.0,2003.0,10.0,9.0,4.0,3.0,41,Post-Monsoon,1.0,1,908,501,Low,0,0,5
3115,2003-10-11,2003-10-11,1.0,flash flood(barpani),Assam,0.0,1.0,2003.0,10.0,11.0,4.0,5.0,41,Post-Monsoon,1.0,1,908,501,No Fatality,0,0,5
3116,2003-10-15,2003-10-15,1.0,heavy rains,Assam,0.0,0.0,2003.0,10.0,15.0,4.0,2.0,42,Post-Monsoon,1.0,1,908,501,No Fatality,0,0,5
3117,2003-10-29,2003-10-29,1.0,heavy rains,Assam,1.0,0.0,2003.0,10.0,29.0,4.0,2.0,44,Post-Monsoon,1.0,1,908,501,Low,0,0,5
3118,2003-06-17,2003-06-17,1.0,flash flood,Bihar ,0.0,0.0,2003.0,6.0,17.0,2.0,1.0,25,Monsoon,1.0,1,5,1071,No Fatality,0,1,10
3119,2003-06-22,2003-07-07,16.0,"severe flood(bagmati, kosi,kamala balan)",Bihar ,25.0,0.0,2003.0,6.0,22.0,2.0,6.0,25,Monsoon,16.0,1,5,1071,Medium,1,1,10
3120,2003-08-01,2003-08-14,14.0,"severe flood(ganga, bagmati, kosi, mahananda. adhwara, gandak,burhi gandak)",Bihar ,75.0,0.0,2003.0,8.0,1.0,3.0,4.0,31,Monsoon,14.0,1,5,1382,High,1,1,10
3121,2003-09-09,2003-09-11,3.0,severe flood,Bihar ,140.0,0.0,2003.0,9.0,9.0,3.0,1.0,37,Monsoon,3.0,1,5,938,High,1,1,10
3122,2003-09-22,2003-09-28,7.0,"severe flood( ganga,its tributaries)",Bihar ,179.0,0.0,2003.0,9.0,22.0,3.0,0.0,39,Monsoon,7.0,1,5,938,High,1,1,10
3123,2003-07-21,2003-07-26,6.0,heavy rains,Chhattisgarh,0.0,3.0,2003.0,7.0,21.0,3.0,0.0,30,Monsoon,6.0,1,52,1709,No Fatality,0,1,17
3124,2003-08-28,2003-08-28,1.0,heavy rains,Chhattisgarh,0.0,0.0,2003.0,8.0,28.0,3.0,3.0,35,Monsoon,1.0,1,52,1382,No Fatality,0,1,17
3125,2003-06-18,2003-06-18,1.0,heavy rains,Gujarat,2.0,0.0,2003.0,6.0,18.0,2.0,2.0,25,Monsoon,1.0,1,168,1071,Low,0,1,26
3126,2003-07-26,2003-07-26,1.0,heavy rains,Gujarat,11.0,0.0,2003.0,7.0,26.0,3.0,5.0,30,Monsoon,1.0,1,168,1709,Medium,1,1,26
3127,2003-08-01,2003-08-31,31.0,heavy rains,Gujarat,76.0,0.0,2003.0,8.0,1.0,3.0,4.0,31,Monsoon,31.0,1,168,1382,High,1,1,26
3128,2003-07-12,2003-07-12,1.0,heavy rains,Haryana ,4.0,0.0,2003.0,7.0,12.0,3.0,5.0,28,Monsoon,1.0,1,29,1709,Low,0,1,28
3129,2003-07-16,2003-07-16,1.0,heavy rains,Haryana ,2.0,0.0,2003.0,7.0,16.0,3.0,2.0,29,Monsoon,1.0,1,29,1709,Low,0,1,28
3130,2003-07-17,2003-07-17,1.0,heavy rains,Haryana ,1.0,0.0,2003.0,7.0,17.0,3.0,3.0,29,Monsoon,1.0,1,29,1709,Low,0,1,28
3131,2003-07-21,2003-07-21,1.0,heavy rains,Haryana ,2.0,0.0,2003.0,7.0,21.0,3.0,0.0,30,Monsoon,1.0,1,29,1709,Low,0,1,28
3132,2003-07-08,2003-07-08,1.0,heavy rains,Himachal Pradesh,0.0,0.0,2003.0,7.0,8.0,3.0,1.0,28,Monsoon,1.0,1,362,1709,No Fatality,0,1,29
3133,2003-07-16,2003-07-16,1.0,heavy rains,Himachal Pradesh,150.0,0.0,2003.0,7.0,16.0,3.0,2.0,29,Monsoon,1.0,1,362,1709,High,1,1,29
3134,2003-07-20,2003-07-20,1.0,heavy rains,Himachal Pradesh,0.0,0.0,2003.0,7.0,20.0,3.0,6.0,29,Monsoon,1.0,1,362,1709,No Fatality,0,1,29
3135,2003-07-24,2003-07-24,1.0,heavy rains,Himachal Pradesh,2.0,0.0,2003.0,7.0,24.0,3.0,3.0,30,Monsoon,1.0,1,362,1709,Low,0,1,29
3136,2003-07-26,2003-07-26,1.0,heavy rains,Himachal Pradesh,3.0,1.0,2003.0,7.0,26.0,3.0,5.0,30,Monsoon,1.0,1,362,1709,Low,0,1,29
3137,2003-07-31,2003-07-31,1.0,heavy rains,Himachal Pradesh,5.0,2.0,2003.0,7.0,31.0,3.0,3.0,31,Monsoon,1.0,1,362,1709,Low,0,1,29
3138,2003-08-02,2003-08-02,1.0,heavy rains,Himachal Pradesh,0.0,1.0,2003.0,8.0,2.0,3.0,5.0,31,Monsoon,1.0,1,362,1382,No Fatality,0,1,29
3139,2003-08-03,2003-08-03,1.0,heavy rains,Himachal Pradesh,1.0,0.0,2003.0,8.0,3.0,3.0,6.0,31,Monsoon,1.0,1,362,1382,Low,0,1,29
3140,2003-08-05,2003-08-05,1.0,heavy rains,Himachal Pradesh,0.0,4.0,2003.0,8.0,5.0,3.0,1.0,32,Monsoon,1.0,1,362,1382,No Fatality,0,1,29
3141,2003-08-07,2003-08-08,2.0,flash flood,Himachal Pradesh,0.0,60.0,2003.0,8.0,7.0,3.0,3.0,32,Monsoon,2.0,1,362,1382,No Fatality,0,1,29
3142,2003-06-21,2003-06-24,4.0,heavy rains,Karnataka,13.0,0.0,2003.0,6.0,21.0,2.0,5.0,25,Monsoon,4.0,1,491,1071,Medium,1,1,37
3143,2003-07-16,2003-07-16,1.0,heavy rains,Karnataka,0.0,1.0,2003.0,7.0,16.0,3.0,2.0,29,Monsoon,1.0,1,491,1709,No Fatality,0,1,37
3144,2003-08-20,2003-08-22,3.0,heavy rains,Karnataka,6.0,0.0,2003.0,8.0,20.0,3.0,2.0,34,Monsoon,3.0,1,491,1382,Low,0,1,37
3145,2003-08-27,2003-08-27,1.0,heavy rains,Karnataka,0.0,0.0,2003.0,8.0,27.0,3.0,2.0,35,Monsoon,1.0,1,491,1382,No Fatality,0,1,37
3146,2003-10-03,2003-10-06,4.0,heavy rains,Karnataka,1.0,0.0,2003.0,10.0,3.0,4.0,4.0,40,Post-Monsoon,4.0,1,491,501,Low,0,0,37
3147,2003-10-12,2003-10-13,2.0,heavy rains,Karnataka,3.0,0.0,2003.0,10.0,12.0,4.0,6.0,41,Post-Monsoon,2.0,1,491,501,Low,0,0,37
3148,2003-10-21,2003-10-21,1.0,heavy rains,Karnataka,0.0,0.0,2003.0,10.0,21.0,4.0,1.0,43,Post-Monsoon,1.0,1,491,501,No Fatality,0,0,37
3149,2003-10-23,2003-10-23,1.0,heavy rains,Karnataka,0.0,1.0,2003.0,10.0,23.0,4.0,3.0,43,Post-Monsoon,1.0,1,491,501,No Fatality,0,0,37
3150,2003-06-18,2003-06-24,7.0,heavy rains,Kerala,6.0,3.0,2003.0,6.0,18.0,2.0,2.0,25,Monsoon,7.0,1,604,1071,Low,0,1,39
3151,2003-07-04,2003-07-04,1.0,heavy rains,Kerala,1.0,0.0,2003.0,7.0,4.0,3.0,4.0,27,Monsoon,1.0,1,604,1709,Low,0,1,39
3152,2003-07-06,2003-07-06,1.0,heavy rains,Kerala,4.0,2.0,2003.0,7.0,6.0,3.0,6.0,27,Monsoon,1.0,1,604,1709,Low,0,1,39
3153,2003-07-15,2003-07-15,1.0,heavy rains,Kerala,0.0,1.0,2003.0,7.0,15.0,3.0,1.0,29,Monsoon,1.0,1,604,1709,No Fatality,0,1,39
3154,2003-10-02,2003-10-02,1.0,heavy rains,Kerala,0.0,2.0,2003.0,10.0,2.0,4.0,3.0,40,Post-Monsoon,1.0,1,604,501,No Fatality,0,0,39
3155,2003-10-05,2003-10-07,3.0,heavy rains,Kerala,1.0,3.0,2003.0,10.0,5.0,4.0,6.0,40,Post-Monsoon,3.0,1,604,501,Low,0,0,39
3156,2003-10-23,2003-10-23,1.0,heavy rains,Kerala,0.0,0.0,2003.0,10.0,23.0,4.0,3.0,43,Post-Monsoon,1.0,1,604,501,No Fatality,0,0,39
3157,2003-06-26,2003-06-26,1.0,heavy rains,Madhya Pradesh,1.0,0.0,2003.0,6.0,26.0,2.0,3.0,26,Monsoon,1.0,1,238,1071,Low,0,1,43
3158,2003-07-14,2003-07-15,2.0,heavy rains,Madhya Pradesh,0.0,0.0,2003.0,7.0,14.0,3.0,0.0,29,Monsoon,2.0,1,238,1709,No Fatality,0,1,43
3159,2003-07-20,2003-07-20,1.0,heavy rains,Madhya Pradesh,0.0,0.0,2003.0,7.0,20.0,3.0,6.0,29,Monsoon,1.0,1,238,1709,No Fatality,0,1,43
3160,2003-07-26,2003-07-26,1.0,heavy rains,Madhya Pradesh,3.0,0.0,2003.0,7.0,26.0,3.0,5.0,30,Monsoon,1.0,1,238,1709,Low,0,1,43
3161,2003-08-10,2003-08-10,1.0,heavy rains,Madhya Pradesh,1.0,18.0,2003.0,8.0,10.0,3.0,6.0,32,Monsoon,1.0,1,238,1382,Low,0,1,43
3162,2003-08-30,2003-08-30,1.0,heavy rains,Madhya Pradesh,0.0,0.0,2003.0,8.0,30.0,3.0,5.0,35,Monsoon,1.0,1,238,1382,No Fatality,0,1,43
3163,2003-09-08,2003-09-08,1.0,flash flood,Madhya Pradesh,10.0,0.0,2003.0,9.0,8.0,3.0,0.0,37,Monsoon,1.0,1,238,938,Low,0,1,43
3164,2003-09-10,2003-09-15,6.0,heavy rains,Madhya Pradesh,35.0,0.0,2003.0,9.0,10.0,3.0,2.0,37,Monsoon,6.0,1,238,938,Medium,1,1,43
3165,2003-06-11,2003-06-11,1.0,heavy rains,Maharashtra,0.0,0.0,2003.0,6.0,11.0,2.0,2.0,24,Monsoon,1.0,1,1011,1071,No Fatality,0,1,47
3166,2003-06-19,2003-06-21,3.0,heavy rains,Maharashtra,1.0,1.0,2003.0,6.0,19.0,2.0,3.0,25,Monsoon,3.0,1,1011,1071,Low,0,1,47
3167,2003-06-22,2003-06-22,1.0,heavy rains,Maharashtra,0.0,0.0,2003.0,6.0,22.0,2.0,6.0,25,Monsoon,1.0,1,1011,1071,No Fatality,0,1,47
3168,2003-06-23,2003-06-23,1.0,heavy rains,Maharashtra,0.0,4.0,2003.0,6.0,23.0,2.0,0.0,26,Monsoon,1.0,1,1011,1071,No Fatality,0,1,47
3169,2003-06-24,2003-06-24,1.0,heavy rains,Maharashtra,37.0,27.0,2003.0,6.0,24.0,2.0,1.0,26,Monsoon,1.0,1,1011,1071,Medium,1,1,47
3170,2003-06-28,2003-06-29,2.0,heavy rains,Maharashtra,4.0,0.0,2003.0,6.0,28.0,2.0,5.0,26,Monsoon,2.0,1,1011,1071,Low,0,1,47
3171,2003-07-07,2003-07-07,1.0,heavy rains,Maharashtra,0.0,2.0,2003.0,7.0,7.0,3.0,0.0,28,Monsoon,1.0,1,1011,1709,No Fatality,0,1,47
3172,2003-07-29,2003-07-29,1.0,flash flood(narmada),Maharashtra,0.0,0.0,2003.0,7.0,29.0,3.0,1.0,31,Monsoon,1.0,1,1011,1709,No Fatality,0,1,47
3173,2003-10-01,2003-10-01,1.0,heavy rains,Maharashtra,0.0,0.0,2003.0,10.0,1.0,4.0,2.0,40,Post-Monsoon,1.0,1,1011,501,No Fatality,0,0,47
3174,2003-10-02,2003-10-02,1.0,heavy rains,Maharashtra,1.0,8.0,2003.0,10.0,2.0,4.0,3.0,40,Post-Monsoon,1.0,1,1011,501,Low,0,0,47
3175,2003-10-08,2003-10-08,1.0,heavy rains,Maharashtra,4.0,0.0,2003.0,10.0,8.0,4.0,2.0,41,Post-Monsoon,1.0,1,1011,501,Low,0,0,47
3176,2003-10-31,2003-10-31,1.0,heavy rains,Maharashtra,0.0,0.0,2003.0,10.0,31.0,4.0,4.0,44,Post-Monsoon,1.0,1,1011,501,No Fatality,0,0,47
3177,2003-11-01,2003-11-02,2.0,heavy rains,Maharashtra,0.0,0.0,2003.0,11.0,1.0,4.0,5.0,44,Post-Monsoon,2.0,1,1011,194,No Fatality,0,0,47
3178,2003-06-30,2003-06-30,1.0,heavy rains,Meghalaya,0.0,2.0,2003.0,6.0,30.0,2.0,0.0,27,Monsoon,1.0,1,57,1071,No Fatality,0,1,51
3179,2003-10-09,2003-10-09,1.0,flash flood(umshyrpi),Meghalaya,0.0,1.0,2003.0,10.0,9.0,4.0,3.0,41,Post-Monsoon,1.0,1,57,501,No Fatality,0,0,51
3180,2003-08-19,2003-08-19,1.0,heavy rains,Mizoram,3.0,0.0,2003.0,8.0,19.0,3.0,1.0,34,Monsoon,1.0,1,27,1382,Low,0,1,52
3181,2003-08-01,2003-08-28,28.0,"severe flood(mahanadi,its triutaries)",Odisha,10.0,0.0,2003.0,8.0,1.0,3.0,4.0,31,Monsoon,28.0,1,144,1382,Low,0,1,55
3182,2003-09-01,2003-09-30,30.0,severe flood,Odisha,60.0,0.0,2003.0,9.0,1.0,3.0,0.0,36,Monsoon,30.0,1,144,938,High,1,1,55
3183,2003-10-01,2003-10-14,14.0,severe flood,Odisha,32.0,0.0,2003.0,10.0,1.0,4.0,2.0,40,Post-Monsoon,14.0,1,144,501,Medium,1,0,55
3184,2003-08-02,2003-08-02,1.0,heavy rains,Punjab,1.0,1.0,2003.0,8.0,2.0,3.0,5.0,31,Monsoon,1.0,1,171,1382,Low,0,1,61
3185,2003-06-14,2003-06-14,1.0,heavy rains,Rajasthan,1.0,0.0,2003.0,6.0,14.0,2.0,5.0,24,Monsoon,1.0,1,259,1071,Low,0,1,62
3186,2003-06-18,2003-06-18,1.0,heavy rains,Rajasthan,9.0,0.0,2003.0,6.0,18.0,2.0,2.0,25,Monsoon,1.0,1,259,1071,Low,0,1,62
3187,2003-06-19,2003-06-19,1.0,heavy rains,Rajasthan,1.0,0.0,2003.0,6.0,19.0,2.0,3.0,25,Monsoon,1.0,1,259,1071,Low,0,1,62
3188,2003-06-22,2003-06-22,1.0,heavy rains,Rajasthan,0.0,0.0,2003.0,6.0,22.0,2.0,6.0,25,Monsoon,1.0,1,259,1071,No Fatality,0,1,62
3189,2003-07-06,2003-07-06,1.0,heavy rains,Rajasthan,0.0,1.0,2003.0,7.0,6.0,3.0,6.0,27,Monsoon,1.0,1,259,1709,No Fatality,0,1,62
3190,2003-07-10,2003-07-13,4.0,heavy rains,Rajasthan,21.0,0.0,2003.0,7.0,10.0,3.0,3.0,28,Monsoon,4.0,1,259,1709,Medium,1,1,62
3191,2003-07-15,2003-07-21,7.0,heavy rains,Rajasthan,30.0,0.0,2003.0,7.0,15.0,3.0,1.0,29,Monsoon,7.0,1,259,1709,Medium,1,1,62
3192,2003-07-27,2003-07-27,1.0,heavy rains,Rajasthan,0.0,2.0,2003.0,7.0,27.0,3.0,6.0,30,Monsoon,1.0,1,259,1709,No Fatality,0,1,62
3193,2003-07-29,2003-07-29,1.0,heavy rains,Rajasthan,0.0,0.0,2003.0,7.0,29.0,3.0,1.0,31,Monsoon,1.0,1,259,1709,No Fatality,0,1,62
3194,2003-08-10,2003-08-10,1.0,heavy rains,Rajasthan,0.0,0.0,2003.0,8.0,10.0,3.0,6.0,32,Monsoon,1.0,1,259,1382,No Fatality,0,1,62
3195,2003-08-26,2003-08-28,3.0,heavy rains,Rajasthan,8.0,0.0,2003.0,8.0,26.0,3.0,1.0,35,Monsoon,3.0,1,259,1382,Low,0,1,62
3196,2003-09-24,2003-09-24,1.0,heavy rains,Rajasthan,0.0,1.0,2003.0,9.0,24.0,3.0,2.0,39,Monsoon,1.0,1,259,938,No Fatality,0,1,62
3197,2003-06-25,2003-06-25,1.0,flash flood,Tamil Nadu,0.0,0.0,2003.0,6.0,25.0,2.0,2.0,26,Monsoon,1.0,1,188,1071,No Fatality,0,1,66
3198,2003-07-04,2003-07-06,3.0,heavy rains,Uttarakhand,5.0,0.0,2003.0,7.0,4.0,3.0,4.0,27,Monsoon,3.0,1,107,1709,Low,0,1,78
3199,2003-09-21,2003-09-21,1.0,heavy rains,Uttarakhand,7.0,0.0,2003.0,9.0,21.0,3.0,6.0,38,Monsoon,1.0,1,107,938,Low,0,1,78
3200,2003-07-11,2003-07-14,4.0,heavy rains,Uttar Pradesh,64.0,0.0,2003.0,7.0,11.0,3.0,4.0,28,Monsoon,4.0,1,448,1709,High,1,1,69
3201,2003-07-22,2003-07-22,1.0,heavy rains,Uttar Pradesh,5.0,0.0,2003.0,7.0,22.0,3.0,1.0,30,Monsoon,1.0,1,448,1709,Low,0,1,69
3202,2003-08-13,2003-08-14,2.0,heavy rains,Uttar Pradesh,0.0,0.0,2003.0,8.0,13.0,3.0,2.0,33,Monsoon,2.0,1,448,1382,No Fatality,0,1,69
3203,2003-08-25,2003-08-25,1.0,heavy rains,Uttar Pradesh,2.0,0.0,2003.0,8.0,25.0,3.0,0.0,35,Monsoon,1.0,1,448,1382,Low,0,1,69
3204,2003-08-26,2003-08-26,1.0,heavy rains,Uttar Pradesh,1.0,0.0,2003.0,8.0,26.0,3.0,1.0,35,Monsoon,1.0,1,448,1382,Low,0,1,69
3205,2003-09-02,2003-09-02,1.0,heavy rains,Uttar Pradesh,2.0,0.0,2003.0,9.0,2.0,3.0,1.0,36,Monsoon,1.0,1,448,938,Low,0,1,69
3206,2003-09-03,2003-09-03,1.0,heavy rains,Uttar Pradesh,3.0,0.0,2003.0,9.0,3.0,3.0,2.0,36,Monsoon,1.0,1,448,938,Low,0,1,69
3207,2003-09-04,2003-09-04,1.0,heavy rains,Uttar Pradesh,65.0,0.0,2003.0,9.0,4.0,3.0,3.0,36,Monsoon,1.0,1,448,938,High,1,1,69
3208,2003-09-08,2003-09-21,14.0,"severe flood (ganga,its tributaries)",Uttar Pradesh,172.0,0.0,2003.0,9.0,8.0,3.0,0.0,37,Monsoon,14.0,1,448,938,High,1,1,69
3209,2003-09-24,2003-09-24,1.0,heavy rains,Uttar Pradesh,1.0,0.0,2003.0,9.0,24.0,3.0,2.0,39,Monsoon,1.0,1,448,938,Low,0,1,69
3210,2003-07-02,2003-07-02,1.0,heavy rains,West Bengal,0.0,0.0,2003.0,7.0,2.0,3.0,2.0,27,Monsoon,1.0,1,330,1709,No Fatality,0,1,79
3211,2003-07-07,2003-07-09,3.0,heavy rains,West Bengal,26.0,8.0,2003.0,7.0,7.0,3.0,0.0,28,Monsoon,3.0,1,330,1709,Medium,1,1,79
3212,2003-07-26,2003-07-26,1.0,heavy rains,West Bengal,3.0,0.0,2003.0,7.0,26.0,3.0,5.0,30,Monsoon,1.0,1,330,1709,Low,0,1,79
3213,2003-08-29,2003-08-29,1.0,heavy rains,West Bengal,0.0,0.0,2003.0,8.0,29.0,3.0,4.0,35,Monsoon,1.0,1,330,1382,No Fatality,0,1,79
3214,2003-09-09,2003-09-10,2.0,flash flood,West Bengal,0.0,0.0,2003.0,9.0,9.0,3.0,1.0,37,Monsoon,2.0,1,330,938,No Fatality,0,1,79
3215,2003-09-15,2003-09-17,3.0,flash flood,West Bengal,0.0,7.0,2003.0,9.0,15.0,3.0,0.0,38,Monsoon,3.0,1,330,938,No Fatality,0,1,79
3216,2003-10-12,2003-10-12,1.0,heavy rains,West Bengal,0.0,0.0,2003.0,10.0,12.0,4.0,6.0,41,Post-Monsoon,1.0,1,330,501,No Fatality,0,0,79
3217,2003-07-05,2003-07-05,1.0,heavy rains,Delhi,4.0,6.0,2003.0,7.0,5.0,3.0,5.0,27,Monsoon,1.0,1,43,1709,Low,0,1,21
3218,2003-07-09,2003-07-11,3.0,heavy rains,Delhi,4.0,0.0,2003.0,7.0,9.0,3.0,2.0,28,Monsoon,3.0,1,43,1709,Low,0,1,21
3219,2004-08-01,2004-08-04,4.0,heavy rains,Andhra Pradesh,10.0,0.0,2004.0,8.0,1.0,3.0,6.0,31,Monsoon,4.0,1,150,1382,Low,0,1,1
3220,2004-11-07,2004-11-07,1.0,heavy rains,Andhra Pradesh,4.0,0.0,2004.0,11.0,7.0,4.0,6.0,45,Post-Monsoon,1.0,1,150,194,Low,0,0,1
3221,2004-06-22,2004-06-22,1.0,heavy rains,Arunachal Pradesh,5.0,0.0,2004.0,6.0,22.0,2.0,1.0,26,Monsoon,1.0,1,150,1071,Low,0,1,4
3222,2004-07-10,2004-07-22,13.0,severe flood,Arunachal Pradesh,11.0,0.0,2004.0,7.0,10.0,3.0,5.0,28,Monsoon,13.0,1,150,1709,Medium,1,1,4
3223,2004-04-13,2004-04-13,1.0,flash flood,Assam,0.0,0.0,2004.0,4.0,13.0,2.0,1.0,16,Summer,1.0,1,908,171,No Fatality,0,0,5
3224,2004-04-20,2004-04-20,1.0,"flash flood(Baksa, dhaleswari,kushiara)",Assam,5.0,0.0,2004.0,4.0,20.0,2.0,1.0,17,Summer,1.0,1,908,171,Low,0,0,5
3225,2004-05-13,2004-05-14,2.0,heavy rains,Assam,0.0,0.0,2004.0,5.0,13.0,2.0,3.0,20,Summer,2.0,1,908,479,No Fatality,0,0,5
3226,2004-05-15,2004-05-17,3.0,flash flood,Assam,0.0,0.0,2004.0,5.0,15.0,2.0,5.0,20,Summer,3.0,1,908,479,No Fatality,0,0,5
3227,2004-05-19,2004-05-19,1.0, heavy rains,Assam,2.0,0.0,2004.0,5.0,19.0,2.0,2.0,21,Summer,1.0,1,908,479,Low,0,0,5
3228,2004-05-22,2004-05-22,1.0,flash flood,Assam,0.0,0.0,2004.0,5.0,22.0,2.0,5.0,21,Summer,1.0,1,908,479,No Fatality,0,0,5
3229,2004-05-28,2004-05-28,1.0,flash flood(brahmaputra),Assam,0.0,0.0,2004.0,5.0,28.0,2.0,4.0,22,Summer,1.0,1,908,479,No Fatality,0,0,5
3230,2004-06-21,2004-08-07,48.0,"severe flood(brahmaputra,its tributaries)",Assam,248.0,0.0,2004.0,6.0,21.0,2.0,0.0,26,Monsoon,48.0,1,908,1071,High,1,1,5
3231,2004-09-09,2004-09-10,2.0,"flash flood(brahmaputra,its tributaries)",Assam,3.0,0.0,2004.0,9.0,9.0,3.0,3.0,37,Monsoon,2.0,1,908,938,Low,0,1,5
3232,2004-10-07,2004-10-25,19.0,"severe flood(brahmaputra,its tributaries)",Assam,200.0,0.0,2004.0,10.0,7.0,4.0,3.0,41,Post-Monsoon,19.0,1,908,501,High,1,0,5
3233,2004-06-22,2004-06-22,1.0,flash flood,Bihar,30.0,0.0,2004.0,6.0,22.0,2.0,1.0,26,Monsoon,1.0,1,149,1071,Medium,1,1,9
3234,2004-07-01,2004-07-31,31.0,"severe flood(adhwara, bagmati, burhi gandak, gandak, ganga, ghagra, kamla balan, kosi, kreh, mahananda, punpun,sone)",Bihar,450.0,0.0,2004.0,7.0,1.0,3.0,3.0,27,Monsoon,31.0,1,149,1709,High,1,1,9
3235,2004-08-04,2004-08-04,1.0,heavy rains,Goa,1.0,8.0,2004.0,8.0,4.0,3.0,2.0,32,Monsoon,1.0,1,30,1382,Low,0,1,22
3236,2004-08-01,2004-08-14,14.0,heavy rains,Gujarat,184.0,0.0,2004.0,8.0,1.0,3.0,6.0,31,Monsoon,14.0,1,168,1382,High,1,1,26
3237,2004-08-03,2004-08-03,1.0,heavy rains,Haryana ,2.0,0.0,2004.0,8.0,3.0,3.0,1.0,32,Monsoon,1.0,1,29,1382,Low,0,1,28
3238,2004-08-08,2004-08-08,1.0,heavy rains,Haryana ,10.0,0.0,2004.0,8.0,8.0,3.0,6.0,32,Monsoon,1.0,1,29,1382,Low,0,1,28
3239,2004-06-05,2004-06-06,2.0,heavy rains(cloud burst),Himachal Pradesh,0.0,0.0,2004.0,6.0,5.0,2.0,5.0,23,Monsoon,2.0,1,362,1071,No Fatality,0,1,29
3240,2004-08-07,2004-08-08,2.0,heavy rains(cloud burst),Himachal Pradesh,0.0,40.0,2004.0,8.0,7.0,3.0,5.0,32,Monsoon,2.0,1,362,1382,No Fatality,0,1,29
3241,2004-08-12,2004-08-13,2.0,heavy rains(cloud burst),Himachal Pradesh,2.0,10.0,2004.0,8.0,12.0,3.0,3.0,33,Monsoon,2.0,1,362,1382,Low,0,1,29
3242,2004-08-16,2004-08-16,1.0,heavy rains(cloud burst),Himachal Pradesh,0.0,0.0,2004.0,8.0,16.0,3.0,0.0,34,Monsoon,1.0,1,362,1382,No Fatality,0,1,29
3243,2004-08-17,2004-08-17,1.0,heavy rains(cloud burst),Himachal Pradesh,1.0,0.0,2004.0,8.0,17.0,3.0,1.0,34,Monsoon,1.0,1,362,1382,Low,0,1,29
3244,2004-06-06,2004-06-07,2.0,heavy rains,Karnataka,4.0,0.0,2004.0,6.0,6.0,2.0,6.0,23,Monsoon,2.0,1,491,1071,Low,0,1,37
3245,2004-06-11,2004-06-16,6.0,heavy rains,Karnataka,3.0,3.0,2004.0,6.0,11.0,2.0,4.0,24,Monsoon,6.0,1,491,1071,Low,0,1,37
3246,2004-07-08,2004-07-14,7.0,heavy rains,Karnataka,15.0,14.0,2004.0,7.0,8.0,3.0,3.0,28,Monsoon,7.0,1,491,1709,Medium,1,1,37
3247,2004-08-02,2004-08-08,7.0,heavy rains,Karnataka,6.0,6.0,2004.0,8.0,2.0,3.0,0.0,32,Monsoon,7.0,1,491,1382,Low,0,1,37
3248,2004-09-14,2004-09-14,1.0,heavy rains,Karnataka,1.0,4.0,2004.0,9.0,14.0,3.0,1.0,38,Monsoon,1.0,1,491,938,Low,0,1,37
3249,2004-09-20,2004-09-20,1.0,heavy rains,Karnataka,3.0,0.0,2004.0,9.0,20.0,3.0,0.0,39,Monsoon,1.0,1,491,938,Low,0,1,37
3250,2004-10-01,2004-10-01,1.0,heavy rains,Karnataka,0.0,0.0,2004.0,10.0,1.0,4.0,4.0,40,Post-Monsoon,1.0,1,491,501,No Fatality,0,0,37
3251,2004-10-19,2004-10-20,2.0,heavy rains,Karnataka,3.0,3.0,2004.0,10.0,19.0,4.0,1.0,43,Post-Monsoon,2.0,1,491,501,Low,0,0,37
3252,2004-06-04,2004-06-18,15.0,heavy rains,Kerala,25.0,5.0,2004.0,6.0,4.0,2.0,4.0,23,Monsoon,15.0,1,604,1071,Medium,1,1,39
3253,2004-07-04,2004-07-04,1.0,heavy rains,Kerala,0.0,0.0,2004.0,7.0,4.0,3.0,6.0,27,Monsoon,1.0,1,604,1709,No Fatality,0,1,39
3254,2004-07-07,2004-07-09,3.0,heavy rains,Kerala,0.0,1.0,2004.0,7.0,7.0,3.0,2.0,28,Monsoon,3.0,1,604,1709,No Fatality,0,1,39
3255,2004-07-19,2004-07-19,1.0,heavy rains,Kerala,0.0,0.0,2004.0,7.0,19.0,3.0,0.0,30,Monsoon,1.0,1,604,1709,No Fatality,0,1,39
3256,2004-08-03,2004-08-08,6.0,heavy rains,Kerala,31.0,29.0,2004.0,8.0,3.0,3.0,1.0,32,Monsoon,6.0,1,604,1382,Medium,1,1,39
3257,2004-10-04,2004-10-04,1.0,heavy rains,Kerala,2.0,0.0,2004.0,10.0,4.0,4.0,0.0,41,Post-Monsoon,1.0,1,604,501,Low,0,0,39
3258,2004-08-03,2004-08-03,1.0,heavy rains,Madhya Pradesh,0.0,0.0,2004.0,8.0,3.0,3.0,1.0,32,Monsoon,1.0,1,238,1382,No Fatality,0,1,43
3259,2004-08-05,2004-08-05,1.0,heavy rains,Madhya Pradesh,0.0,2.0,2004.0,8.0,5.0,3.0,3.0,32,Monsoon,1.0,1,238,1382,No Fatality,0,1,43
3260,2004-06-18,2004-06-18,1.0,heavy rains,Maharashtra,1.0,10.0,2004.0,6.0,18.0,2.0,4.0,25,Monsoon,1.0,1,1011,1071,Low,0,1,47
3261,2004-07-03,2004-07-03,1.0,heavy rains,Maharashtra,0.0,2.0,2004.0,7.0,3.0,3.0,5.0,27,Monsoon,1.0,1,1011,1709,No Fatality,0,1,47
3262,2004-07-26,2004-08-05,11.0,heavy rains,Maharashtra,33.0,50.0,2004.0,7.0,26.0,3.0,0.0,31,Monsoon,11.0,1,1011,1709,Medium,1,1,47
3263,2004-08-11,2004-08-12,2.0,heavy rains,Maharashtra,3.0,1.0,2004.0,8.0,11.0,3.0,2.0,33,Monsoon,2.0,1,1011,1382,Low,0,1,47
3264,2004-09-28,2004-09-29,2.0,heavy rains,Maharashtra,14.0,0.0,2004.0,9.0,28.0,3.0,1.0,40,Monsoon,2.0,1,1011,938,Medium,1,1,47
3265,2004-07-14,2004-07-14,1.0,"flash floods(noa dihing, digaru,darrang)",Meghalaya,0.0,0.0,2004.0,7.0,14.0,3.0,2.0,29,Monsoon,1.0,1,57,1709,No Fatality,0,1,51
3266,2004-10-08,2004-10-10,3.0,flash flood,Meghalaya,9.0,0.0,2004.0,10.0,8.0,4.0,4.0,41,Post-Monsoon,3.0,1,57,501,Low,0,0,51
3267,2004-06-22,2004-06-22,1.0,heavy rains,Mizoram,6.0,0.0,2004.0,6.0,22.0,2.0,1.0,26,Monsoon,1.0,1,27,1071,Low,0,1,52
3268,2004-07-17,2004-07-22,6.0,heavy rains,Nagaland,0.0,0.0,2004.0,7.0,17.0,3.0,5.0,29,Monsoon,6.0,1,18,1709,No Fatality,0,1,53
3269,2004-08-03,2004-08-05,3.0,heavy rains,Punjab,0.0,20.0,2004.0,8.0,3.0,3.0,1.0,32,Monsoon,3.0,1,171,1382,No Fatality,0,1,61
3270,2004-07-04,2004-07-04,1.0,heavy rains,Rajasthan,1.0,0.0,2004.0,7.0,4.0,3.0,6.0,27,Monsoon,1.0,1,259,1709,Low,0,1,62
3271,2004-08-11,2004-08-12,2.0,heavy rains,Rajasthan,6.0,0.0,2004.0,8.0,11.0,3.0,2.0,33,Monsoon,2.0,1,259,1382,Low,0,1,62
3272,2004-08-16,2004-08-16,1.0,heavy rains,Rajasthan,6.0,0.0,2004.0,8.0,16.0,3.0,0.0,34,Monsoon,1.0,1,259,1382,Low,0,1,62
3273,2004-08-22,2004-08-22,1.0,heavy rains,Rajasthan,0.0,3.0,2004.0,8.0,22.0,3.0,6.0,34,Monsoon,1.0,1,259,1382,No Fatality,0,1,62
3274,2004-09-20,2004-09-20,1.0,heavy rains,Tamil Nadu,0.0,0.0,2004.0,9.0,20.0,3.0,0.0,39,Monsoon,1.0,1,188,938,No Fatality,0,1,66
3275,2004-10-30,2004-10-30,1.0,heavy rains,Tamil Nadu,5.0,0.0,2004.0,10.0,30.0,4.0,5.0,44,Post-Monsoon,1.0,1,188,501,Low,0,0,66
3276,2004-11-05,2004-11-05,1.0,heavy rains,Tamil Nadu,0.0,0.0,2004.0,11.0,5.0,4.0,4.0,45,Post-Monsoon,1.0,1,188,194,No Fatality,0,0,66
3277,2004-11-09,2004-11-09,1.0,heavy rains,Tamil Nadu,2.0,0.0,2004.0,11.0,9.0,4.0,1.0,46,Post-Monsoon,1.0,1,188,194,Low,0,0,66
3278,2004-11-23,2004-11-23,1.0,heavy rains,Tamil Nadu,0.0,0.0,2004.0,11.0,23.0,4.0,1.0,48,Post-Monsoon,1.0,1,188,194,No Fatality,0,0,66
3279,2004-06-17,2004-06-25,9.0,"severe flood(bijoy,khowai)",Tripura,4.0,0.0,2004.0,6.0,17.0,2.0,3.0,25,Monsoon,9.0,1,47,1071,Low,0,1,68
3280,2004-05-29,2004-05-29,1.0,flash flood(cloud burst),Uttarakhand,0.0,3.0,2004.0,5.0,29.0,2.0,5.0,22,Summer,1.0,1,107,479,No Fatality,0,0,78
3281,2004-06-01,2004-06-01,1.0,heavy rains(cloud burst),Uttarakhand,0.0,0.0,2004.0,6.0,1.0,2.0,1.0,23,Monsoon,1.0,1,107,1071,No Fatality,0,1,78
3282,2004-07-06,2004-07-06,1.0,heavy rains(cloud burst),Uttarakhand,31.0,28.0,2004.0,7.0,6.0,3.0,1.0,28,Monsoon,1.0,1,107,1709,Medium,1,1,78
3283,2004-07-28,2004-07-28,1.0,heavy rains,Uttarakhand,6.0,0.0,2004.0,7.0,28.0,3.0,2.0,31,Monsoon,1.0,1,107,1709,Low,0,1,78
3284,2004-08-26,2004-08-26,1.0,flash flood,Uttarakhand,8.0,0.0,2004.0,8.0,26.0,3.0,3.0,35,Monsoon,1.0,1,107,1382,Low,0,1,78
3285,2004-07-08,2004-07-09,2.0,heavy rains,Uttar Pradesh,8.0,0.0,2004.0,7.0,8.0,3.0,3.0,28,Monsoon,2.0,1,448,1709,Low,0,1,69
3286,2004-08-19,2004-08-21,3.0,heavy rains,Uttar Pradesh,0.0,0.0,2004.0,8.0,19.0,3.0,3.0,34,Monsoon,3.0,1,448,1382,No Fatality,0,1,69
3287,2004-09-21,2004-09-23,3.0,heavy rains(cloud burst),Uttar Pradesh,84.0,0.0,2004.0,9.0,21.0,3.0,1.0,39,Monsoon,3.0,1,448,938,High,1,1,69
3288,2004-07-08,2004-07-14,7.0,moderate flood,West Bengal,5.0,0.0,2004.0,7.0,8.0,3.0,3.0,28,Monsoon,7.0,1,330,1709,Low,0,1,79
3289,2004-08-16,2004-08-16,1.0,flash flood,West Bengal,0.0,1.0,2004.0,8.0,16.0,3.0,0.0,34,Monsoon,1.0,1,330,1382,No Fatality,0,1,79
3290,2004-09-08,2004-09-21,14.0,heavy rains,West Bengal,17.0,4.0,2004.0,9.0,8.0,3.0,2.0,37,Monsoon,14.0,1,330,938,Medium,1,1,79
3291,2004-10-01,2004-10-19,19.0,severe flood,West Bengal,18.0,0.0,2004.0,10.0,1.0,4.0,4.0,40,Post-Monsoon,19.0,1,330,501,Medium,1,0,79
3292,2004-08-03,2004-08-03,1.0,heavy rains,Punjab,3.0,0.0,2004.0,8.0,3.0,3.0,1.0,32,Monsoon,1.0,1,171,1382,Low,0,1,61
3293,2004-08-17,2004-08-17,1.0,heavy rains,Punjab,0.0,0.0,2004.0,8.0,17.0,3.0,1.0,34,Monsoon,1.0,1,171,1382,No Fatality,0,1,61
3294,2005-07-09,2005-07-09,1.0,heavy rains,Andhra Pradesh,9.0,0.0,2005.0,7.0,9.0,3.0,5.0,27,Monsoon,1.0,1,150,1709,Low,0,1,1
3295,2005-07-23,2005-07-25,3.0,heavy rains,Andhra Pradesh,9.0,0.0,2005.0,7.0,23.0,3.0,5.0,29,Monsoon,3.0,1,150,1709,Low,0,1,1
3296,2005-09-19,2005-09-20,2.0,heavy rains,Andhra Pradesh,6.0,0.0,2005.0,9.0,19.0,3.0,0.0,38,Monsoon,2.0,1,150,938,Low,0,1,1
3297,2005-10-13,2005-10-15,3.0,heavy rains,Andhra Pradesh,19.0,0.0,2005.0,10.0,13.0,4.0,3.0,41,Post-Monsoon,3.0,1,150,501,Medium,1,0,1
3298,2005-10-28,2005-10-28,1.0,heavy rains,Andhra Pradesh,10.0,0.0,2005.0,10.0,28.0,4.0,4.0,43,Post-Monsoon,1.0,1,150,501,Low,0,0,1
3299,2005-08-25,2005-08-28,4.0,heavy rains,Arunachal Pradesh,1.0,5.0,2005.0,8.0,25.0,3.0,3.0,34,Monsoon,4.0,1,150,1382,Low,0,1,4
3300,2005-05-27,2005-05-27,1.0,moderate flood,Assam,0.0,0.0,2005.0,5.0,27.0,2.0,4.0,21,Summer,1.0,1,908,479,No Fatality,0,0,5
3301,2005-06-08,2005-06-21,14.0,"flood(brahmaputra,its tributaries, jiadhol, kaldia, plagadia, kalo,drani)",Assam,0.0,0.0,2005.0,6.0,8.0,2.0,2.0,23,Monsoon,14.0,1,908,1071,No Fatality,0,1,5
3302,2005-07-08,2005-07-28,21.0,severe flood,Assam,15.0,0.0,2005.0,7.0,8.0,3.0,4.0,27,Monsoon,21.0,1,908,1709,Medium,1,1,5
3303,2005-08-08,2005-08-14,7.0,"severe flood(saktola,pahumora)",Assam,43.0,0.0,2005.0,8.0,8.0,3.0,0.0,32,Monsoon,7.0,1,908,1382,Medium,1,1,5
3304,2005-08-19,2005-08-19,1.0,heavy rains,Assam,2.0,4.0,2005.0,8.0,19.0,3.0,4.0,33,Monsoon,1.0,1,908,1382,Low,0,1,5
3305,2005-08-22,2005-08-22,1.0,flash flood(belgir),Assam,0.0,0.0,2005.0,8.0,22.0,3.0,0.0,34,Monsoon,1.0,1,908,1382,No Fatality,0,1,5
3306,2005-08-23,2005-08-23,1.0,flash flood(kalajal),Assam,0.0,0.0,2005.0,8.0,23.0,3.0,1.0,34,Monsoon,1.0,1,908,1382,No Fatality,0,1,5
3307,2005-08-22,2005-08-28,7.0,severe flood(brahmaputra),Assam,15.0,0.0,2005.0,8.0,22.0,3.0,0.0,34,Monsoon,7.0,1,908,1382,Medium,1,1,5
3308,2005-08-30,2005-08-30,1.0,heavy rains,Assam,0.0,0.0,2005.0,8.0,30.0,3.0,1.0,35,Monsoon,1.0,1,908,1382,No Fatality,0,1,5
3309,2005-09-01,2005-09-07,7.0,"severe flood(brahmaputra,its tributaries, kaldia)",Assam,0.0,0.0,2005.0,9.0,1.0,3.0,3.0,35,Monsoon,7.0,1,908,938,No Fatality,0,1,5
3310,2005-09-26,2005-09-27,2.0,flash flood,Assam,0.0,0.0,2005.0,9.0,26.0,3.0,0.0,39,Monsoon,2.0,1,908,938,No Fatality,0,1,5
3311,2005-07-24,2005-07-26,3.0,heavy rains,Goa,7.0,0.0,2005.0,7.0,24.0,3.0,6.0,29,Monsoon,3.0,1,30,1709,Low,0,1,22
3312,2005-06-22,2005-06-28,7.0,severe flood,Gujarat,202.0,11.0,2005.0,6.0,22.0,2.0,2.0,25,Monsoon,7.0,1,168,1071,High,1,1,26
3313,2005-07-08,2005-07-28,21.0,severe flood,Gujarat,11.0,0.0,2005.0,7.0,8.0,3.0,4.0,27,Monsoon,21.0,1,168,1709,Medium,1,1,26
3314,2005-08-01,2005-08-05,5.0,heavy rains,Gujarat,69.0,0.0,2005.0,8.0,1.0,3.0,0.0,31,Monsoon,5.0,1,168,1382,High,1,1,26
3315,2005-09-01,2005-09-28,28.0,severe flood,Gujarat,20.0,0.0,2005.0,9.0,1.0,3.0,3.0,35,Monsoon,28.0,1,168,938,Medium,1,1,26
3316,2005-03-21,2005-03-21,1.0,heavy rains,Haryana ,0.0,0.0,2005.0,3.0,21.0,1.0,0.0,12,Summer,1.0,1,29,166,No Fatality,0,0,28
3317,2005-07-08,2005-07-08,1.0,severe flood,Haryana ,0.0,0.0,2005.0,7.0,8.0,3.0,4.0,27,Monsoon,1.0,1,29,1709,No Fatality,0,1,28
3318,2005-07-08,2005-07-21,14.0,severe flood(yamuna),Haryana ,1.0,0.0,2005.0,7.0,8.0,3.0,4.0,27,Monsoon,14.0,1,29,1709,Low,0,1,28
3319,2005-07-30,2005-07-30,1.0,flash flood,Haryana ,0.0,0.0,2005.0,7.0,30.0,3.0,5.0,30,Monsoon,1.0,1,29,1709,No Fatality,0,1,28
3320,2005-09-17,2005-09-17,1.0,heavy rains,Haryana ,0.0,0.0,2005.0,9.0,17.0,3.0,5.0,37,Monsoon,1.0,1,29,938,No Fatality,0,1,28
3321,2005-03-15,2005-03-21,7.0,heavy rains,Himachal Pradesh,4.0,0.0,2005.0,3.0,15.0,1.0,1.0,11,Summer,7.0,1,362,166,Low,0,0,29
3322,2005-06-26,2005-06-26,1.0,severe flood(sutlej),Himachal Pradesh,0.0,0.0,2005.0,6.0,26.0,2.0,6.0,25,Monsoon,1.0,1,362,1071,No Fatality,0,1,29
3323,2005-06-26,2005-06-27,2.0,severe flood,Himachal Pradesh,6.0,0.0,2005.0,6.0,26.0,2.0,6.0,25,Monsoon,2.0,1,362,1071,Low,0,1,29
3324,2005-07-07,2005-07-07,1.0,"severe flood(beas,sutlej)",Himachal Pradesh,0.0,2.0,2005.0,7.0,7.0,3.0,3.0,27,Monsoon,1.0,1,362,1709,No Fatality,0,1,29
3325,2005-07-12,2005-07-12,1.0,flash flood,Himachal Pradesh,0.0,0.0,2005.0,7.0,12.0,3.0,1.0,28,Monsoon,1.0,1,362,1709,No Fatality,0,1,29
3326,2005-07-15,2005-07-15,1.0,heavy rains,Himachal Pradesh,0.0,0.0,2005.0,7.0,15.0,3.0,4.0,28,Monsoon,1.0,1,362,1709,No Fatality,0,1,29
3327,2005-07-16,2005-07-16,1.0,heavy rains,Himachal Pradesh,0.0,0.0,2005.0,7.0,16.0,3.0,5.0,28,Monsoon,1.0,1,362,1709,No Fatality,0,1,29
3328,2005-07-26,2005-07-27,2.0,heavy rains,Himachal Pradesh,0.0,7.0,2005.0,7.0,26.0,3.0,1.0,30,Monsoon,2.0,1,362,1709,No Fatality,0,1,29
3329,2005-07-28,2005-07-28,1.0,heavy rains,Himachal Pradesh,0.0,0.0,2005.0,7.0,28.0,3.0,3.0,30,Monsoon,1.0,1,362,1709,No Fatality,0,1,29
3330,2005-08-06,2005-08-06,1.0,heavy rains,Himachal Pradesh,0.0,0.0,2005.0,8.0,6.0,3.0,5.0,31,Monsoon,1.0,1,362,1382,No Fatality,0,1,29
3331,2005-09-16,2005-09-17,2.0,heavy rains,Himachal Pradesh,6.0,4.0,2005.0,9.0,16.0,3.0,4.0,37,Monsoon,2.0,1,362,938,Low,0,1,29
3332,2005-08-07,2005-08-07,1.0,heavy rains,Jammu and Kashmir,11.0,0.0,2005.0,8.0,7.0,3.0,6.0,31,Monsoon,1.0,1,137,1382,Medium,1,1,33
3333,2005-01-03,2005-01-03,1.0,heavy rains,Karnataka,0.0,0.0,2005.0,1.0,3.0,1.0,0.0,1,Winter,1.0,1,491,108,No Fatality,0,0,37
3334,2005-04-20,2005-04-20,1.0,heavy rains,Karnataka,0.0,0.0,2005.0,4.0,20.0,2.0,2.0,16,Summer,1.0,1,491,171,No Fatality,0,0,37
3335,2005-05-21,2005-05-21,1.0,heavy rains,Karnataka,0.0,0.0,2005.0,5.0,21.0,2.0,5.0,20,Summer,1.0,1,491,479,No Fatality,0,0,37
3336,2005-06-02,2005-06-02,1.0,heavy rains,Karnataka,1.0,0.0,2005.0,6.0,2.0,2.0,3.0,22,Monsoon,1.0,1,491,1071,Low,0,1,37
3337,2005-06-05,2005-06-05,1.0,heavy rains,Karnataka,2.0,0.0,2005.0,6.0,5.0,2.0,6.0,22,Monsoon,1.0,1,491,1071,Low,0,1,37
3338,2005-06-10,2005-06-10,1.0,heavy rains,Karnataka,7.0,0.0,2005.0,6.0,10.0,2.0,4.0,23,Monsoon,1.0,1,491,1071,Low,0,1,37
3339,2005-06-18,2005-06-18,1.0,heavy rains,Karnataka,0.0,0.0,2005.0,6.0,18.0,2.0,5.0,24,Monsoon,1.0,1,491,1071,No Fatality,0,1,37
3340,2005-06-22,2005-06-22,1.0,heavy rains,Karnataka,2.0,0.0,2005.0,6.0,22.0,2.0,2.0,25,Monsoon,1.0,1,491,1071,Low,0,1,37
3341,2005-06-22,2005-06-22,1.0,heavy rains,Karnataka,0.0,0.0,2005.0,6.0,22.0,2.0,2.0,25,Monsoon,1.0,1,491,1071,No Fatality,0,1,37
3342,2005-07-03,2005-07-03,1.0,heavy rains,Karnataka,1.0,2.0,2005.0,7.0,3.0,3.0,6.0,26,Monsoon,1.0,1,491,1709,Low,0,1,37
3343,2005-07-13,2005-07-13,1.0,heavy rains,Karnataka,0.0,0.0,2005.0,7.0,13.0,3.0,2.0,28,Monsoon,1.0,1,491,1709,No Fatality,0,1,37
3344,2005-07-13,2005-07-13,1.0,heavy rains,Karnataka,2.0,0.0,2005.0,7.0,13.0,3.0,2.0,28,Monsoon,1.0,1,491,1709,Low,0,1,37
3345,2005-07-15,2005-07-21,7.0,heavy rains,Karnataka,4.0,4.0,2005.0,7.0,15.0,3.0,4.0,28,Monsoon,7.0,1,491,1709,Low,0,1,37
3346,2005-07-22,2005-07-28,7.0,heavy rains,Karnataka,6.0,0.0,2005.0,7.0,22.0,3.0,4.0,29,Monsoon,7.0,1,491,1709,Low,0,1,37
3347,2005-07-27,2005-07-27,1.0,flash flood,Karnataka,0.0,1.0,2005.0,7.0,27.0,3.0,2.0,30,Monsoon,1.0,1,491,1709,No Fatality,0,1,37
3348,2005-07-27,2005-07-27,1.0,heavy rains,Karnataka,0.0,1.0,2005.0,7.0,27.0,3.0,2.0,30,Monsoon,1.0,1,491,1709,No Fatality,0,1,37
3349,2005-07-27,2005-07-27,1.0,heavy rains,Karnataka,0.0,0.0,2005.0,7.0,27.0,3.0,2.0,30,Monsoon,1.0,1,491,1709,No Fatality,0,1,37
3350,2005-07-28,2005-07-28,1.0,flash flood(ghatprabha),Karnataka,0.0,4.0,2005.0,7.0,28.0,3.0,3.0,30,Monsoon,1.0,1,491,1709,No Fatality,0,1,37
3351,2005-07-28,2005-07-28,1.0,flash flood,Karnataka,1.0,0.0,2005.0,7.0,28.0,3.0,3.0,30,Monsoon,1.0,1,491,1709,Low,0,1,37
3352,2005-08-01,2005-08-01,1.0,"flash floods(krishna,bhima)",Karnataka,0.0,0.0,2005.0,8.0,1.0,3.0,0.0,31,Monsoon,1.0,1,491,1382,No Fatality,0,1,37
3353,2005-08-05,2005-08-08,4.0,heavy rains,Karnataka,0.0,9.0,2005.0,8.0,5.0,3.0,4.0,31,Monsoon,4.0,1,491,1382,No Fatality,0,1,37
3354,2005-08-28,2005-08-28,1.0,heavy rains,Karnataka,3.0,2.0,2005.0,8.0,28.0,3.0,6.0,34,Monsoon,1.0,1,491,1382,Low,0,1,37
3355,2005-08-28,2005-08-28,1.0,flash flood,Karnataka,0.0,4.0,2005.0,8.0,28.0,3.0,6.0,34,Monsoon,1.0,1,491,1382,No Fatality,0,1,37
3356,2005-10-09,2005-10-09,1.0,heavy rains,Karnataka,0.0,1.0,2005.0,10.0,9.0,4.0,6.0,40,Post-Monsoon,1.0,1,491,501,No Fatality,0,0,37
3357,2005-10-15,2005-10-21,7.0,flash flood,Karnataka,13.0,0.0,2005.0,10.0,15.0,4.0,5.0,41,Post-Monsoon,7.0,1,491,501,Medium,1,0,37
3358,2005-10-22,2005-10-28,7.0,heavy rains,Karnataka,33.0,0.0,2005.0,10.0,22.0,4.0,5.0,42,Post-Monsoon,7.0,1,491,501,Medium,1,0,37
3359,2005-02-01,2005-02-01,1.0,heavy rains,Kerala,2.0,0.0,2005.0,2.0,1.0,1.0,1.0,5,Winter,1.0,1,604,66,Low,0,0,39
3360,2005-03-15,2005-03-15,1.0,heavy rains,Kerala,0.0,0.0,2005.0,3.0,15.0,1.0,1.0,11,Summer,1.0,1,604,166,No Fatality,0,0,39
3361,2005-04-04,2005-04-04,1.0,heavy rains,Kerala,0.0,0.0,2005.0,4.0,4.0,2.0,0.0,14,Summer,1.0,1,604,171,No Fatality,0,0,39
3362,2005-04-06,2005-04-06,1.0,heavy rains,Kerala,0.0,2.0,2005.0,4.0,6.0,2.0,2.0,14,Summer,1.0,1,604,171,No Fatality,0,0,39
3363,2005-04-12,2005-04-12,1.0,heavy rains,Kerala,0.0,0.0,2005.0,4.0,12.0,2.0,1.0,15,Summer,1.0,1,604,171,No Fatality,0,0,39
3364,2005-04-15,2005-04-28,14.0,heavy rains,Kerala,2.0,2.0,2005.0,4.0,15.0,2.0,4.0,15,Summer,14.0,1,604,171,Low,0,0,39
3365,2005-05-02,2005-05-02,1.0,heavy rains,Kerala,0.0,0.0,2005.0,5.0,2.0,2.0,0.0,18,Summer,1.0,1,604,479,No Fatality,0,0,39
3366,2005-05-17,2005-05-17,1.0,moderate flood,Kerala,0.0,0.0,2005.0,5.0,17.0,2.0,1.0,20,Summer,1.0,1,604,479,No Fatality,0,0,39
3367,2005-05-29,2005-05-29,1.0,heavy rains,Kerala,0.0,0.0,2005.0,5.0,29.0,2.0,6.0,21,Summer,1.0,1,604,479,No Fatality,0,0,39
3368,2005-06-01,2005-06-14,14.0,heavy rains,Kerala,2.0,0.0,2005.0,6.0,1.0,2.0,2.0,22,Monsoon,14.0,1,604,1071,Low,0,1,39
3369,2005-06-15,2005-06-28,14.0,heavy rains,Kerala,7.0,0.0,2005.0,6.0,15.0,2.0,2.0,24,Monsoon,14.0,1,604,1071,Low,0,1,39
3370,2005-07-01,2005-07-01,1.0,heavy rains,Kerala,1.0,0.0,2005.0,7.0,1.0,3.0,4.0,26,Monsoon,1.0,1,604,1709,Low,0,1,39
3371,2005-07-01,2005-07-01,1.0,heavy rains,Kerala,5.0,0.0,2005.0,7.0,1.0,3.0,4.0,26,Monsoon,1.0,1,604,1709,Low,0,1,39
3372,2005-07-01,2005-07-01,1.0,heavy rains,Kerala,0.0,0.0,2005.0,7.0,1.0,3.0,4.0,26,Monsoon,1.0,1,604,1709,No Fatality,0,1,39
3373,2005-07-07,2005-07-07,1.0,heavy rains,Kerala,0.0,1.0,2005.0,7.0,7.0,3.0,3.0,27,Monsoon,1.0,1,604,1709,No Fatality,0,1,39
3374,2005-07-20,2005-07-20,1.0,heavy rains,Kerala,0.0,0.0,2005.0,7.0,20.0,3.0,2.0,29,Monsoon,1.0,1,604,1709,No Fatality,0,1,39
3375,2005-07-22,2005-07-28,7.0,heavy rains,Kerala,28.0,14.0,2005.0,7.0,22.0,3.0,4.0,29,Monsoon,7.0,1,604,1709,Medium,1,1,39
3376,2005-09-07,2005-09-07,1.0,heavy rains,Kerala,0.0,0.0,2005.0,9.0,7.0,3.0,2.0,36,Monsoon,1.0,1,604,938,No Fatality,0,1,39
3377,2005-10-02,2005-10-02,1.0,heavy rains,Kerala,0.0,0.0,2005.0,10.0,2.0,4.0,6.0,39,Post-Monsoon,1.0,1,604,501,No Fatality,0,0,39
3378,2005-10-07,2005-10-07,1.0,heavy rains,Kerala,0.0,0.0,2005.0,10.0,7.0,4.0,4.0,40,Post-Monsoon,1.0,1,604,501,No Fatality,0,0,39
3379,2005-10-08,2005-10-14,7.0,heavy rains,Kerala,1.0,0.0,2005.0,10.0,8.0,4.0,5.0,40,Post-Monsoon,7.0,1,604,501,Low,0,0,39
3380,2005-10-22,2005-10-23,2.0,heavy rains,Kerala,0.0,0.0,2005.0,10.0,22.0,4.0,5.0,42,Post-Monsoon,2.0,1,604,501,No Fatality,0,0,39
3381,2005-11-08,2005-11-14,7.0,heavy rains,Kerala,0.0,0.0,2005.0,11.0,8.0,4.0,1.0,45,Post-Monsoon,7.0,1,604,194,No Fatality,0,0,39
3382,2005-12-08,2005-12-15,8.0,heavy rains,Kerala,0.0,1.0,2005.0,12.0,8.0,4.0,3.0,49,Winter,8.0,1,604,71,No Fatality,0,0,39
3383,2005-06-24,2005-06-27,4.0,heavy rains,Madhya Pradesh,11.0,0.0,2005.0,6.0,24.0,2.0,4.0,25,Monsoon,4.0,1,238,1071,Medium,1,1,43
3384,2005-07-04,2005-07-04,1.0,flash flood,Madhya Pradesh,0.0,11.0,2005.0,7.0,4.0,3.0,0.0,27,Monsoon,1.0,1,238,1709,No Fatality,0,1,43
3385,2005-07-11,2005-07-11,1.0,heavy rains,Madhya Pradesh,0.0,0.0,2005.0,7.0,11.0,3.0,0.0,28,Monsoon,1.0,1,238,1709,No Fatality,0,1,43
3386,2005-07-22,2005-07-28,7.0,flash flood,Madhya Pradesh,37.0,0.0,2005.0,7.0,22.0,3.0,4.0,29,Monsoon,7.0,1,238,1709,Medium,1,1,43
3387,2005-07-22,2005-08-07,17.0,heavy rains,Madhya Pradesh,16.0,0.0,2005.0,7.0,22.0,3.0,4.0,29,Monsoon,17.0,1,238,1709,Medium,1,1,43
3388,2005-09-15,2005-09-16,2.0,severe flood(narmada),Madhya Pradesh,0.0,0.0,2005.0,9.0,15.0,3.0,3.0,37,Monsoon,2.0,1,238,938,No Fatality,0,1,43
3389,2005-01-30,2005-01-31,2.0,heavy rains,Maharashtra,0.0,0.0,2005.0,1.0,30.0,1.0,6.0,4,Winter,2.0,1,1011,108,No Fatality,0,0,47
3390,2005-02-01,2005-02-01,1.0,heavy rains,Maharashtra,0.0,0.0,2005.0,2.0,1.0,1.0,1.0,5,Winter,1.0,1,1011,66,No Fatality,0,0,47
3391,2005-02-07,2005-02-08,2.0,heavy rains,Maharashtra,0.0,0.0,2005.0,2.0,7.0,1.0,0.0,6,Winter,2.0,1,1011,66,No Fatality,0,0,47
3392,2005-03-09,2005-03-11,3.0,heavy rains,Maharashtra,3.0,0.0,2005.0,3.0,9.0,1.0,2.0,10,Summer,3.0,1,1011,166,Low,0,0,47
3393,2005-06-22,2005-06-28,7.0,heavy rains,Maharashtra,0.0,0.0,2005.0,6.0,22.0,2.0,2.0,25,Monsoon,7.0,1,1011,1071,No Fatality,0,1,47
3394,2005-07-01,2005-07-01,1.0,heavy rains,Maharashtra,0.0,0.0,2005.0,7.0,1.0,3.0,4.0,26,Monsoon,1.0,1,1011,1709,No Fatality,0,1,47
3395,2005-07-02,2005-07-02,1.0,flash flood,Maharashtra,0.0,0.0,2005.0,7.0,2.0,3.0,5.0,26,Monsoon,1.0,1,1011,1709,No Fatality,0,1,47
3396,2005-07-07,2005-07-07,1.0,heavy rains,Maharashtra,0.0,0.0,2005.0,7.0,7.0,3.0,3.0,27,Monsoon,1.0,1,1011,1709,No Fatality,0,1,47
3397,2005-07-10,2005-07-11,2.0,heavy rains,Maharashtra,32.0,3.0,2005.0,7.0,10.0,3.0,6.0,27,Monsoon,2.0,1,1011,1709,Medium,1,1,47
3398,2005-07-21,2005-07-21,1.0,heavy rains,Maharashtra,4.0,0.0,2005.0,7.0,21.0,3.0,3.0,29,Monsoon,1.0,1,1011,1709,Low,0,1,47
3399,2005-07-24,2005-07-24,1.0,heavy rains,Maharashtra,1.0,0.0,2005.0,7.0,24.0,3.0,6.0,29,Monsoon,1.0,1,1011,1709,Low,0,1,47
3400,2005-07-26,2005-07-27,2.0,heavy rains,Maharashtra,273.0,0.0,2005.0,7.0,26.0,3.0,1.0,30,Monsoon,2.0,1,1011,1709,High,1,1,47
3401,2005-07-22,2005-07-28,7.0,heavy rains,Maharashtra,527.0,0.0,2005.0,7.0,22.0,3.0,4.0,29,Monsoon,7.0,1,1011,1709,High,1,1,47
3402,2005-08-01,2005-08-07,7.0,heavy rains,Maharashtra,302.0,24.0,2005.0,8.0,1.0,3.0,0.0,31,Monsoon,7.0,1,1011,1382,High,1,1,47
3403,2005-08-07,2005-08-08,2.0,heavy rains,Maharashtra,3.0,0.0,2005.0,8.0,7.0,3.0,6.0,31,Monsoon,2.0,1,1011,1382,Low,0,1,47
3404,2005-08-10,2005-08-11,2.0,heavy rains,Maharashtra,4.0,0.0,2005.0,8.0,10.0,3.0,2.0,32,Monsoon,2.0,1,1011,1382,Low,0,1,47
3405,2005-09-05,2005-09-05,1.0,severe flood,Maharashtra,0.0,0.0,2005.0,9.0,5.0,3.0,0.0,36,Monsoon,1.0,1,1011,938,No Fatality,0,1,47
3406,2005-09-05,2005-09-05,1.0,heavy rains,Maharashtra,2.0,0.0,2005.0,9.0,5.0,3.0,0.0,36,Monsoon,1.0,1,1011,938,Low,0,1,47
3407,2005-09-06,2005-09-06,1.0,heavy rains,Maharashtra,0.0,0.0,2005.0,9.0,6.0,3.0,1.0,36,Monsoon,1.0,1,1011,938,No Fatality,0,1,47
3408,2005-09-08,2005-09-14,7.0,heavy rains,Maharashtra,11.0,19.0,2005.0,9.0,8.0,3.0,3.0,36,Monsoon,7.0,1,1011,938,Medium,1,1,47
3409,2005-09-21,2005-09-21,1.0,heavy rains,Maharashtra,0.0,3.0,2005.0,9.0,21.0,3.0,2.0,38,Monsoon,1.0,1,1011,938,No Fatality,0,1,47
3410,2005-09-21,2005-09-21,1.0,heavy rains,Maharashtra,2.0,0.0,2005.0,9.0,21.0,3.0,2.0,38,Monsoon,1.0,1,1011,938,Low,0,1,47
3411,2005-09-22,2005-09-28,7.0,severe flood,Maharashtra,10.0,0.0,2005.0,9.0,22.0,3.0,3.0,38,Monsoon,7.0,1,1011,938,Low,0,1,47
3412,2005-08-01,2005-08-01,1.0,"moderate flood (brahmani,baitarani)",Odisha,5.0,0.0,2005.0,8.0,1.0,3.0,0.0,31,Monsoon,1.0,1,144,1382,Low,0,1,55
3413,2005-09-19,2005-09-19,1.0,heavy rains,Odisha,4.0,0.0,2005.0,9.0,19.0,3.0,0.0,38,Monsoon,1.0,1,144,938,Low,0,1,55
3414,2005-07-03,2005-07-03,1.0,heavy rains,Punjab,0.0,3.0,2005.0,7.0,3.0,3.0,6.0,26,Monsoon,1.0,1,171,1709,No Fatality,0,1,61
3415,2005-07-06,2005-07-06,1.0,heavy rains,Punjab,2.0,0.0,2005.0,7.0,6.0,3.0,2.0,27,Monsoon,1.0,1,171,1709,Low,0,1,61
3416,2005-07-07,2005-07-07,1.0,moderate flood (ravi) ,Punjab,0.0,0.0,2005.0,7.0,7.0,3.0,3.0,27,Monsoon,1.0,1,171,1709,No Fatality,0,1,61
3417,2005-07-08,2005-07-08,1.0,heavy rains,Punjab,2.0,0.0,2005.0,7.0,8.0,3.0,4.0,27,Monsoon,1.0,1,171,1709,Low,0,1,61
3418,2005-07-09,2005-07-09,1.0,moderate flood ,Punjab,0.0,0.0,2005.0,7.0,9.0,3.0,5.0,27,Monsoon,1.0,1,171,1709,No Fatality,0,1,61
3419,2005-07-14,2005-07-14,1.0,heavy rains,Punjab,0.0,0.0,2005.0,7.0,14.0,3.0,3.0,28,Monsoon,1.0,1,171,1709,No Fatality,0,1,61
3420,2005-05-08,2005-05-09,2.0,heavy rains,Rajasthan,0.0,0.0,2005.0,5.0,8.0,2.0,6.0,18,Summer,2.0,1,259,479,No Fatality,0,0,62
3421,2005-06-27,2005-06-27,1.0,heavy rains,Rajasthan,3.0,0.0,2005.0,6.0,27.0,2.0,0.0,26,Monsoon,1.0,1,259,1071,Low,0,1,62
3422,2005-07-05,2005-07-06,2.0,heavy rains,Rajasthan,4.0,0.0,2005.0,7.0,5.0,3.0,1.0,27,Monsoon,2.0,1,259,1709,Low,0,1,62
3423,2005-07-12,2005-07-12,1.0,heavy rains,Rajasthan,3.0,2.0,2005.0,7.0,12.0,3.0,1.0,28,Monsoon,1.0,1,259,1709,Low,0,1,62
3424,2005-07-14,2005-07-14,1.0,heavy rains,Rajasthan,3.0,0.0,2005.0,7.0,14.0,3.0,3.0,28,Monsoon,1.0,1,259,1709,Low,0,1,62
3425,2005-07-16,2005-07-16,1.0,heavy rains,Rajasthan,3.0,0.0,2005.0,7.0,16.0,3.0,5.0,28,Monsoon,1.0,1,259,1709,Low,0,1,62
3426,2005-07-17,2005-07-17,1.0,heavy rains,Rajasthan,1.0,0.0,2005.0,7.0,17.0,3.0,6.0,28,Monsoon,1.0,1,259,1709,Low,0,1,62
3427,2005-08-05,2005-08-05,1.0,heavy rains,Rajasthan,0.0,0.0,2005.0,8.0,5.0,3.0,4.0,31,Monsoon,1.0,1,259,1382,No Fatality,0,1,62
3428,2005-08-06,2005-08-06,1.0,heavy rains,Rajasthan,0.0,3.0,2005.0,8.0,6.0,3.0,5.0,31,Monsoon,1.0,1,259,1382,No Fatality,0,1,62
3429,2005-04-07,2005-04-07,1.0,heavy rains,Tamil Nadu,27.0,0.0,2005.0,4.0,7.0,2.0,3.0,14,Summer,1.0,1,188,171,Medium,1,0,66
3430,2005-10-13,2005-10-13,1.0,heavy rains,Tamil Nadu,2.0,0.0,2005.0,10.0,13.0,4.0,3.0,41,Post-Monsoon,1.0,1,188,501,Low,0,0,66
3431,2005-10-15,2005-10-28,14.0,severe flood,Tamil Nadu,80.0,0.0,2005.0,10.0,15.0,4.0,5.0,41,Post-Monsoon,14.0,1,188,501,High,1,0,66
3432,2005-11-09,2005-11-09,1.0,heavy rains,Tamil Nadu,0.0,0.0,2005.0,11.0,9.0,4.0,2.0,45,Post-Monsoon,1.0,1,188,194,No Fatality,0,0,66
3433,2005-11-22,2005-11-22,1.0,flash flood,Tamil Nadu,8.0,0.0,2005.0,11.0,22.0,4.0,1.0,47,Post-Monsoon,1.0,1,188,194,Low,0,0,66
3434,2005-11-24,2005-11-24,1.0,heavy rains,Tamil Nadu,0.0,150.0,2005.0,11.0,24.0,4.0,3.0,47,Post-Monsoon,1.0,1,188,194,No Fatality,0,0,66
3435,2005-12-03,2005-12-04,2.0,heavy rains,Tamil Nadu,6.0,5.0,2005.0,12.0,3.0,4.0,5.0,48,Winter,2.0,1,188,71,Low,0,0,66
3436,2005-12-06,2005-12-06,1.0,severe flood,Tamil Nadu,0.0,0.0,2005.0,12.0,6.0,4.0,1.0,49,Winter,1.0,1,188,71,No Fatality,0,0,66
3437,2005-12-08,2005-12-08,1.0,heavy rains,Tamil Nadu,0.0,0.0,2005.0,12.0,8.0,4.0,3.0,49,Winter,1.0,1,188,71,No Fatality,0,0,66
3438,2005-12-11,2005-12-11,1.0,heavy rains,Tamil Nadu,2.0,0.0,2005.0,12.0,11.0,4.0,6.0,49,Winter,1.0,1,188,71,Low,0,0,66
3439,2005-06-30,2005-06-30,1.0,heavy rains,Uttarakhand,9.0,0.0,2005.0,6.0,30.0,2.0,3.0,26,Monsoon,1.0,1,107,1071,Low,0,1,78
3440,2005-07-06,2005-07-06,1.0,severe flood (ker),"Uttar Pradesh, Uttarakhand",23.0,0.0,2005.0,7.0,6.0,3.0,2.0,27,Monsoon,1.0,1,13,1709,Medium,1,1,76
3441,2005-07-14,2005-07-14,1.0,heavy rains,"Uttar Pradesh, Uttarakhand",0.0,0.0,2005.0,7.0,14.0,3.0,3.0,28,Monsoon,1.0,1,13,1709,No Fatality,0,1,76
3442,2005-07-21,2005-07-21,1.0,heavy rains,"Uttar Pradesh, Uttarakhand",0.0,0.0,2005.0,7.0,21.0,3.0,3.0,29,Monsoon,1.0,1,13,1709,No Fatality,0,1,76
3443,2005-07-22,2005-07-22,1.0,heavy rains,Uttarakhand,4.0,0.0,2005.0,7.0,22.0,3.0,4.0,29,Monsoon,1.0,1,107,1709,Low,0,1,78
3444,2005-08-03,2005-08-03,1.0,heavy rains,Uttarakhand,11.0,0.0,2005.0,8.0,3.0,3.0,2.0,31,Monsoon,1.0,1,107,1382,Medium,1,1,78
3445,2005-08-05,2005-08-05,1.0,heavy rains,Uttarakhand,10.0,0.0,2005.0,8.0,5.0,3.0,4.0,31,Monsoon,1.0,1,107,1382,Low,0,1,78
3446,2005-08-22,2005-08-22,1.0,heavy rains,Uttar Pradesh,5.0,0.0,2005.0,8.0,22.0,3.0,0.0,34,Monsoon,1.0,1,448,1382,Low,0,1,69
3447,2005-08-22,2005-08-28,7.0,severe flood (ghaghara),Uttar Pradesh,89.0,0.0,2005.0,8.0,22.0,3.0,0.0,34,Monsoon,7.0,1,448,1382,High,1,1,69
3448,2005-08-28,2005-08-29,2.0,"flood (ganga, ghaghara, magari,tansa) ",Uttar Pradesh,8.0,0.0,2005.0,8.0,28.0,3.0,6.0,34,Monsoon,2.0,1,448,1382,Low,0,1,69
3449,2005-09-05,2005-09-06,2.0,heavy rains,Uttarakhand,0.0,0.0,2005.0,9.0,5.0,3.0,0.0,36,Monsoon,2.0,1,107,938,No Fatality,0,1,78
3450,2005-09-16,2005-09-16,1.0,heavy rains,Uttar Pradesh,8.0,0.0,2005.0,9.0,16.0,3.0,4.0,37,Monsoon,1.0,1,448,938,Low,0,1,69
3451,2005-09-24,2005-09-24,1.0,heavy rains,Uttar Pradesh,1.0,0.0,2005.0,9.0,24.0,3.0,5.0,38,Monsoon,1.0,1,448,938,Low,0,1,69
3452,2005-09-25,2005-09-25,1.0,heavy rains,"Uttar Pradesh, Uttarakhand",18.0,0.0,2005.0,9.0,25.0,3.0,6.0,38,Monsoon,1.0,1,13,938,Medium,1,1,76
3453,2005-04-10,2005-04-10,1.0,heavy rains,West Bengal,4.0,0.0,2005.0,4.0,10.0,2.0,6.0,14,Summer,1.0,1,330,171,Low,0,0,79
3454,2005-05-04,2005-05-04,1.0,heavy rains,West Bengal,11.0,4.0,2005.0,5.0,4.0,2.0,2.0,18,Summer,1.0,1,330,479,Medium,1,0,79
3455,2005-07-05,2005-07-05,1.0,heavy rains,West Bengal,0.0,0.0,2005.0,7.0,5.0,3.0,1.0,27,Monsoon,1.0,1,330,1709,No Fatality,0,1,79
3456,2005-07-09,2005-07-10,2.0,heavy rains,West Bengal,0.0,0.0,2005.0,7.0,9.0,3.0,5.0,27,Monsoon,2.0,1,330,1709,No Fatality,0,1,79
3457,2005-08-08,2005-08-08,1.0,heavy rains,West Bengal,15.0,0.0,2005.0,8.0,8.0,3.0,0.0,32,Monsoon,1.0,1,330,1382,Medium,1,1,79
3458,2005-08-14,2005-08-14,1.0,heavy rains,West Bengal,0.0,0.0,2005.0,8.0,14.0,3.0,6.0,32,Monsoon,1.0,1,330,1382,No Fatality,0,1,79
3459,2005-08-16,2005-08-16,1.0,heavy rains,West Bengal,0.0,0.0,2005.0,8.0,16.0,3.0,1.0,33,Monsoon,1.0,1,330,1382,No Fatality,0,1,79
3460,2005-08-26,2005-08-26,1.0,heavy rains,West Bengal,3.0,0.0,2005.0,8.0,26.0,3.0,4.0,34,Monsoon,1.0,1,330,1382,Low,0,1,79
3461,2005-09-13,2005-09-15,3.0,moderate flood,West Bengal,2.0,0.0,2005.0,9.0,13.0,3.0,1.0,37,Monsoon,3.0,1,330,938,Low,0,1,79
3462,2005-09-17,2005-09-19,3.0,moderate flood,West Bengal,2.0,0.0,2005.0,9.0,17.0,3.0,5.0,37,Monsoon,3.0,1,330,938,Low,0,1,79
3463,2005-09-18,2005-09-18,1.0,heavy rains,West Bengal,0.0,0.0,2005.0,9.0,18.0,3.0,6.0,37,Monsoon,1.0,1,330,938,No Fatality,0,1,79
3464,2005-10-21,2005-10-21,1.0,heavy rains,West Bengal,2.0,0.0,2005.0,10.0,21.0,4.0,4.0,42,Post-Monsoon,1.0,1,330,501,Low,0,0,79
3465,2005-10-23,2005-10-23,1.0,heavy rains,West Bengal,12.0,0.0,2005.0,10.0,23.0,4.0,6.0,42,Post-Monsoon,1.0,1,330,501,Medium,1,0,79
3466,2005-10-25,2005-10-26,2.0,severe flood,West Bengal,32.0,0.0,2005.0,10.0,25.0,4.0,1.0,43,Post-Monsoon,2.0,1,330,501,Medium,1,0,79
3467,2005-11-01,2005-11-01,1.0,heavy rains,West Bengal,0.0,0.0,2005.0,11.0,1.0,4.0,1.0,44,Post-Monsoon,1.0,1,330,194,No Fatality,0,0,79
3468,2005-08-03,2005-08-03,1.0,heavy rains,Punjab,0.0,1.0,2005.0,8.0,3.0,3.0,2.0,31,Monsoon,1.0,1,171,1382,No Fatality,0,1,61
3469,2006-08-05,2006-08-11,7.0,"flash flood (godavari,rivulets)",Andhra Pradesh,200.0,0.0,2006.0,8.0,5.0,3.0,5.0,31,Monsoon,7.0,1,150,1382,High,1,1,1
3470,2006-09-19,2006-09-22,4.0,flash flood,Andhra Pradesh,61.0,0.0,2006.0,9.0,19.0,3.0,1.0,38,Monsoon,4.0,1,150,938,High,1,1,1
3471,2006-06-04,2006-06-04,1.0,flash flood,Arunachal Pradesh,0.0,0.0,2006.0,6.0,4.0,2.0,6.0,22,Monsoon,1.0,1,150,1071,No Fatality,0,1,4
3472,2006-05-30,2006-06-01,3.0,heavy rains,Assam,0.0,0.0,2006.0,5.0,30.0,2.0,1.0,22,Summer,3.0,1,908,479,No Fatality,0,0,5
3473,2006-06-11,2006-06-17,7.0,"severe flood (noona, tributaries of brahmaputra)",Assam,9.0,0.0,2006.0,6.0,11.0,2.0,6.0,23,Monsoon,7.0,1,908,1071,Low,0,1,5
3474,2006-06-27,2006-06-27,1.0,flash flood (brahmaputra),Assam,7.0,0.0,2006.0,6.0,27.0,2.0,1.0,26,Monsoon,1.0,1,908,1071,Low,0,1,5
3475,2006-07-08,2006-07-08,1.0,"flash flood (brahmaputra,its tributaries)",Assam,1.0,0.0,2006.0,7.0,8.0,3.0,5.0,27,Monsoon,1.0,1,908,1709,Low,0,1,5
3476,2006-07-19,2006-07-22,4.0,Unknown,Assam,0.0,2.0,2006.0,7.0,19.0,3.0,2.0,29,Monsoon,4.0,1,908,1709,No Fatality,0,1,5
3477,2006-07-26,2006-07-26,1.0,"flash flood (burigang, ghaghara)",Assam,0.0,0.0,2006.0,7.0,26.0,3.0,2.0,30,Monsoon,1.0,1,908,1709,No Fatality,0,1,5
3478,2006-09-13,2006-09-13,1.0,flash flood,Assam,0.0,0.0,2006.0,9.0,13.0,3.0,2.0,37,Monsoon,1.0,1,908,938,No Fatality,0,1,5
3479,2006-09-15,2006-09-15,1.0,flash flood (brahmaputra),Assam,0.0,0.0,2006.0,9.0,15.0,3.0,4.0,37,Monsoon,1.0,1,908,938,No Fatality,0,1,5
3480,2006-07-12,2006-07-12,1.0,flash flood,Bihar,0.0,0.0,2006.0,7.0,12.0,3.0,2.0,28,Monsoon,1.0,1,149,1709,No Fatality,0,1,9
3481,2006-07-14,2006-07-15,2.0,"flash flood (bagmati, kamla balan, mahanadi, burhi gandak,adhwara)",Bihar,22.0,7.0,2006.0,7.0,14.0,3.0,4.0,28,Monsoon,2.0,1,149,1709,Medium,1,1,9
3482,2006-09-24,2006-09-25,2.0,heavy rains,Bihar,37.0,0.0,2006.0,9.0,24.0,3.0,6.0,38,Monsoon,2.0,1,149,938,Medium,1,1,9
3483,2006-06-01,2006-06-01,1.0,heavy rains,Gujarat,4.0,0.0,2006.0,6.0,1.0,2.0,3.0,22,Monsoon,1.0,1,168,1071,Low,0,1,26
3484,2006-07-04,2006-07-05,2.0,heavy rains,Gujarat,9.0,0.0,2006.0,7.0,4.0,3.0,1.0,27,Monsoon,2.0,1,168,1709,Low,0,1,26
3485,2006-07-29,2006-07-30,2.0,heavy rains,Gujarat,15.0,0.0,2006.0,7.0,29.0,3.0,5.0,30,Monsoon,2.0,1,168,1709,Medium,1,1,26
3486,2006-08-07,2006-08-07,1.0,flash flood (tapi),Gujarat,0.0,8.0,2006.0,8.0,7.0,3.0,0.0,32,Monsoon,1.0,1,168,1382,No Fatality,0,1,26
3487,2006-08-17,2006-08-17,1.0,heavy rains,Gujarat,8.0,0.0,2006.0,8.0,17.0,3.0,3.0,33,Monsoon,1.0,1,168,1382,Low,0,1,26
3488,2006-09-18,2006-09-18,1.0,heavy rains,Gujarat,4.0,0.0,2006.0,9.0,18.0,3.0,0.0,38,Monsoon,1.0,1,168,938,Low,0,1,26
3489,2006-07-11,2006-07-12,2.0,heavy rains,Haryana,0.0,1.0,2006.0,7.0,11.0,3.0,1.0,28,Monsoon,2.0,1,60,1709,No Fatality,0,1,27
3490,2006-07-20,2006-07-20,1.0,flash flood (markanda),Haryana,0.0,4.0,2006.0,7.0,20.0,3.0,3.0,29,Monsoon,1.0,1,60,1709,No Fatality,0,1,27
3491,2006-07-25,2006-07-26,2.0,flash flood,Haryana,0.0,0.0,2006.0,7.0,25.0,3.0,1.0,30,Monsoon,2.0,1,60,1709,No Fatality,0,1,27
3492,2006-08-22,2006-08-28,7.0,heavy rains,Haryana,0.0,0.0,2006.0,8.0,22.0,3.0,1.0,34,Monsoon,7.0,1,60,1382,No Fatality,0,1,27
3493,2006-05-26,2006-05-26,1.0,heavy rains,Himachal Pradesh,1.0,5.0,2006.0,5.0,26.0,2.0,4.0,21,Summer,1.0,1,362,479,Low,0,0,29
3494,2006-06-25,2006-06-25,1.0,heavy rains (cloud burst),Himachal Pradesh,0.0,0.0,2006.0,6.0,25.0,2.0,6.0,25,Monsoon,1.0,1,362,1071,No Fatality,0,1,29
3495,2006-07-09,2006-07-09,1.0,flash flood (tributaries of satlej),Himachal Pradesh,0.0,0.0,2006.0,7.0,9.0,3.0,6.0,27,Monsoon,1.0,1,362,1709,No Fatality,0,1,29
3496,2006-07-11,2006-07-12,2.0,heavy rains,Himachal Pradesh,0.0,0.0,2006.0,7.0,11.0,3.0,1.0,28,Monsoon,2.0,1,362,1709,No Fatality,0,1,29
3497,2006-07-23,2006-07-28,6.0,heavy rains,Himachal Pradesh,15.0,0.0,2006.0,7.0,23.0,3.0,6.0,29,Monsoon,6.0,1,362,1709,Medium,1,1,29
3498,2006-08-02,2006-08-04,3.0,flash flood (cloud burst),Himachal Pradesh,0.0,0.0,2006.0,8.0,2.0,3.0,2.0,31,Monsoon,3.0,1,362,1382,No Fatality,0,1,29
3499,2006-08-12,2006-08-12,1.0,flash flood (cloud burst),Himachal Pradesh,0.0,6.0,2006.0,8.0,12.0,3.0,5.0,32,Monsoon,1.0,1,362,1382,No Fatality,0,1,29
3500,2006-08-19,2006-08-19,1.0,heavy rains,Himachal Pradesh,0.0,0.0,2006.0,8.0,19.0,3.0,5.0,33,Monsoon,1.0,1,362,1382,No Fatality,0,1,29
3501,2006-08-26,2006-08-27,2.0,flash flood,Himachal Pradesh,0.0,4.0,2006.0,8.0,26.0,3.0,5.0,34,Monsoon,2.0,1,362,1382,No Fatality,0,1,29
3502,2006-09-02,2006-09-02,1.0,heavy rains,Himachal Pradesh,2.0,0.0,2006.0,9.0,2.0,3.0,5.0,35,Monsoon,1.0,1,362,938,Low,0,1,29
3503,2006-09-09,2006-09-09,1.0,heavy rains,Himachal Pradesh,0.0,0.0,2006.0,9.0,9.0,3.0,5.0,36,Monsoon,1.0,1,362,938,No Fatality,0,1,29
3504,2006-08-07,2006-08-07,1.0,flash flood,Jammu and Kashmir,15.0,0.0,2006.0,8.0,7.0,3.0,0.0,32,Monsoon,1.0,1,137,1382,Medium,1,1,33
3505,2006-09-03,2006-09-03,1.0,"flash flood (jhelum, chenab)",Jammu and Kashmir,6.0,0.0,2006.0,9.0,3.0,3.0,6.0,35,Monsoon,1.0,1,137,938,Low,0,1,33
3506,2006-07-29,2006-07-30,2.0,heavy rains,Jharkhand,15.0,0.0,2006.0,7.0,29.0,3.0,5.0,30,Monsoon,2.0,1,31,1709,Medium,1,1,36
3507,2006-09-23,2006-09-23,1.0,heavy rains,Jharkhand,0.0,0.0,2006.0,9.0,23.0,3.0,5.0,38,Monsoon,1.0,1,31,938,No Fatality,0,1,36
3508,2006-10-20,2006-10-20,1.0,heavy rains,Jharkhand,0.0,0.0,2006.0,10.0,20.0,4.0,4.0,42,Post-Monsoon,1.0,1,31,501,No Fatality,0,0,36
3509,2006-05-27,2006-05-30,4.0,heavy rains,Karnataka,21.0,4.0,2006.0,5.0,27.0,2.0,5.0,21,Summer,4.0,1,491,479,Medium,1,0,37
3510,2006-07-13,2006-07-13,1.0,flash flood,Karnataka,0.0,0.0,2006.0,7.0,13.0,3.0,3.0,28,Monsoon,1.0,1,491,1709,No Fatality,0,1,37
3511,2006-07-28,2006-07-28,1.0,heavy rains,Karnataka,0.0,0.0,2006.0,7.0,28.0,3.0,4.0,30,Monsoon,1.0,1,491,1709,No Fatality,0,1,37
3512,2006-08-01,2006-08-01,1.0,"flash flood (bheema, krishna,ghatprabha)",Karnataka,0.0,0.0,2006.0,8.0,1.0,3.0,1.0,31,Monsoon,1.0,1,491,1382,No Fatality,0,1,37
3513,2006-08-05,2006-08-05,1.0,"flash flood(bheema,krishna) ",Karnataka,0.0,0.0,2006.0,8.0,5.0,3.0,5.0,31,Monsoon,1.0,1,491,1382,No Fatality,0,1,37
3514,2006-03-05,2006-03-05,1.0,heavy rains,Kerala,0.0,18.0,2006.0,3.0,5.0,1.0,6.0,9,Summer,1.0,1,604,166,No Fatality,0,0,39
3515,2006-05-23,2006-05-23,1.0,heavy rains,Kerala,1.0,0.0,2006.0,5.0,23.0,2.0,1.0,21,Summer,1.0,1,604,479,Low,0,0,39
3516,2006-05-27,2006-05-29,3.0,heavy rains,Kerala,2.0,12.0,2006.0,5.0,27.0,2.0,5.0,21,Summer,3.0,1,604,479,Low,0,0,39
3517,2006-06-01,2006-06-01,1.0,heavy rains,Kerala,10.0,3.0,2006.0,6.0,1.0,2.0,3.0,22,Monsoon,1.0,1,604,1071,Low,0,1,39
3518,2006-06-23,2006-06-25,3.0,heavy rains,Kerala,3.0,2.0,2006.0,6.0,23.0,2.0,4.0,25,Monsoon,3.0,1,604,1071,Low,0,1,39
3519,2006-06-29,2006-06-29,1.0,heavy rains,Kerala,0.0,0.0,2006.0,6.0,29.0,2.0,3.0,26,Monsoon,1.0,1,604,1071,No Fatality,0,1,39
3520,2006-07-01,2006-07-03,3.0,heavy rains,Kerala,1.0,0.0,2006.0,7.0,1.0,3.0,5.0,26,Monsoon,3.0,1,604,1709,Low,0,1,39
3521,2006-07-04,2006-07-04,1.0,heavy rains,Kerala,6.0,1.0,2006.0,7.0,4.0,3.0,1.0,27,Monsoon,1.0,1,604,1709,Low,0,1,39
3522,2006-07-05,2006-07-06,2.0,heavy rains,Kerala,0.0,0.0,2006.0,7.0,5.0,3.0,2.0,27,Monsoon,2.0,1,604,1709,No Fatality,0,1,39
3523,2006-08-13,2006-08-13,1.0,heavy rains,Kerala,0.0,0.0,2006.0,8.0,13.0,3.0,6.0,32,Monsoon,1.0,1,604,1382,No Fatality,0,1,39
3524,2006-09-22,2006-09-22,1.0,flash flood,Kerala,0.0,0.0,2006.0,9.0,22.0,3.0,4.0,38,Monsoon,1.0,1,604,938,No Fatality,0,1,39
3525,2006-09-25,2006-09-27,3.0,heavy rains,Kerala,2.0,0.0,2006.0,9.0,25.0,3.0,0.0,39,Monsoon,3.0,1,604,938,Low,0,1,39
3526,2006-10-18,2006-10-18,1.0,heavy rains,Kerala,0.0,0.0,2006.0,10.0,18.0,4.0,2.0,42,Post-Monsoon,1.0,1,604,501,No Fatality,0,0,39
3527,2006-10-28,2006-10-29,2.0,heavy rains,Kerala,2.0,6.0,2006.0,10.0,28.0,4.0,5.0,43,Post-Monsoon,2.0,1,604,501,Low,0,0,39
3528,2006-11-04,2006-11-04,1.0,heavy rains,Kerala,0.0,0.0,2006.0,11.0,4.0,4.0,5.0,44,Post-Monsoon,1.0,1,604,194,No Fatality,0,0,39
3529,2006-11-08,2006-11-08,1.0,heavy rains,Kerala,0.0,0.0,2006.0,11.0,8.0,4.0,2.0,45,Post-Monsoon,1.0,1,604,194,No Fatality,0,0,39
3530,2006-11-21,2006-11-21,1.0,heavy rains,Kerala,0.0,0.0,2006.0,11.0,21.0,4.0,1.0,47,Post-Monsoon,1.0,1,604,194,No Fatality,0,0,39
3531,2006-11-25,2006-11-25,1.0,heavy rains,Kerala,1.0,0.0,2006.0,11.0,25.0,4.0,5.0,47,Post-Monsoon,1.0,1,604,194,Low,0,0,39
3532,2006-07-05,2006-07-05,1.0,heavy rains,"Madhya Pradesh,  Chhattisgarh",2.0,0.0,2006.0,7.0,5.0,3.0,2.0,27,Monsoon,1.0,1,17,1709,Low,0,1,44
3533,2006-07-31,2006-07-31,1.0,heavy rains,"Madhya Pradesh,  Chhattisgarh",0.0,0.0,2006.0,7.0,31.0,3.0,0.0,31,Monsoon,1.0,1,17,1709,No Fatality,0,1,44
3534,2006-08-06,2006-08-08,3.0,flash flood,"Madhya Pradesh,  Chhattisgarh",1.0,16.0,2006.0,8.0,6.0,3.0,6.0,31,Monsoon,3.0,1,17,1382,Low,0,1,44
3535,2006-08-10,2006-08-10,1.0,flash flood,"Madhya Pradesh,  Chhattisgarh",38.0,0.0,2006.0,8.0,10.0,3.0,3.0,32,Monsoon,1.0,1,17,1382,Medium,1,1,44
3536,2006-08-13,2006-08-20,8.0,heavy rains.,"Madhya Pradesh,  Chhattisgarh",158.0,0.0,2006.0,8.0,13.0,3.0,6.0,32,Monsoon,8.0,1,17,1382,High,1,1,44
3537,2006-08-27,2006-08-28,2.0,heavy rains.,"Madhya Pradesh,  Chhattisgarh",3.0,2.0,2006.0,8.0,27.0,3.0,6.0,34,Monsoon,2.0,1,17,1382,Low,0,1,44
3538,2006-09-01,2006-09-01,1.0,flash flood,"Madhya Pradesh,  Chhattisgarh",9.0,0.0,2006.0,9.0,1.0,3.0,4.0,35,Monsoon,1.0,1,17,938,Low,0,1,44
3539,2006-09-05,2006-09-06,2.0,flash flood,"Madhya Pradesh,  Chhattisgarh",0.0,4.0,2006.0,9.0,5.0,3.0,1.0,36,Monsoon,2.0,1,17,938,No Fatality,0,1,44
3540,2006-05-22,2006-05-22,1.0,heavy rains,Maharashtra,1.0,0.0,2006.0,5.0,22.0,2.0,0.0,21,Summer,1.0,1,1011,479,Low,0,0,47
3541,2006-05-30,2006-06-02,4.0,heavy rains,Maharashtra,38.0,9.0,2006.0,5.0,30.0,2.0,1.0,22,Summer,4.0,1,1011,479,Medium,1,0,47
3542,2006-06-03,2006-06-03,1.0,heavy rains,Maharashtra,6.0,0.0,2006.0,6.0,3.0,2.0,5.0,22,Monsoon,1.0,1,1011,1071,Low,0,1,47
3543,2006-06-18,2006-06-20,3.0,heavy rains,Maharashtra,18.0,11.0,2006.0,6.0,18.0,2.0,6.0,24,Monsoon,3.0,1,1011,1071,Medium,1,1,47
3544,2006-06-25,2006-06-25,1.0,heavy rains,Maharashtra,3.0,4.0,2006.0,6.0,25.0,2.0,6.0,25,Monsoon,1.0,1,1011,1071,Low,0,1,47
3545,2006-07-01,2006-07-07,7.0,heavy rains,Maharashtra,131.0,9.0,2006.0,7.0,1.0,3.0,5.0,26,Monsoon,7.0,1,1011,1709,High,1,1,47
3546,2006-07-11,2006-07-11,1.0,flash flood,Maharashtra,29.0,0.0,2006.0,7.0,11.0,3.0,1.0,28,Monsoon,1.0,1,1011,1709,Medium,1,1,47
3547,2006-07-18,2006-07-19,2.0,flash flood,Maharashtra,32.0,0.0,2006.0,7.0,18.0,3.0,1.0,29,Monsoon,2.0,1,1011,1709,Medium,1,1,47
3548,2006-07-28,2006-08-02,6.0,"flash flood (pavna, varna, krishna, panchganga & tributaries) ",Maharashtra,0.0,0.0,2006.0,7.0,28.0,3.0,4.0,30,Monsoon,6.0,1,1011,1709,No Fatality,0,1,47
3549,2006-08-05,2006-08-09,5.0,flash flood,Maharashtra,149.0,0.0,2006.0,8.0,5.0,3.0,5.0,31,Monsoon,5.0,1,1011,1382,High,1,1,47
3550,2006-08-15,2006-08-15,1.0,heavy rains,Maharashtra,1.0,0.0,2006.0,8.0,15.0,3.0,1.0,33,Monsoon,1.0,1,1011,1382,Low,0,1,47
3551,2006-08-24,2006-08-24,1.0,heavy rains,Maharashtra,0.0,1.0,2006.0,8.0,24.0,3.0,3.0,34,Monsoon,1.0,1,1011,1382,No Fatality,0,1,47
3552,2006-09-12,2006-09-17,6.0,heavy rains,Maharashtra,12.0,0.0,2006.0,9.0,12.0,3.0,1.0,37,Monsoon,6.0,1,1011,938,Medium,1,1,47
3553,2006-09-27,2006-09-27,1.0,heavy rains,Maharashtra,0.0,0.0,2006.0,9.0,27.0,3.0,2.0,39,Monsoon,1.0,1,1011,938,No Fatality,0,1,47
3554,2006-10-02,2006-10-03,2.0,heavy rains,Maharashtra,0.0,0.0,2006.0,10.0,2.0,4.0,0.0,40,Post-Monsoon,2.0,1,1011,501,No Fatality,0,0,47
3555,2006-07-01,2006-07-31,31.0,severe flood,Odisha,36.0,0.0,2006.0,7.0,1.0,3.0,5.0,26,Monsoon,31.0,1,144,1709,Medium,1,1,55
3556,2006-08-01,2006-08-31,31.0,severe flood,Odisha,45.0,0.0,2006.0,8.0,1.0,3.0,1.0,31,Monsoon,31.0,1,144,1382,Medium,1,1,55
3557,2006-09-01,2006-09-30,30.0,heavy rains,Odisha,18.0,0.0,2006.0,9.0,1.0,3.0,4.0,35,Monsoon,30.0,1,144,938,Medium,1,1,55
3558,2006-04-23,2006-04-23,1.0,heavy rains,Punjab,0.0,0.0,2006.0,4.0,23.0,2.0,6.0,16,Summer,1.0,1,171,171,No Fatality,0,0,61
3559,2006-05-20,2006-05-20,1.0,heavy rains,Punjab,0.0,5.0,2006.0,5.0,20.0,2.0,5.0,20,Summer,1.0,1,171,479,No Fatality,0,0,61
3560,2006-06-24,2006-06-24,1.0,heavy rains,Punjab,0.0,2.0,2006.0,6.0,24.0,2.0,5.0,25,Monsoon,1.0,1,171,1071,No Fatality,0,1,61
3561,2006-07-25,2006-07-26,2.0,heavy rains,Punjab,2.0,4.0,2006.0,7.0,25.0,3.0,1.0,30,Monsoon,2.0,1,171,1709,Low,0,1,61
3562,2006-08-27,2006-08-28,2.0,heavy rains,Punjab,0.0,0.0,2006.0,8.0,27.0,3.0,6.0,34,Monsoon,2.0,1,171,1382,No Fatality,0,1,61
3563,2006-09-02,2006-09-02,1.0,heavy rains,Punjab,1.0,4.0,2006.0,9.0,2.0,3.0,5.0,35,Monsoon,1.0,1,171,938,Low,0,1,61
3564,2006-07-29,2006-07-29,1.0,heavy rains,Rajasthan,1.0,6.0,2006.0,7.0,29.0,3.0,5.0,30,Monsoon,1.0,1,259,1709,Low,0,1,62
3565,2006-07-31,2006-07-31,1.0,heavy rains,Rajasthan,2.0,0.0,2006.0,7.0,31.0,3.0,0.0,31,Monsoon,1.0,1,259,1709,Low,0,1,62
3566,2006-08-01,2006-08-01,1.0,heavy rains,Rajasthan,0.0,0.0,2006.0,8.0,1.0,3.0,1.0,31,Monsoon,1.0,1,259,1382,No Fatality,0,1,62
3567,2006-08-19,2006-08-21,3.0,heavy rains(khari) ,Rajasthan,26.0,0.0,2006.0,8.0,19.0,3.0,5.0,33,Monsoon,3.0,1,259,1382,Medium,1,1,62
3568,2006-08-24,2006-09-01,9.0,heavy rains,Rajasthan,440.0,0.0,2006.0,8.0,24.0,3.0,3.0,34,Monsoon,9.0,1,259,1382,High,1,1,62
3569,2006-09-06,2006-09-07,2.0,heavy rains,Rajasthan,0.0,2.0,2006.0,9.0,6.0,3.0,2.0,36,Monsoon,2.0,1,259,938,No Fatality,0,1,62
3570,2006-05-13,2006-05-13,1.0,heavy rains,Tamil Nadu,0.0,0.0,2006.0,5.0,13.0,2.0,5.0,19,Summer,1.0,1,188,479,No Fatality,0,0,66
3571,2006-10-22,2006-10-28,7.0,flash flood,Tamil Nadu,47.0,0.0,2006.0,10.0,22.0,4.0,6.0,42,Post-Monsoon,7.0,1,188,501,Medium,1,0,66
3572,2006-11-09,2006-11-15,7.0,heavy rains,Tamil Nadu,1.0,0.0,2006.0,11.0,9.0,4.0,3.0,45,Post-Monsoon,7.0,1,188,194,Low,0,0,66
3573,2006-11-18,2006-11-18,1.0,flash flood,Tamil Nadu,7.0,0.0,2006.0,11.0,18.0,4.0,5.0,46,Post-Monsoon,1.0,1,188,194,Low,0,0,66
3574,2006-06-07,2006-06-07,1.0,heavy rains,"Uttar Pradesh, Uttarakhand",15.0,0.0,2006.0,6.0,7.0,2.0,2.0,23,Monsoon,1.0,1,13,1071,Medium,1,1,76
3575,2006-08-30,2006-08-30,1.0,heavy rains,West Bengal,0.0,0.0,2006.0,8.0,30.0,3.0,2.0,35,Monsoon,1.0,1,330,1382,No Fatality,0,1,79
3576,2006-09-07,2006-09-09,3.0,flash flood,West Bengal,0.0,0.0,2006.0,9.0,7.0,3.0,3.0,36,Monsoon,3.0,1,330,938,No Fatality,0,1,79
3577,2006-09-19,2006-09-25,7.0,heavy rains,West Bengal,84.0,0.0,2006.0,9.0,19.0,3.0,1.0,38,Monsoon,7.0,1,330,938,High,1,1,79
3578,2006-09-28,2006-09-29,2.0,flash flood,West Bengal,5.0,0.0,2006.0,9.0,28.0,3.0,3.0,39,Monsoon,2.0,1,330,938,Low,0,1,79
3579,2006-09-08,2006-09-08,1.0,heavy rains,Punjab,0.0,0.0,2006.0,9.0,8.0,3.0,4.0,36,Monsoon,1.0,1,171,938,No Fatality,0,1,61
3580,2007-06-23,2007-06-23,1.0,heavy rains,Andhra Pradesh,50.0,0.0,2007.0,6.0,23.0,2.0,5.0,25,Monsoon,1.0,1,150,1071,Medium,1,1,1
3581,2007-08-01,2007-08-02,2.0,heavy rains,Andhra Pradesh,4.0,0.0,2007.0,8.0,1.0,3.0,2.0,31,Monsoon,2.0,1,150,1382,Low,0,1,1
3582,2007-08-08,2007-08-08,1.0,"flood (krishna, nagavalli, tungabhadra,vamsadhara)",Andhra Pradesh,2.0,0.0,2007.0,8.0,8.0,3.0,2.0,32,Monsoon,1.0,1,150,1382,Low,0,1,1
3583,2007-08-24,2007-08-24,1.0,heavy rains,Andhra Pradesh,0.0,0.0,2007.0,8.0,24.0,3.0,4.0,34,Monsoon,1.0,1,150,1382,No Fatality,0,1,1
3584,2007-08-28,2007-08-28,1.0,heavy rains,Andhra Pradesh,2.0,0.0,2007.0,8.0,28.0,3.0,1.0,35,Monsoon,1.0,1,150,1382,Low,0,1,1
3585,2007-09-01,2007-09-01,1.0,heavy rains,Andhra Pradesh,0.0,0.0,2007.0,9.0,1.0,3.0,5.0,35,Monsoon,1.0,1,150,938,No Fatality,0,1,1
3586,2007-09-16,2007-09-24,9.0,heavy rains,Andhra Pradesh,21.0,2.0,2007.0,9.0,16.0,3.0,6.0,37,Monsoon,9.0,1,150,938,Medium,1,1,1
3587,2007-10-05,2007-10-05,1.0,heavy rains,Andhra Pradesh,6.0,0.0,2007.0,10.0,5.0,4.0,4.0,40,Post-Monsoon,1.0,1,150,501,Low,0,0,1
3588,2007-10-14,2007-10-14,1.0,heavy rains,Andhra Pradesh,22.0,0.0,2007.0,10.0,14.0,4.0,6.0,41,Post-Monsoon,1.0,1,150,501,Medium,1,0,1
3589,2007-10-28,2007-10-30,3.0,heavy rains,Andhra Pradesh,21.0,0.0,2007.0,10.0,28.0,4.0,6.0,43,Post-Monsoon,3.0,1,150,501,Medium,1,0,1
3590,2007-06-13,2007-06-18,6.0,moderate flood,Assam,0.0,0.0,2007.0,6.0,13.0,2.0,2.0,24,Monsoon,6.0,1,908,1071,No Fatality,0,1,5
3591,2007-07-12,2007-07-13,2.0,"flash flood (dhal, jia,kumtia) ",Assam,0.0,0.0,2007.0,7.0,12.0,3.0,3.0,28,Monsoon,2.0,1,908,1709,No Fatality,0,1,5
3592,2007-07-19,2007-07-19,1.0,heavy rains,Assam,7.0,0.0,2007.0,7.0,19.0,3.0,3.0,29,Monsoon,1.0,1,908,1709,Low,0,1,5
3593,2007-07-22,2007-08-07,17.0,"severe flood (dikhow, desang, brahmaputra)",Assam,40.0,0.0,2007.0,7.0,22.0,3.0,6.0,29,Monsoon,17.0,1,908,1709,Medium,1,1,5
3594,2007-08-17,2007-08-17,1.0,"flood (beki,puthimari)",Assam,2.0,0.0,2007.0,8.0,17.0,3.0,4.0,33,Monsoon,1.0,1,908,1382,Low,0,1,5
3595,2007-08-29,2007-08-29,1.0,flood (dikhow),Assam,0.0,5.0,2007.0,8.0,29.0,3.0,2.0,35,Monsoon,1.0,1,908,1382,No Fatality,0,1,5
3596,2007-09-03,2007-09-10,8.0,flood,Assam,0.0,0.0,2007.0,9.0,3.0,3.0,0.0,36,Monsoon,8.0,1,908,938,No Fatality,0,1,5
3597,2007-09-09,2007-09-09,1.0,flood,Assam,0.0,5.0,2007.0,9.0,9.0,3.0,6.0,36,Monsoon,1.0,1,908,938,No Fatality,0,1,5
3598,2007-09-15,2007-09-15,1.0,heavy rains,Assam,0.0,0.0,2007.0,9.0,15.0,3.0,5.0,37,Monsoon,1.0,1,908,938,No Fatality,0,1,5
3599,2007-09-15,2007-09-15,1.0,flood,Assam,10.0,0.0,2007.0,9.0,15.0,3.0,5.0,37,Monsoon,1.0,1,908,938,Low,0,1,5
3600,2007-06-13,2007-06-13,1.0,heavy rains,Bihar,19.0,3.0,2007.0,6.0,13.0,2.0,2.0,24,Monsoon,1.0,1,149,1071,Medium,1,1,9
3601,2007-06-16,2007-06-16,1.0,flash flood (bagmati),Bihar,0.0,0.0,2007.0,6.0,16.0,2.0,5.0,24,Monsoon,1.0,1,149,1071,No Fatality,0,1,9
3602,2007-07-26,2007-07-26,1.0,flood,Bihar,7.0,0.0,2007.0,7.0,26.0,3.0,3.0,30,Monsoon,1.0,1,149,1709,Low,0,1,9
3603,2007-07-29,2007-07-29,1.0,flood,Bihar,18.0,0.0,2007.0,7.0,29.0,3.0,6.0,30,Monsoon,1.0,1,149,1709,Medium,1,1,9
3604,2007-08-01,2007-08-14,14.0,heavy rains,Bihar,68.0,100.0,2007.0,8.0,1.0,3.0,2.0,31,Monsoon,14.0,1,149,1382,High,1,1,9
3605,2007-08-27,2007-08-27,1.0,flood,Bihar,23.0,0.0,2007.0,8.0,27.0,3.0,0.0,35,Monsoon,1.0,1,149,1382,Medium,1,1,9
3606,2007-09-09,2007-09-09,1.0,flood,Bihar,9.0,0.0,2007.0,9.0,9.0,3.0,6.0,36,Monsoon,1.0,1,149,938,Low,0,1,9
3607,2007-09-26,2007-09-26,1.0,flood,Bihar,20.0,0.0,2007.0,9.0,26.0,3.0,2.0,39,Monsoon,1.0,1,149,938,Medium,1,1,9
3608,2007-06-30,2007-06-30,1.0,heavy rains,Chhattisgarh,0.0,0.0,2007.0,6.0,30.0,2.0,5.0,26,Monsoon,1.0,1,52,1071,No Fatality,0,1,17
3609,2007-07-03,2007-07-03,1.0,heavy rains,Gujarat,63.0,0.0,2007.0,7.0,3.0,3.0,1.0,27,Monsoon,1.0,1,168,1709,High,1,1,26
3610,2007-02-10,2007-02-10,1.0,heavy rains,Haryana,0.0,0.0,2007.0,2.0,10.0,1.0,5.0,6,Winter,1.0,1,60,66,No Fatality,0,0,27
3611,2007-06-15,2007-06-15,1.0,heavy rains,Haryana,2.0,0.0,2007.0,6.0,15.0,2.0,4.0,24,Monsoon,1.0,1,60,1071,Low,0,1,27
3612,2007-07-16,2007-07-17,2.0,heavy rains,Haryana,0.0,6.0,2007.0,7.0,16.0,3.0,0.0,29,Monsoon,2.0,1,60,1709,No Fatality,0,1,27
3613,2007-09-12,2007-09-12,1.0,moderate flood,Haryana,0.0,0.0,2007.0,9.0,12.0,3.0,2.0,37,Monsoon,1.0,1,60,938,No Fatality,0,1,27
3614,2007-02-11,2007-02-12,2.0,heavy rains,Himachal Pradesh,0.0,0.0,2007.0,2.0,11.0,1.0,6.0,6,Winter,2.0,1,362,66,No Fatality,0,0,29
3615,2007-03-01,2007-03-01,1.0,heavy rains,Himachal Pradesh,0.0,0.0,2007.0,3.0,1.0,1.0,3.0,9,Summer,1.0,1,362,166,No Fatality,0,0,29
3616,2007-03-13,2007-03-13,1.0,heavy rains,Himachal Pradesh,0.0,0.0,2007.0,3.0,13.0,1.0,1.0,11,Summer,1.0,1,362,166,No Fatality,0,0,29
3617,2007-05-01,2007-05-01,1.0,heavy rains,Himachal Pradesh,0.0,0.0,2007.0,5.0,1.0,2.0,1.0,18,Summer,1.0,1,362,479,No Fatality,0,0,29
3618,2007-05-16,2007-05-16,1.0,heavy rains,Himachal Pradesh,5.0,0.0,2007.0,5.0,16.0,2.0,2.0,20,Summer,1.0,1,362,479,Low,0,0,29
3619,2007-06-14,2007-06-14,1.0,heavy rains,Himachal Pradesh,0.0,0.0,2007.0,6.0,14.0,2.0,3.0,24,Monsoon,1.0,1,362,1071,No Fatality,0,1,29
3620,2007-07-08,2007-07-09,2.0,heavy rains (cloud burst),Himachal Pradesh,4.0,4.0,2007.0,7.0,8.0,3.0,6.0,27,Monsoon,2.0,1,362,1709,Low,0,1,29
3621,2007-07-12,2007-07-12,1.0,heavy rains,Himachal Pradesh,2.0,1.0,2007.0,7.0,12.0,3.0,3.0,28,Monsoon,1.0,1,362,1709,Low,0,1,29
3622,2007-07-21,2007-07-21,1.0,heavy rains (cloud burst),Himachal Pradesh,0.0,0.0,2007.0,7.0,21.0,3.0,5.0,29,Monsoon,1.0,1,362,1709,No Fatality,0,1,29
3623,2007-08-06,2007-08-08,3.0,flash flood,Himachal Pradesh,3.0,7.0,2007.0,8.0,6.0,3.0,0.0,32,Monsoon,3.0,1,362,1382,Low,0,1,29
3624,2007-08-08,2007-08-14,7.0,flood (cloud burst),Himachal Pradesh,0.0,0.0,2007.0,8.0,8.0,3.0,2.0,32,Monsoon,7.0,1,362,1382,No Fatality,0,1,29
3625,2007-08-12,2007-08-12,1.0,flash flood,Himachal Pradesh,11.0,2.0,2007.0,8.0,12.0,3.0,6.0,32,Monsoon,1.0,1,362,1382,Medium,1,1,29
3626,2007-08-13,2007-08-13,1.0,flood (cloud burst),Himachal Pradesh,21.0,0.0,2007.0,8.0,13.0,3.0,0.0,33,Monsoon,1.0,1,362,1382,Medium,1,1,29
3627,2007-08-14,2007-08-14,1.0,severe flood,Himachal Pradesh,0.0,65.0,2007.0,8.0,14.0,3.0,1.0,33,Monsoon,1.0,1,362,1382,No Fatality,0,1,29
3628,2007-08-16,2007-08-16,1.0,heavy rains,Himachal Pradesh,2.0,0.0,2007.0,8.0,16.0,3.0,3.0,33,Monsoon,1.0,1,362,1382,Low,0,1,29
3629,2007-09-06,2007-09-06,1.0,heavy rains,Himachal Pradesh,15.0,2.0,2007.0,9.0,6.0,3.0,3.0,36,Monsoon,1.0,1,362,938,Medium,1,1,29
3630,2007-03-19,2007-03-22,4.0,flood (cloud burst),Jammu and Kashmir,2.0,4.0,2007.0,3.0,19.0,1.0,0.0,12,Summer,4.0,1,137,166,Low,0,0,33
3631,2007-07-04,2007-07-04,1.0,heavy rains,Jharkhand,15.0,0.0,2007.0,7.0,4.0,3.0,2.0,27,Monsoon,1.0,1,31,1709,Medium,1,1,36
3632,2007-07-08,2007-07-08,1.0,heavy rains,Jharkhand,4.0,0.0,2007.0,7.0,8.0,3.0,6.0,27,Monsoon,1.0,1,31,1709,Low,0,1,36
3633,2007-07-13,2007-07-15,3.0,heavy rains,Jharkhand,17.0,0.0,2007.0,7.0,13.0,3.0,4.0,28,Monsoon,3.0,1,31,1709,Medium,1,1,36
3634,2007-08-05,2007-08-10,6.0,heavy rains,Jharkhand,10.0,0.0,2007.0,8.0,5.0,3.0,6.0,31,Monsoon,6.0,1,31,1382,Low,0,1,36
3635,2007-08-23,2007-08-26,4.0,heavy rains,Jharkhand,23.0,0.0,2007.0,8.0,23.0,3.0,3.0,34,Monsoon,4.0,1,31,1382,Medium,1,1,36
3636,2007-04-21,2007-04-21,1.0,heavy rains,Karnataka,0.0,0.0,2007.0,4.0,21.0,2.0,5.0,16,Summer,1.0,1,491,171,No Fatality,0,0,37
3637,2007-04-22,2007-04-22,1.0,flash flood,Karnataka,0.0,1.0,2007.0,4.0,22.0,2.0,6.0,16,Summer,1.0,1,491,171,No Fatality,0,0,37
3638,2007-05-27,2007-05-27,1.0,heavy rains,Karnataka,3.0,8.0,2007.0,5.0,27.0,2.0,6.0,21,Summer,1.0,1,491,479,Low,0,0,37
3639,2007-06-18,2007-06-18,1.0,heavy rains,Karnataka,0.0,0.0,2007.0,6.0,18.0,2.0,0.0,25,Monsoon,1.0,1,491,1071,No Fatality,0,1,37
3640,2007-06-21,2007-06-24,4.0,heavy rains,Karnataka,39.0,20.0,2007.0,6.0,21.0,2.0,3.0,25,Monsoon,4.0,1,491,1071,Medium,1,1,37
3641,2007-06-27,2007-06-27,1.0,heavy rains,Karnataka,1.0,3.0,2007.0,6.0,27.0,2.0,2.0,26,Monsoon,1.0,1,491,1071,Low,0,1,37
3642,2007-06-30,2007-06-30,1.0,heavy rains,Karnataka,0.0,0.0,2007.0,6.0,30.0,2.0,5.0,26,Monsoon,1.0,1,491,1071,No Fatality,0,1,37
3643,2007-07-01,2007-07-01,1.0,heavy rains,Karnataka,1.0,0.0,2007.0,7.0,1.0,3.0,6.0,26,Monsoon,1.0,1,491,1709,Low,0,1,37
3644,2007-07-04,2007-07-04,1.0,heavy rains,Karnataka,2.0,0.0,2007.0,7.0,4.0,3.0,2.0,27,Monsoon,1.0,1,491,1709,Low,0,1,37
3645,2007-07-08,2007-07-08,1.0,heavy rains,Karnataka,1.0,0.0,2007.0,7.0,8.0,3.0,6.0,27,Monsoon,1.0,1,491,1709,Low,0,1,37
3646,2007-07-14,2007-07-15,2.0,heavy rains,Karnataka,0.0,0.0,2007.0,7.0,14.0,3.0,5.0,28,Monsoon,2.0,1,491,1709,No Fatality,0,1,37
3647,2007-07-18,2007-07-21,4.0,"flash flood (hemavathi,kapila)",Karnataka,0.0,5.0,2007.0,7.0,18.0,3.0,2.0,29,Monsoon,4.0,1,491,1709,No Fatality,0,1,37
3648,2007-07-31,2007-07-31,1.0,heavy rains,Karnataka,3.0,0.0,2007.0,7.0,31.0,3.0,1.0,31,Monsoon,1.0,1,491,1709,Low,0,1,37
3649,2007-08-08,2007-08-12,5.0,heavy rains,Karnataka,28.0,0.0,2007.0,8.0,8.0,3.0,2.0,32,Monsoon,5.0,1,491,1382,Medium,1,1,37
3650,2007-09-09,2007-09-09,1.0,heavy rains,Karnataka,2.0,0.0,2007.0,9.0,9.0,3.0,6.0,36,Monsoon,1.0,1,491,938,Low,0,1,37
3651,2007-09-17,2007-09-20,4.0,heavy rains,Karnataka,14.0,0.0,2007.0,9.0,17.0,3.0,0.0,38,Monsoon,4.0,1,491,938,Medium,1,1,37
3652,2007-09-22,2007-09-22,1.0,flash flood,Karnataka,3.0,0.0,2007.0,9.0,22.0,3.0,5.0,38,Monsoon,1.0,1,491,938,Low,0,1,37
3653,2007-10-20,2007-10-20,1.0,heavy rains,Karnataka,7.0,0.0,2007.0,10.0,20.0,4.0,5.0,42,Post-Monsoon,1.0,1,491,501,Low,0,0,37
3654,2007-10-22,2007-10-22,1.0,heavy rains,Karnataka,2.0,1.0,2007.0,10.0,22.0,4.0,0.0,43,Post-Monsoon,1.0,1,491,501,Low,0,0,37
3655,2007-10-25,2007-10-25,1.0,heavy rains,Karnataka,3.0,0.0,2007.0,10.0,25.0,4.0,3.0,43,Post-Monsoon,1.0,1,491,501,Low,0,0,37
3656,2007-02-26,2007-02-26,1.0,heavy rains,Kerala,2.0,5.0,2007.0,2.0,26.0,1.0,0.0,9,Winter,1.0,1,604,66,Low,0,0,39
3657,2007-04-21,2007-04-21,1.0,moderate flood,Kerala,0.0,0.0,2007.0,4.0,21.0,2.0,5.0,16,Summer,1.0,1,604,171,No Fatality,0,0,39
3658,2007-06-07,2007-06-07,1.0,heavy rains,Kerala,0.0,0.0,2007.0,6.0,7.0,2.0,3.0,23,Monsoon,1.0,1,604,1071,No Fatality,0,1,39
3659,2007-06-10,2007-06-10,1.0,heavy rains,Kerala,0.0,0.0,2007.0,6.0,10.0,2.0,6.0,23,Monsoon,1.0,1,604,1071,No Fatality,0,1,39
3660,2007-06-14,2007-06-14,1.0,heavy rains,Kerala,1.0,0.0,2007.0,6.0,14.0,2.0,3.0,24,Monsoon,1.0,1,604,1071,Low,0,1,39
3661,2007-06-22,2007-06-28,7.0,heavy rains,Kerala,77.0,103.0,2007.0,6.0,22.0,2.0,4.0,25,Monsoon,7.0,1,604,1071,High,1,1,39
3662,2007-06-28,2007-06-29,2.0,heavy rains,Kerala,0.0,0.0,2007.0,6.0,28.0,2.0,3.0,26,Monsoon,2.0,1,604,1071,No Fatality,0,1,39
3663,2007-07-01,2007-07-01,1.0,heavy rains,Kerala,0.0,3.0,2007.0,7.0,1.0,3.0,6.0,26,Monsoon,1.0,1,604,1709,No Fatality,0,1,39
3664,2007-07-02,2007-07-02,1.0,heavy rains,Kerala,1.0,0.0,2007.0,7.0,2.0,3.0,0.0,27,Monsoon,1.0,1,604,1709,Low,0,1,39
3665,2007-07-04,2007-07-05,2.0,heavy rains,Kerala,0.0,2.0,2007.0,7.0,4.0,3.0,2.0,27,Monsoon,2.0,1,604,1709,No Fatality,0,1,39
3666,2007-07-14,2007-07-18,5.0,heavy rains,Kerala,30.0,2.0,2007.0,7.0,14.0,3.0,5.0,28,Monsoon,5.0,1,604,1709,Medium,1,1,39
3667,2007-07-26,2007-07-28,3.0,heavy rains,Kerala,0.0,0.0,2007.0,7.0,26.0,3.0,3.0,30,Monsoon,3.0,1,604,1709,No Fatality,0,1,39
3668,2007-09-09,2007-09-09,1.0,heavy rains,Kerala,0.0,0.0,2007.0,9.0,9.0,3.0,6.0,36,Monsoon,1.0,1,604,938,No Fatality,0,1,39
3669,2007-10-21,2007-10-21,1.0,heavy rains,Kerala,0.0,0.0,2007.0,10.0,21.0,4.0,6.0,42,Post-Monsoon,1.0,1,604,501,No Fatality,0,0,39
3670,2007-11-03,2007-11-09,7.0,heavy rains,Kerala,0.0,5.0,2007.0,11.0,3.0,4.0,5.0,44,Post-Monsoon,7.0,1,604,194,No Fatality,0,0,39
3671,2007-07-10,2007-07-11,2.0,heavy rains,Madhya Pradesh,42.0,0.0,2007.0,7.0,10.0,3.0,1.0,28,Monsoon,2.0,1,238,1709,Medium,1,1,43
3672,2007-08-09,2007-08-09,1.0,heavy rains,Madhya Pradesh,0.0,3.0,2007.0,8.0,9.0,3.0,3.0,32,Monsoon,1.0,1,238,1382,No Fatality,0,1,43
3673,2007-06-01,2007-06-01,1.0,heavy rains,Maharashtra,3.0,20.0,2007.0,6.0,1.0,2.0,4.0,22,Monsoon,1.0,1,1011,1071,Low,0,1,47
3674,2007-06-24,2007-06-24,1.0,heavy rains,Maharashtra,7.0,4.0,2007.0,6.0,24.0,2.0,6.0,25,Monsoon,1.0,1,1011,1071,Low,0,1,47
3675,2007-06-30,2007-06-30,1.0,heavy rains,Maharashtra,16.0,0.0,2007.0,6.0,30.0,2.0,5.0,26,Monsoon,1.0,1,1011,1071,Medium,1,1,47
3676,2007-07-01,2007-07-02,2.0,heavy rains,Maharashtra,70.0,9.0,2007.0,7.0,1.0,3.0,6.0,26,Monsoon,2.0,1,1011,1709,High,1,1,47
3677,2007-07-06,2007-07-06,1.0,flash flood,Maharashtra,5.0,0.0,2007.0,7.0,6.0,3.0,4.0,27,Monsoon,1.0,1,1011,1709,Low,0,1,47
3678,2007-07-09,2007-07-10,2.0,flash flood,Maharashtra,9.0,0.0,2007.0,7.0,9.0,3.0,0.0,28,Monsoon,2.0,1,1011,1709,Low,0,1,47
3679,2007-08-01,2007-08-09,9.0,flood (cloud burst),Maharashtra,32.0,22.0,2007.0,8.0,1.0,3.0,2.0,31,Monsoon,9.0,1,1011,1382,Medium,1,1,47
3680,2007-08-26,2007-08-26,1.0,heavy rains,Maharashtra,0.0,0.0,2007.0,8.0,26.0,3.0,6.0,34,Monsoon,1.0,1,1011,1382,No Fatality,0,1,47
3681,2007-09-07,2007-09-07,1.0,heavy rains,Maharashtra,4.0,0.0,2007.0,9.0,7.0,3.0,4.0,36,Monsoon,1.0,1,1011,938,Low,0,1,47
3682,2007-09-14,2007-09-15,2.0,heavy rains,Maharashtra,3.0,0.0,2007.0,9.0,14.0,3.0,4.0,37,Monsoon,2.0,1,1011,938,Low,0,1,47
3683,2007-10-03,2007-10-11,9.0,heavy rains,Manipur,0.0,0.0,2007.0,10.0,3.0,4.0,2.0,40,Post-Monsoon,9.0,1,20,501,No Fatality,0,0,50
3684,2007-10-18,2007-10-18,1.0,heavy rains,Nagaland,0.0,0.0,2007.0,10.0,18.0,4.0,3.0,42,Post-Monsoon,1.0,1,18,501,No Fatality,0,0,53
3685,2007-07-04,2007-07-09,6.0,flood,Odisha,17.0,0.0,2007.0,7.0,4.0,3.0,2.0,27,Monsoon,6.0,1,144,1709,Medium,1,1,55
3686,2007-08-05,2007-08-06,2.0,flood,Odisha,18.0,0.0,2007.0,8.0,5.0,3.0,6.0,31,Monsoon,2.0,1,144,1382,Medium,1,1,55
3687,2007-09-21,2007-09-24,4.0,flood,Odisha,39.0,0.0,2007.0,9.0,21.0,3.0,4.0,38,Monsoon,4.0,1,144,938,Medium,1,1,55
3688,2007-03-14,2007-03-14,1.0,heavy rains,Punjab,4.0,2.0,2007.0,3.0,14.0,1.0,2.0,11,Summer,1.0,1,171,166,Low,0,0,61
3689,2007-07-01,2007-07-01,1.0,heavy rains,Punjab,2.0,0.0,2007.0,7.0,1.0,3.0,6.0,26,Monsoon,1.0,1,171,1709,Low,0,1,61
3690,2007-07-09,2007-07-09,1.0,heavy rains,Punjab,0.0,0.0,2007.0,7.0,9.0,3.0,0.0,28,Monsoon,1.0,1,171,1709,No Fatality,0,1,61
3691,2007-08-16,2007-08-16,1.0,heavy rains,Punjab,0.0,0.0,2007.0,8.0,16.0,3.0,3.0,33,Monsoon,1.0,1,171,1382,No Fatality,0,1,61
3692,2007-08-19,2007-08-19,1.0,heavy rains,Punjab,1.0,3.0,2007.0,8.0,19.0,3.0,6.0,33,Monsoon,1.0,1,171,1382,Low,0,1,61
3693,2007-09-20,2007-09-20,1.0,heavy rains,Punjab,0.0,0.0,2007.0,9.0,20.0,3.0,3.0,38,Monsoon,1.0,1,171,938,No Fatality,0,1,61
3694,2007-06-29,2007-06-29,1.0,heavy rains,Rajasthan,2.0,0.0,2007.0,6.0,29.0,2.0,4.0,26,Monsoon,1.0,1,259,1071,Low,0,1,62
3695,2007-07-10,2007-07-10,1.0,heavy rains,Rajasthan,1.0,0.0,2007.0,7.0,10.0,3.0,1.0,28,Monsoon,1.0,1,259,1709,Low,0,1,62
3696,2007-09-12,2007-09-12,1.0,heavy rains,Rajasthan,3.0,0.0,2007.0,9.0,12.0,3.0,2.0,37,Monsoon,1.0,1,259,938,Low,0,1,62
3697,2007-05-23,2007-05-26,4.0,heavy rains,Sikkim,0.0,0.0,2007.0,5.0,23.0,2.0,2.0,21,Summer,4.0,1,64,479,No Fatality,0,0,65
3698,2007-06-02,2007-06-02,1.0,heavy rains,Sikkim,2.0,0.0,2007.0,6.0,2.0,2.0,5.0,22,Monsoon,1.0,1,64,1071,Low,0,1,65
3699,2007-06-13,2007-06-13,1.0,heavy rains,Sikkim,0.0,0.0,2007.0,6.0,13.0,2.0,2.0,24,Monsoon,1.0,1,64,1071,No Fatality,0,1,65
3700,2007-06-27,2007-06-27,1.0,heavy rains,Sikkim,2.0,0.0,2007.0,6.0,27.0,2.0,2.0,26,Monsoon,1.0,1,64,1071,Low,0,1,65
3701,2007-07-16,2007-07-18,3.0,heavy rains,Sikkim,0.0,0.0,2007.0,7.0,16.0,3.0,0.0,29,Monsoon,3.0,1,64,1709,No Fatality,0,1,65
3702,2007-08-25,2007-08-25,1.0,flood,Sikkim,0.0,0.0,2007.0,8.0,25.0,3.0,5.0,34,Monsoon,1.0,1,64,1382,No Fatality,0,1,65
3703,2007-09-07,2007-09-11,3.0,heavy rains,Sikkim,0.0,0.0,2007.0,9.0,7.0,3.0,4.0,36,Monsoon,5.0,1,64,938,No Fatality,0,1,65
3704,2007-10-24,2007-10-24,1.0,heavy rains,Tamil Nadu,0.0,0.0,2007.0,10.0,24.0,4.0,2.0,43,Post-Monsoon,1.0,1,188,501,No Fatality,0,0,66
3705,2007-10-29,2007-10-29,1.0,heavy rains,Tamil Nadu,15.0,0.0,2007.0,10.0,29.0,4.0,0.0,44,Post-Monsoon,1.0,1,188,501,Medium,1,0,66
3706,2007-11-06,2007-11-06,1.0,heavy rains,Tamil Nadu,6.0,0.0,2007.0,11.0,6.0,4.0,1.0,45,Post-Monsoon,1.0,1,188,194,Low,0,0,66
3707,2007-12-19,2007-12-20,2.0,heavy rains,Tamil Nadu,30.0,0.0,2007.0,12.0,19.0,4.0,2.0,51,Winter,2.0,1,188,71,Medium,1,0,66
3708,2007-06-10,2007-06-10,1.0,heavy rains,Tripura,1.0,2.0,2007.0,6.0,10.0,2.0,6.0,23,Monsoon,1.0,1,47,1071,Low,0,1,68
3709,2007-06-12,2007-06-12,1.0,heavy rains,Tripura,0.0,0.0,2007.0,6.0,12.0,2.0,1.0,24,Monsoon,1.0,1,47,1071,No Fatality,0,1,68
3710,2007-06-17,2007-06-17,1.0,heavy rains,Tripura,0.0,0.0,2007.0,6.0,17.0,2.0,6.0,24,Monsoon,1.0,1,47,1071,No Fatality,0,1,68
3711,2007-07-26,2007-07-26,1.0,heavy rains,Tripura,0.0,0.0,2007.0,7.0,26.0,3.0,3.0,30,Monsoon,1.0,1,47,1709,No Fatality,0,1,68
3712,2007-02-11,2007-02-11,1.0,heavy rains,Uttar Pradesh,4.0,5.0,2007.0,2.0,11.0,1.0,6.0,6,Winter,1.0,1,448,66,Low,0,0,69
3713,2007-07-22,2007-08-07,17.0,flood,Uttar Pradesh,0.0,0.0,2007.0,7.0,22.0,3.0,6.0,29,Monsoon,17.0,1,448,1709,No Fatality,0,1,69
3714,2007-08-19,2007-08-19,1.0,flood,Uttar Pradesh,2.0,0.0,2007.0,8.0,19.0,3.0,6.0,33,Monsoon,1.0,1,448,1382,Low,0,1,69
3715,2007-08-20,2007-08-20,1.0,flood,Uttar Pradesh,12.0,0.0,2007.0,8.0,20.0,3.0,0.0,34,Monsoon,1.0,1,448,1382,Medium,1,1,69
3716,2007-08-21,2007-08-21,1.0,flood,Uttar Pradesh,8.0,0.0,2007.0,8.0,21.0,3.0,1.0,34,Monsoon,1.0,1,448,1382,Low,0,1,69
3717,2007-02-14,2007-02-14,1.0,heavy rains,West Bengal,0.0,0.0,2007.0,2.0,14.0,1.0,2.0,7,Winter,1.0,1,330,66,No Fatality,0,0,79
3718,2007-06-17,2007-06-17,1.0,flash flood,West Bengal,6.0,0.0,2007.0,6.0,17.0,2.0,6.0,24,Monsoon,1.0,1,330,1071,Low,0,1,79
3719,2007-07-03,2007-07-11,9.0,flood,West Bengal,51.0,0.0,2007.0,7.0,3.0,3.0,1.0,27,Monsoon,9.0,1,330,1709,High,1,1,79
3720,2007-08-13,2007-08-13,1.0,heavy rains,West Bengal,2.0,0.0,2007.0,8.0,13.0,3.0,0.0,33,Monsoon,1.0,1,330,1382,Low,0,1,79
3721,2007-08-17,2007-08-19,3.0,flood,West Bengal,4.0,0.0,2007.0,8.0,17.0,3.0,4.0,33,Monsoon,3.0,1,330,1382,Low,0,1,79
3722,2007-09-07,2007-09-07,1.0,heavy rains,West Bengal,5.0,0.0,2007.0,9.0,7.0,3.0,4.0,36,Monsoon,1.0,1,330,938,Low,0,1,79
3723,2007-09-23,2007-09-23,1.0,heavy rains,West Bengal,5.0,0.0,2007.0,9.0,23.0,3.0,6.0,38,Monsoon,1.0,1,330,938,Low,0,1,79
3724,2007-09-28,2007-09-30,3.0,heavy rains,West Bengal,28.0,0.0,2007.0,9.0,28.0,3.0,4.0,39,Monsoon,3.0,1,330,938,Medium,1,1,79
3725,2008-03-21,2008-03-25,5.0,heavy rains,Andhra Pradesh,8.0,0.0,2008.0,3.0,21.0,1.0,4.0,12,Summer,5.0,1,150,166,Low,0,0,1
3726,2008-08-08,2008-08-14,7.0,flash flood (palem),"Andhra Pradesh, Telangana",66.0,3.0,2008.0,8.0,8.0,3.0,4.0,32,Monsoon,7.0,1,1,1382,High,1,1,3
3727,2008-08-15,2008-08-16,2.0,heavy rains,Andhra Pradesh,0.0,0.0,2008.0,8.0,15.0,3.0,4.0,33,Monsoon,2.0,1,150,1382,No Fatality,0,1,1
3728,2008-08-25,2008-08-28,4.0,heavy rains,Andhra Pradesh,0.0,0.0,2008.0,8.0,25.0,3.0,0.0,35,Monsoon,4.0,1,150,1382,No Fatality,0,1,1
3729,2008-09-16,2008-09-16,1.0,flood (vansadha),Andhra Pradesh,0.0,0.0,2008.0,9.0,16.0,3.0,1.0,38,Monsoon,1.0,1,150,938,No Fatality,0,1,1
3730,2008-09-29,2008-09-29,1.0,heavy rains,Andhra Pradesh,0.0,0.0,2008.0,9.0,29.0,3.0,0.0,40,Monsoon,1.0,1,150,938,No Fatality,0,1,1
3731,2008-06-14,2008-06-16,3.0,"severe flood (jiadhal,semen)",Arunachal Pradesh,43.0,0.0,2008.0,6.0,14.0,2.0,5.0,24,Monsoon,3.0,1,150,1071,Medium,1,1,4
3732,2008-07-08,2008-07-08,1.0,"flash flood (jiadhal,semen)",Arunachal Pradesh,37.0,0.0,2008.0,7.0,8.0,3.0,1.0,28,Monsoon,1.0,1,150,1709,Medium,1,1,4
3733,2008-04-13,2008-04-13,1.0,heavy rains,Assam,3.0,0.0,2008.0,4.0,13.0,2.0,6.0,15,Summer,1.0,1,908,171,Low,0,0,5
3734,2008-05-28,2008-05-28,1.0,flash flood (jaidhal),Assam,0.0,0.0,2008.0,5.0,28.0,2.0,2.0,22,Summer,1.0,1,908,479,No Fatality,0,0,5
3735,2008-06-06,2008-06-06,1.0,flash flood,Assam,0.0,0.0,2008.0,6.0,6.0,2.0,4.0,23,Monsoon,1.0,1,908,1071,No Fatality,0,1,5
3736,2008-06-14,2008-06-16,3.0,"severe flood (bharali, jaidhal, jia, semen)",Assam,27.0,0.0,2008.0,6.0,14.0,2.0,5.0,24,Monsoon,3.0,1,908,1071,Medium,1,1,5
3737,2008-06-23,2008-06-23,1.0,"flash flood (singra, gabharu, pav)",Assam,0.0,0.0,2008.0,6.0,23.0,2.0,0.0,26,Monsoon,1.0,1,908,1071,No Fatality,0,1,5
3738,2008-07-06,2008-07-06,1.0,flash flood (tributory of ranganadi),Assam,0.0,0.0,2008.0,7.0,6.0,3.0,6.0,27,Monsoon,1.0,1,908,1709,No Fatality,0,1,5
3739,2008-07-16,2008-07-16,1.0,flood (mangaldoi),Assam,0.0,0.0,2008.0,7.0,16.0,3.0,2.0,29,Monsoon,1.0,1,908,1709,No Fatality,0,1,5
3740,2008-07-19,2008-07-19,1.0,"flood (nanoi,sakotala)",Assam,0.0,0.0,2008.0,7.0,19.0,3.0,5.0,29,Monsoon,1.0,1,908,1709,No Fatality,0,1,5
3741,2008-07-20,2008-07-30,11.0,flash flood (brahmaputra & kaldiya),Assam,1.0,0.0,2008.0,7.0,20.0,3.0,6.0,29,Monsoon,11.0,1,908,1709,Low,0,1,5
3742,2008-08-15,2008-08-28,14.0,"severe flood (brahmaputra,manas, pachnoi) ",Assam,3.0,0.0,2008.0,8.0,15.0,3.0,4.0,33,Monsoon,14.0,1,908,1382,Low,0,1,5
3743,2008-09-01,2008-09-14,14.0,"severe flood (brahmaputra,its tributaries)",Assam,32.0,0.0,2008.0,9.0,1.0,3.0,0.0,36,Monsoon,14.0,1,908,938,Medium,1,1,5
3744,2008-10-27,2008-10-27,1.0,"flash flood (puthimeri,ranganadi)",Assam,0.0,0.0,2008.0,10.0,27.0,4.0,0.0,44,Post-Monsoon,1.0,1,908,501,No Fatality,0,0,5
3745,2008-06-17,2008-06-24,3.0,heavy rains,Bihar,6.0,0.0,2008.0,6.0,17.0,2.0,1.0,25,Monsoon,8.0,1,149,1071,Low,0,1,9
3746,2008-08-22,2008-09-14,24.0,severe flood (kosi),Bihar,131.0,0.0,2008.0,8.0,22.0,3.0,4.0,34,Monsoon,24.0,1,149,1382,High,1,1,9
3747,2008-09-17,2008-09-18,2.0,heavy rains,Gujarat,0.0,0.0,2008.0,9.0,17.0,3.0,2.0,38,Monsoon,2.0,1,168,938,No Fatality,0,1,26
3748,2008-06-16,2008-06-16,1.0,heavy rains,Haryana,2.0,6.0,2008.0,6.0,16.0,2.0,0.0,25,Monsoon,1.0,1,60,1071,Low,0,1,27
3749,2008-06-30,2008-06-30,1.0,flood (kasushalya),Haryana,0.0,1.0,2008.0,6.0,30.0,2.0,0.0,27,Monsoon,1.0,1,60,1071,No Fatality,0,1,27
3750,2008-07-06,2008-07-06,1.0,heavy rains,Haryana,4.0,3.0,2008.0,7.0,6.0,3.0,6.0,27,Monsoon,1.0,1,60,1709,Low,0,1,27
3751,2008-07-12,2008-07-14,3.0,heavy rains,Haryana,3.0,0.0,2008.0,7.0,12.0,3.0,5.0,28,Monsoon,3.0,1,60,1709,Low,0,1,27
3752,2008-07-31,2008-07-31,1.0,heavy rains,Haryana,0.0,0.0,2008.0,7.0,31.0,3.0,3.0,31,Monsoon,1.0,1,60,1709,No Fatality,0,1,27
3753,2008-08-08,2008-08-08,1.0,heavy rains,Haryana,2.0,0.0,2008.0,8.0,8.0,3.0,4.0,32,Monsoon,1.0,1,60,1382,Low,0,1,27
3754,2008-08-14,2008-08-18,5.0,heavy rains,Haryana,0.0,0.0,2008.0,8.0,14.0,3.0,3.0,33,Monsoon,5.0,1,60,1382,No Fatality,0,1,27
3755,2008-08-22,2008-08-23,2.0,flash flood (ghaggar),Haryana,0.0,1.0,2008.0,8.0,22.0,3.0,4.0,34,Monsoon,2.0,1,60,1382,No Fatality,0,1,27
3756,2008-09-19,2008-09-21,3.0,"severe flood (satluj, yamuna)",Haryana,5.0,3.0,2008.0,9.0,19.0,3.0,4.0,38,Monsoon,3.0,1,60,938,Low,0,1,27
3757,2008-04-02,2008-04-06,5.0,heavy rains,Himachal Pradesh,0.0,0.0,2008.0,4.0,2.0,2.0,2.0,14,Summer,5.0,1,362,171,No Fatality,0,0,29
3758,2008-04-16,2008-04-16,1.0,heavy rains,Himachal Pradesh,0.0,0.0,2008.0,4.0,16.0,2.0,2.0,16,Summer,1.0,1,362,171,No Fatality,0,0,29
3759,2008-05-23,2008-05-23,1.0,cloud burst,Himachal Pradesh,1.0,0.0,2008.0,5.0,23.0,2.0,4.0,21,Summer,1.0,1,362,479,Low,0,0,29
3760,2008-06-09,2008-06-09,1.0,cloud burst,Himachal Pradesh,1.0,0.0,2008.0,6.0,9.0,2.0,0.0,24,Monsoon,1.0,1,362,1071,Low,0,1,29
3761,2008-06-13,2008-06-13,1.0,heavy rains,Himachal Pradesh,0.0,0.0,2008.0,6.0,13.0,2.0,4.0,24,Monsoon,1.0,1,362,1071,No Fatality,0,1,29
3762,2008-06-27,2008-06-29,3.0,heavy rains,Himachal Pradesh,0.0,1.0,2008.0,6.0,27.0,2.0,4.0,26,Monsoon,3.0,1,362,1071,No Fatality,0,1,29
3763,2008-07-13,2008-07-13,1.0,cloud burst,Himachal Pradesh,0.0,1.0,2008.0,7.0,13.0,3.0,6.0,28,Monsoon,1.0,1,362,1709,No Fatality,0,1,29
3764,2008-07-13,2008-07-13,1.0,flash flood (beas),Himachal Pradesh,0.0,1.0,2008.0,7.0,13.0,3.0,6.0,28,Monsoon,1.0,1,362,1709,No Fatality,0,1,29
3765,2008-07-31,2008-07-31,1.0,heavy rains,Himachal Pradesh,0.0,0.0,2008.0,7.0,31.0,3.0,3.0,31,Monsoon,1.0,1,362,1709,No Fatality,0,1,29
3766,2008-07-31,2008-07-31,1.0,cloud burst,Himachal Pradesh,0.0,0.0,2008.0,7.0,31.0,3.0,3.0,31,Monsoon,1.0,1,362,1709,No Fatality,0,1,29
3767,2008-08-05,2008-08-08,4.0,heavy rains,Himachal Pradesh,0.0,0.0,2008.0,8.0,5.0,3.0,1.0,32,Monsoon,4.0,1,362,1382,No Fatality,0,1,29
3768,2008-08-14,2008-08-18,5.0,heavy rains,Himachal Pradesh,0.0,0.0,2008.0,8.0,14.0,3.0,3.0,33,Monsoon,5.0,1,362,1382,No Fatality,0,1,29
3769,2008-08-22,2008-08-24,3.0,heavy rains,Himachal Pradesh,0.0,0.0,2008.0,8.0,22.0,3.0,4.0,34,Monsoon,3.0,1,362,1382,No Fatality,0,1,29
3770,2008-07-19,2008-07-20,2.0,heavy rains,Himachal Pradesh,39.0,0.0,2008.0,7.0,19.0,3.0,5.0,29,Monsoon,2.0,1,362,1709,Medium,1,1,29
3771,2008-06-16,2008-06-16,1.0,"flash flood (rawi,chenab)",Jammu and Kashmir,0.0,1.0,2008.0,6.0,16.0,2.0,0.0,25,Monsoon,1.0,1,137,1071,No Fatality,0,1,33
3772,2008-07-07,2008-07-07,1.0,heavy rains,Jammu and Kashmir,3.0,0.0,2008.0,7.0,7.0,3.0,0.0,28,Monsoon,1.0,1,137,1709,Low,0,1,33
3773,2008-07-16,2008-07-16,1.0,flood,Jammu and Kashmir,0.0,1.0,2008.0,7.0,16.0,3.0,2.0,29,Monsoon,1.0,1,137,1709,No Fatality,0,1,33
3774,2008-06-01,2008-06-14,14.0,heavy rains,Jharkhand,31.0,0.0,2008.0,6.0,1.0,2.0,6.0,22,Monsoon,14.0,1,31,1071,Medium,1,1,36
3775,2008-08-01,2008-08-28,4.0,heavy rains,Jharkhand,11.0,0.0,2008.0,8.0,1.0,3.0,4.0,31,Monsoon,28.0,1,31,1382,Medium,1,1,36
3776,2008-03-26,2008-03-31,6.0,heavy rains,Karnataka,0.0,1.0,2008.0,3.0,26.0,1.0,2.0,13,Summer,6.0,1,491,166,No Fatality,0,0,37
3777,2008-06-01,2008-06-02,2.0,heavy rains,Karnataka,0.0,0.0,2008.0,6.0,1.0,2.0,6.0,22,Monsoon,2.0,1,491,1071,No Fatality,0,1,37
3778,2008-07-14,2008-07-15,2.0,heavy rains,Karnataka,1.0,0.0,2008.0,7.0,14.0,3.0,0.0,29,Monsoon,2.0,1,491,1709,Low,0,1,37
3779,2008-07-20,2008-07-22,3.0,heavy rains,Karnataka,3.0,0.0,2008.0,7.0,20.0,3.0,6.0,29,Monsoon,3.0,1,491,1709,Low,0,1,37
3780,2008-07-25,2008-07-31,7.0,"flash flood (ghatprabha, hiranyakeshi, kaveri, tunga,many other rivers)",Karnataka,3.0,3.0,2008.0,7.0,25.0,3.0,4.0,30,Monsoon,7.0,1,491,1709,Low,0,1,37
3781,2008-08-25,2008-08-31,7.0,Unknown,Karnataka,5.0,0.0,2008.0,8.0,25.0,3.0,0.0,35,Monsoon,7.0,1,491,1382,Low,0,1,37
3782,2008-08-01,2008-08-28,28.0,flood,Karnataka,0.0,0.0,2008.0,8.0,1.0,3.0,4.0,31,Monsoon,28.0,1,491,1382,No Fatality,0,1,37
3783,2008-09-01,2008-09-07,7.0,heavy rains,Karnataka,30.0,9.0,2008.0,9.0,1.0,3.0,0.0,36,Monsoon,7.0,1,491,938,Medium,1,1,37
3784,2008-09-20,2008-09-24,5.0,heavy rains,Karnataka,2.0,0.0,2008.0,9.0,20.0,3.0,5.0,38,Monsoon,5.0,1,491,938,Low,0,1,37
3785,2008-10-08,2008-10-08,1.0,heavy rains,Karnataka,3.0,2.0,2008.0,10.0,8.0,4.0,2.0,41,Post-Monsoon,1.0,1,491,501,Low,0,0,37
3786,2008-03-13,2008-03-24,12.0,heavy rains,Kerala,16.0,20.0,2008.0,3.0,13.0,1.0,3.0,11,Summer,12.0,1,604,166,Medium,1,0,39
3787,2008-04-08,2008-04-11,4.0,heavy rains,Kerala,0.0,0.0,2008.0,4.0,8.0,2.0,1.0,15,Summer,4.0,1,604,171,No Fatality,0,0,39
3788,2008-04-23,2008-04-25,3.0,heavy rains,Kerala,0.0,0.0,2008.0,4.0,23.0,2.0,2.0,17,Summer,3.0,1,604,171,No Fatality,0,0,39
3789,2008-07-11,2008-07-15,5.0,heavy rains,Kerala,1.0,0.0,2008.0,7.0,11.0,3.0,4.0,28,Monsoon,5.0,1,604,1709,Low,0,1,39
3790,2008-07-28,2008-07-30,3.0,heavy rains,Kerala,1.0,5.0,2008.0,7.0,28.0,3.0,0.0,31,Monsoon,3.0,1,604,1709,Low,0,1,39
3791,2008-08-10,2008-08-12,3.0,heavy rains,Kerala,2.0,0.0,2008.0,8.0,10.0,3.0,6.0,32,Monsoon,3.0,1,604,1382,Low,0,1,39
3792,2008-08-31,2008-08-31,1.0,heavy rains,Kerala,0.0,10.0,2008.0,8.0,31.0,3.0,6.0,35,Monsoon,1.0,1,604,1382,No Fatality,0,1,39
3793,2008-09-01,2008-09-05,5.0,heavy rains,Kerala,1.0,0.0,2008.0,9.0,1.0,3.0,0.0,36,Monsoon,5.0,1,604,938,Low,0,1,39
3794,2008-09-07,2008-09-08,2.0,flash flood,Kerala,0.0,0.0,2008.0,9.0,7.0,3.0,6.0,36,Monsoon,2.0,1,604,938,No Fatality,0,1,39
3795,2008-10-19,2008-10-27,9.0,heavy rains,Kerala,6.0,16.0,2008.0,10.0,19.0,4.0,6.0,42,Post-Monsoon,9.0,1,604,501,Low,0,0,39
3796,2008-06-18,2008-06-20,3.0,flood,Madhya Pradesh,3.0,0.0,2008.0,6.0,18.0,2.0,2.0,25,Monsoon,3.0,1,238,1071,Low,0,1,43
3797,2008-06-04,2008-06-04,1.0,heavy rains,Maharashtra,0.0,0.0,2008.0,6.0,4.0,2.0,2.0,23,Monsoon,1.0,1,1011,1071,No Fatality,0,1,47
3798,2008-06-06,2008-06-06,1.0,heavy rains,Maharashtra,1.0,0.0,2008.0,6.0,6.0,2.0,4.0,23,Monsoon,1.0,1,1011,1071,Low,0,1,47
3799,2008-06-07,2008-06-09,3.0,heavy rains,Maharashtra,10.0,19.0,2008.0,6.0,7.0,2.0,5.0,23,Monsoon,3.0,1,1011,1071,Low,0,1,47
3800,2008-06-13,2008-06-13,1.0,heavy rains,Maharashtra,4.0,3.0,2008.0,6.0,13.0,2.0,4.0,24,Monsoon,1.0,1,1011,1071,Low,0,1,47
3801,2008-07-01,2008-07-02,2.0,heavy rains,Maharashtra,5.0,0.0,2008.0,7.0,1.0,3.0,1.0,27,Monsoon,2.0,1,1011,1709,Low,0,1,47
3802,2008-07-26,2008-07-31,6.0,flash flood,Maharashtra,6.0,0.0,2008.0,7.0,26.0,3.0,5.0,30,Monsoon,6.0,1,1011,1709,Low,0,1,47
3803,2008-08-03,2008-08-03,1.0,heavy rains,Maharashtra,0.0,1.0,2008.0,8.0,3.0,3.0,6.0,31,Monsoon,1.0,1,1011,1382,No Fatality,0,1,47
3804,2008-08-04,2008-08-08,5.0,flash flood,Maharashtra,18.0,0.0,2008.0,8.0,4.0,3.0,0.0,32,Monsoon,5.0,1,1011,1382,Medium,1,1,47
3805,2008-08-09,2008-08-14,6.0,"flood (indrayani, mula, panchganga, pavana)",Maharashtra,35.0,35.0,2008.0,8.0,9.0,3.0,5.0,32,Monsoon,6.0,1,1011,1382,Medium,1,1,47
3806,2008-08-29,2008-08-29,1.0,heavy rains (cloud burst),Maharashtra,0.0,1.0,2008.0,8.0,29.0,3.0,4.0,35,Monsoon,1.0,1,1011,1382,No Fatality,0,1,47
3807,2008-09-02,2008-09-02,1.0,heavy rains,Maharashtra,5.0,0.0,2008.0,9.0,2.0,3.0,1.0,36,Monsoon,1.0,1,1011,938,Low,0,1,47
3808,2008-09-12,2008-09-17,6.0,"flood (bhima, bindusara,chandrabhaga)",Maharashtra,32.0,11.0,2008.0,9.0,12.0,3.0,4.0,37,Monsoon,6.0,1,1011,938,Medium,1,1,47
3809,2008-09-19,2008-09-19,1.0,flood (godavari),Maharashtra,0.0,0.0,2008.0,9.0,19.0,3.0,4.0,38,Monsoon,1.0,1,1011,938,No Fatality,0,1,47
3810,2008-10-05,2008-10-05,1.0,heavy rains,Maharashtra,6.0,0.0,2008.0,10.0,5.0,4.0,6.0,40,Post-Monsoon,1.0,1,1011,501,Low,0,0,47
3811,2008-11-19,2008-11-19,1.0,heavy rains,Maharashtra,0.0,0.0,2008.0,11.0,19.0,4.0,2.0,47,Post-Monsoon,1.0,1,1011,194,No Fatality,0,0,47
3812,2008-12-01,2008-12-01,1.0,heavy rains,Maharashtra,0.0,0.0,2008.0,12.0,1.0,4.0,0.0,49,Winter,1.0,1,1011,71,No Fatality,0,0,47
3813,2008-09-07,2008-09-07,1.0,heavy rains,Manipur,0.0,0.0,2008.0,9.0,7.0,3.0,6.0,36,Monsoon,1.0,1,20,938,No Fatality,0,1,50
3814,2008-07-25,2008-07-25,1.0,heavy rains,Meghalaya,0.0,1.0,2008.0,7.0,25.0,3.0,4.0,30,Monsoon,1.0,1,57,1709,No Fatality,0,1,51
3815,2008-06-01,2008-06-09,9.0,heavy rains,Odisha,14.0,0.0,2008.0,6.0,1.0,2.0,6.0,22,Monsoon,9.0,1,144,1071,Medium,1,1,55
3816,2008-06-16,2008-06-20,5.0,heavy rains,Odisha,3.0,0.0,2008.0,6.0,16.0,2.0,0.0,25,Monsoon,5.0,1,144,1071,Low,0,1,55
3817,2008-08-07,2008-08-07,1.0,heavy rains,Odisha,2.0,0.0,2008.0,8.0,7.0,3.0,3.0,32,Monsoon,1.0,1,144,1382,Low,0,1,55
3818,2008-09-07,2008-09-07,1.0,heavy rains,Odisha,2.0,0.0,2008.0,9.0,7.0,3.0,6.0,36,Monsoon,1.0,1,144,938,Low,0,1,55
3819,2008-09-15,2008-09-28,14.0,"flood (mahanadi,its tributaries)",Odisha,140.0,0.0,2008.0,9.0,15.0,3.0,0.0,38,Monsoon,14.0,1,144,938,High,1,1,55
3820,2008-04-05,2008-04-06,2.0,heavy rains,Punjab,3.0,0.0,2008.0,4.0,5.0,2.0,5.0,14,Summer,2.0,1,171,171,Low,0,0,61
3821,2008-06-13,2008-06-16,4.0,heavy rains,Punjab,3.0,0.0,2008.0,6.0,13.0,2.0,4.0,24,Monsoon,4.0,1,171,1071,Low,0,1,61
3822,2008-06-21,2008-06-21,1.0,heavy rains,Punjab,0.0,0.0,2008.0,6.0,21.0,2.0,5.0,25,Monsoon,1.0,1,171,1071,No Fatality,0,1,61
3823,2008-06-26,2008-06-29,4.0,heavy rains,Punjab,0.0,2.0,2008.0,6.0,26.0,2.0,3.0,26,Monsoon,4.0,1,171,1071,No Fatality,0,1,61
3824,2008-07-04,2008-07-04,1.0,heavy rains,Punjab,0.0,1.0,2008.0,7.0,4.0,3.0,4.0,27,Monsoon,1.0,1,171,1709,No Fatality,0,1,61
3825,2008-07-12,2008-07-12,1.0,heavy rains,Punjab,0.0,0.0,2008.0,7.0,12.0,3.0,5.0,28,Monsoon,1.0,1,171,1709,No Fatality,0,1,61
3826,2008-08-05,2008-08-05,1.0,heavy rains,Punjab,1.0,0.0,2008.0,8.0,5.0,3.0,1.0,32,Monsoon,1.0,1,171,1382,Low,0,1,61
3827,2008-08-08,2008-08-08,1.0,severe flood,Punjab,0.0,0.0,2008.0,8.0,8.0,3.0,4.0,32,Monsoon,1.0,1,171,1382,No Fatality,0,1,61
3828,2008-08-13,2008-08-18,6.0,"flood (beas, ghagar, sutlej)",Punjab,26.0,0.0,2008.0,8.0,13.0,3.0,2.0,33,Monsoon,6.0,1,171,1382,Medium,1,1,61
3829,2008-08-21,2008-08-21,1.0,flash flood,Punjab,0.0,1.0,2008.0,8.0,21.0,3.0,3.0,34,Monsoon,1.0,1,171,1382,No Fatality,0,1,61
3830,2008-08-24,2008-08-24,1.0,heavy rains,Punjab,1.0,1.0,2008.0,8.0,24.0,3.0,6.0,34,Monsoon,1.0,1,171,1382,Low,0,1,61
3831,2008-09-19,2008-09-21,3.0,flash flood,Punjab,1.0,0.0,2008.0,9.0,19.0,3.0,4.0,38,Monsoon,3.0,1,171,938,Low,0,1,61
3832,2008-08-19,2008-08-21,3.0,heavy rains,Rajasthan,10.0,0.0,2008.0,8.0,19.0,3.0,1.0,34,Monsoon,3.0,1,259,1382,Low,0,1,62
3833,2008-03-13,2008-03-13,1.0,heavy rains,Tamil Nadu,0.0,0.0,2008.0,3.0,13.0,1.0,3.0,11,Summer,1.0,1,188,166,No Fatality,0,0,66
3834,2008-05-25,2008-05-25,1.0,flash flood,Tamil Nadu,13.0,0.0,2008.0,5.0,25.0,2.0,6.0,21,Summer,1.0,1,188,479,Medium,1,0,66
3835,2008-11-26,2008-11-28,3.0,flood,Tamil Nadu,0.0,0.0,2008.0,11.0,26.0,4.0,2.0,48,Post-Monsoon,3.0,1,188,194,No Fatality,0,0,66
3836,2008-05-23,2008-05-23,1.0,heavy rains,Uttar Pradesh,2.0,0.0,2008.0,5.0,23.0,2.0,4.0,21,Summer,1.0,1,448,479,Low,0,0,69
3837,2008-06-18,2008-06-18,1.0,heavy rains,Uttar Pradesh,2.0,0.0,2008.0,6.0,18.0,2.0,2.0,25,Monsoon,1.0,1,448,1071,Low,0,1,69
3838,2008-07-05,2008-07-07,3.0,flood,Uttar Pradesh,32.0,0.0,2008.0,7.0,5.0,3.0,5.0,27,Monsoon,3.0,1,448,1709,Medium,1,1,69
3839,2008-07-17,2008-07-17,1.0,heavy rains,Uttarakhand,10.0,12.0,2008.0,7.0,17.0,3.0,3.0,29,Monsoon,1.0,1,107,1709,Low,0,1,78
3840,2008-07-19,2008-07-19,1.0,heavy rains,Uttar Pradesh,0.0,0.0,2008.0,7.0,19.0,3.0,5.0,29,Monsoon,1.0,1,448,1709,No Fatality,0,1,69
3841,2008-08-17,2008-08-17,1.0,heavy rains,Uttar Pradesh,16.0,0.0,2008.0,8.0,17.0,3.0,6.0,33,Monsoon,1.0,1,448,1382,Medium,1,1,69
3842,2008-08-20,2008-08-20,1.0,heavy rains,Uttar Pradesh,17.0,0.0,2008.0,8.0,20.0,3.0,2.0,34,Monsoon,1.0,1,448,1382,Medium,1,1,69
3843,2008-06-01,2008-08-28,89.0,flood (gomati),Uttar Pradesh,721.0,0.0,2008.0,6.0,1.0,2.0,6.0,22,Monsoon,89.0,1,448,1071,High,1,1,69
3844,2008-09-25,2008-09-25,1.0,flood (ghagra),Uttar Pradesh,0.0,0.0,2008.0,9.0,25.0,3.0,3.0,39,Monsoon,1.0,1,448,938,No Fatality,0,1,69
3845,2008-06-20,2008-06-21,2.0,flood,West Bengal,25.0,0.0,2008.0,6.0,20.0,2.0,4.0,25,Monsoon,2.0,1,330,1071,Medium,1,1,79
3846,2008-08-31,2008-08-31,1.0,heavy rains,West Bengal,1.0,0.0,2008.0,8.0,31.0,3.0,6.0,35,Monsoon,1.0,1,330,1382,Low,0,1,79
3847,2008-06-29,2008-06-29,1.0,heavy rains,Punjab,0.0,1.0,2008.0,6.0,29.0,2.0,6.0,26,Monsoon,1.0,1,171,1071,No Fatality,0,1,61
3848,2008-08-05,2008-08-05,1.0,heavy rains,Punjab,0.0,0.0,2008.0,8.0,5.0,3.0,1.0,32,Monsoon,1.0,1,171,1382,No Fatality,0,1,61
3849,2008-08-11,2008-08-11,1.0,heavy rains,Punjab,0.0,1.0,2008.0,8.0,11.0,3.0,0.0,33,Monsoon,1.0,1,171,1382,No Fatality,0,1,61
3850,2008-09-05,2008-09-05,1.0,heavy rains,Punjab,0.0,2.0,2008.0,9.0,5.0,3.0,4.0,36,Monsoon,1.0,1,171,938,No Fatality,0,1,61
3851,2008-06-08,2008-06-08,1.0,heavy rains,"Goa, Daman & Diu",5.0,6.0,2008.0,6.0,8.0,2.0,6.0,23,Monsoon,1.0,1,1,1071,Low,0,1,23
3852,2009-10-01,2009-10-07,7.0,flash flood (krishna),Andhra Pradesh,49.0,0.0,2009.0,10.0,1.0,4.0,3.0,40,Post-Monsoon,7.0,1,150,501,Medium,1,0,1
3853,2009-04-20,2009-04-20,1.0,"flash flood (brahmaputra,its tributaries)",Assam,0.0,0.0,2009.0,4.0,20.0,2.0,0.0,17,Summer,1.0,1,908,171,No Fatality,0,0,5
3854,2009-05-29,2009-05-29,1.0,"flash flood (bhorali,gangadhar)",Assam,9.0,0.0,2009.0,5.0,29.0,2.0,4.0,22,Summer,1.0,1,908,479,Low,0,0,5
3855,2009-06-11,2009-06-16,6.0,flash flood (singra),Assam,0.0,0.0,2009.0,6.0,11.0,2.0,3.0,24,Monsoon,6.0,1,908,1071,No Fatality,0,1,5
3856,2009-06-27,2009-06-27,1.0,flood (gainadi ),Assam,1.0,0.0,2009.0,6.0,27.0,2.0,5.0,26,Monsoon,1.0,1,908,1071,Low,0,1,5
3857,2009-07-02,2009-07-06,5.0,"flash flood (brahmaputra,its tributaries)",Assam,0.0,0.0,2009.0,7.0,2.0,3.0,3.0,27,Monsoon,5.0,1,908,1709,No Fatality,0,1,5
3858,2009-07-10,2009-07-11,2.0,"flash flood (brahmaputra,deshang)",Assam,0.0,2.0,2009.0,7.0,10.0,3.0,4.0,28,Monsoon,2.0,1,908,1709,No Fatality,0,1,5
3859,2009-07-29,2009-07-29,1.0,flash flood (kaldia),Assam,0.0,0.0,2009.0,7.0,29.0,3.0,2.0,31,Monsoon,1.0,1,908,1709,No Fatality,0,1,5
3860,2009-08-05,2009-08-05,1.0,"flood (sopai,bisaikata)",Assam,0.0,0.0,2009.0,8.0,5.0,3.0,2.0,32,Monsoon,1.0,1,908,1382,No Fatality,0,1,5
3861,2009-08-12,2009-08-13,2.0,Unknown,Assam,0.0,2.0,2009.0,8.0,12.0,3.0,2.0,33,Monsoon,2.0,1,908,1382,No Fatality,0,1,5
3862,2009-08-16,2009-08-16,1.0,"flash flood (darika,tiak) ",Assam,4.0,0.0,2009.0,8.0,16.0,3.0,6.0,33,Monsoon,1.0,1,908,1382,Low,0,1,5
3863,2009-08-23,2009-08-24,2.0,flood (brahmputra),Assam,0.0,0.0,2009.0,8.0,23.0,3.0,6.0,34,Monsoon,2.0,1,908,1382,No Fatality,0,1,5
3864,2009-09-16,2009-09-19,4.0,"flood (jiadhal kumotia,samarajan)",Assam,0.0,0.0,2009.0,9.0,16.0,3.0,2.0,38,Monsoon,4.0,1,908,938,No Fatality,0,1,5
3865,2009-10-08,2009-10-08,1.0,"flash flood (boka,singra)",Assam,0.0,0.0,2009.0,10.0,8.0,4.0,3.0,41,Post-Monsoon,1.0,1,908,501,No Fatality,0,0,5
3866,2009-09-01,2009-09-01,1.0,heavy rains,Bihar,39.0,0.0,2009.0,9.0,1.0,3.0,1.0,36,Monsoon,1.0,1,149,938,Medium,1,1,9
3867,2009-07-01,2009-07-21,21.0,heavy rains,Gujarat,58.0,0.0,2009.0,7.0,1.0,3.0,2.0,27,Monsoon,21.0,1,168,1709,High,1,1,26
3868,2009-08-01,2009-08-31,31.0,heavy rains,Gujarat,11.0,0.0,2009.0,8.0,1.0,3.0,5.0,31,Monsoon,31.0,1,168,1382,Medium,1,1,26
3869,2009-10-01,2009-10-07,7.0,heavy rains,Gujarat,12.0,0.0,2009.0,10.0,1.0,4.0,3.0,40,Post-Monsoon,7.0,1,168,501,Medium,1,0,26
3870,2009-09-11,2009-09-12,2.0,heavy rains,Haryana,6.0,0.0,2009.0,9.0,11.0,3.0,4.0,37,Monsoon,2.0,1,60,938,Low,0,1,27
3871,2009-08-07,2009-08-07,1.0,moderate flood (cloud burst),Himachal Pradesh,2.0,0.0,2009.0,8.0,7.0,3.0,4.0,32,Monsoon,1.0,1,362,1382,Low,0,1,29
3872,2009-07-14,2009-07-14,1.0,cloud burst,Jammu and Kashmir,1.0,0.0,2009.0,7.0,14.0,3.0,1.0,29,Monsoon,1.0,1,137,1709,Low,0,1,33
3873,2009-05-18,2009-05-18,1.0,heavy rains,Karnataka,0.0,0.0,2009.0,5.0,18.0,2.0,0.0,21,Summer,1.0,1,491,479,No Fatality,0,0,37
3874,2009-05-22,2009-05-23,2.0,heavy rains,Karnataka,1.0,0.0,2009.0,5.0,22.0,2.0,4.0,21,Summer,2.0,1,491,479,Low,0,0,37
3875,2009-06-11,2009-06-15,5.0,heavy rains,Karnataka,0.0,3.0,2009.0,6.0,11.0,2.0,3.0,24,Monsoon,5.0,1,491,1071,No Fatality,0,1,37
3876,2009-07-03,2009-07-08,6.0,heavy rains,Karnataka,0.0,11.0,2009.0,7.0,3.0,3.0,4.0,27,Monsoon,6.0,1,491,1709,No Fatality,0,1,37
3877,2009-07-16,2009-07-16,1.0,heavy rains,Karnataka,13.0,0.0,2009.0,7.0,16.0,3.0,3.0,29,Monsoon,1.0,1,491,1709,Medium,1,1,37
3878,2009-09-05,2009-09-05,1.0,flood (bhadra),Karnataka,0.0,3.0,2009.0,9.0,5.0,3.0,5.0,36,Monsoon,1.0,1,491,938,No Fatality,0,1,37
3879,2009-09-13,2009-09-15,3.0,heavy rains,Karnataka,4.0,2.0,2009.0,9.0,13.0,3.0,6.0,37,Monsoon,3.0,1,491,938,Low,0,1,37
3880,2009-09-18,2009-09-18,1.0,heavy rains,Karnataka,0.0,4.0,2009.0,9.0,18.0,3.0,4.0,38,Monsoon,1.0,1,491,938,No Fatality,0,1,37
3881,2009-09-22,2009-09-23,2.0,heavy rains,Karnataka,5.0,1.0,2009.0,9.0,22.0,3.0,1.0,39,Monsoon,2.0,1,491,938,Low,0,1,37
3882,2009-09-29,2009-09-29,1.0,heavy rains,Karnataka,0.0,3.0,2009.0,9.0,29.0,3.0,1.0,40,Monsoon,1.0,1,491,938,No Fatality,0,1,37
3883,2009-09-29,2009-10-03,5.0,heavy rains,Karnataka,308.0,0.0,2009.0,9.0,29.0,3.0,1.0,40,Monsoon,5.0,1,491,938,High,1,1,37
3884,2009-10-01,2009-10-07,7.0,"flash flood (krishna, ghatprabha,malprabha)",Karnataka,195.0,0.0,2009.0,10.0,1.0,4.0,3.0,40,Post-Monsoon,7.0,1,491,501,High,1,0,37
3885,2009-05-26,2009-05-26,1.0,heavy rains,Kerala,0.0,1.0,2009.0,5.0,26.0,2.0,1.0,22,Summer,1.0,1,604,479,No Fatality,0,0,39
3886,2009-07-05,2009-07-05,1.0,heavy rains,Kerala,5.0,0.0,2009.0,7.0,5.0,3.0,6.0,27,Monsoon,1.0,1,604,1709,Low,0,1,39
3887,2009-07-11,2009-07-12,2.0,heavy rains,Kerala,0.0,0.0,2009.0,7.0,11.0,3.0,5.0,28,Monsoon,2.0,1,604,1709,No Fatality,0,1,39
3888,2009-07-15,2009-07-18,4.0,heavy rains,Kerala,33.0,0.0,2009.0,7.0,15.0,3.0,2.0,29,Monsoon,4.0,1,604,1709,Medium,1,1,39
3889,2009-07-20,2009-07-22,3.0,heavy rains,Kerala,7.0,10.0,2009.0,7.0,20.0,3.0,0.0,30,Monsoon,3.0,1,604,1709,Low,0,1,39
3890,2009-09-18,2009-09-18,1.0,heavy rains,Kerala,1.0,0.0,2009.0,9.0,18.0,3.0,4.0,38,Monsoon,1.0,1,604,938,Low,0,1,39
3891,2009-10-03,2009-10-03,1.0,heavy rains,Kerala,0.0,0.0,2009.0,10.0,3.0,4.0,5.0,40,Post-Monsoon,1.0,1,604,501,No Fatality,0,0,39
3892,2009-11-07,2009-11-08,2.0,heavy rains,Kerala,1.0,0.0,2009.0,11.0,7.0,4.0,5.0,45,Post-Monsoon,2.0,1,604,194,Low,0,0,39
3893,2009-12-27,2009-12-29,3.0,heavy rains,Kerala,0.0,0.0,2009.0,12.0,27.0,4.0,6.0,52,Winter,3.0,1,604,71,No Fatality,0,0,39
3894,2009-07-23,2009-07-23,1.0,heavy rains,Madhya Pradesh,28.0,0.0,2009.0,7.0,23.0,3.0,3.0,30,Monsoon,1.0,1,238,1709,Medium,1,1,43
3895,2009-02-13,2009-02-13,1.0,heavy rains,Maharashtra,0.0,0.0,2009.0,2.0,13.0,1.0,4.0,7,Winter,1.0,1,1011,66,No Fatality,0,0,47
3896,2009-05-14,2009-05-14,1.0,heavy rains,Maharashtra,1.0,0.0,2009.0,5.0,14.0,2.0,3.0,20,Summer,1.0,1,1011,479,Low,0,0,47
3897,2009-05-18,2009-05-20,3.0,heavy rains,Maharashtra,3.0,0.0,2009.0,5.0,18.0,2.0,0.0,21,Summer,3.0,1,1011,479,Low,0,0,47
3898,2009-06-24,2009-06-29,6.0,heavy rains,Maharashtra,3.0,7.0,2009.0,6.0,24.0,2.0,2.0,26,Monsoon,6.0,1,1011,1071,Low,0,1,47
3899,2009-07-03,2009-07-08,6.0,heavy rains,Maharashtra,12.0,0.0,2009.0,7.0,3.0,3.0,4.0,27,Monsoon,6.0,1,1011,1709,Medium,1,1,47
3900,2009-07-14,2009-07-15,2.0,heavy rains,Maharashtra,10.0,8.0,2009.0,7.0,14.0,3.0,1.0,29,Monsoon,2.0,1,1011,1709,Low,0,1,47
3901,2009-08-30,2009-08-30,1.0,heavy rains,Maharashtra,2.0,0.0,2009.0,8.0,30.0,3.0,6.0,35,Monsoon,1.0,1,1011,1382,Low,0,1,47
3902,2009-09-05,2009-09-05,1.0,heavy rains,Maharashtra,11.0,0.0,2009.0,9.0,5.0,3.0,5.0,36,Monsoon,1.0,1,1011,938,Medium,1,1,47
3903,2009-09-20,2009-09-20,1.0,heavy rains,Maharashtra,1.0,0.0,2009.0,9.0,20.0,3.0,6.0,38,Monsoon,1.0,1,1011,938,Low,0,1,47
3904,2009-10-01,2009-10-06,6.0,heavy rains,Maharashtra,34.0,0.0,2009.0,10.0,1.0,4.0,3.0,40,Post-Monsoon,6.0,1,1011,501,Medium,1,0,47
3905,2009-10-30,2009-10-30,1.0,heavy rains,Maharashtra,2.0,0.0,2009.0,10.0,30.0,4.0,4.0,44,Post-Monsoon,1.0,1,1011,501,Low,0,0,47
3906,2009-11-11,2009-11-11,1.0,heavy rains,Maharashtra,10.0,62.0,2009.0,11.0,11.0,4.0,2.0,46,Post-Monsoon,1.0,1,1011,194,Low,0,0,47
3907,2009-11-12,2009-11-12,1.0,heavy rains,Maharashtra,1.0,50.0,2009.0,11.0,12.0,4.0,3.0,46,Post-Monsoon,1.0,1,1011,194,Low,0,0,47
3908,2009-11-18,2009-11-18,1.0,flood (yerala),Maharashtra,0.0,0.0,2009.0,11.0,18.0,4.0,2.0,47,Post-Monsoon,1.0,1,1011,194,No Fatality,0,0,47
3909,2009-10-10,2009-10-10,1.0,heavy rains,Meghalaya,4.0,15.0,2009.0,10.0,10.0,4.0,5.0,41,Post-Monsoon,1.0,1,57,501,Low,0,0,51
3910,2009-10-07,2009-10-07,1.0,heavy rains,Mizoram,3.0,10.0,2009.0,10.0,7.0,4.0,2.0,41,Post-Monsoon,1.0,1,27,501,Low,0,0,52
3911,2009-07-14,2009-07-30,17.0,flood (mahanadi),Odisha,56.0,0.0,2009.0,7.0,14.0,3.0,1.0,29,Monsoon,17.0,1,144,1709,High,1,1,55
3912,2009-09-07,2009-09-11,5.0,heavy rains,Odisha,0.0,0.0,2009.0,9.0,7.0,3.0,0.0,37,Monsoon,5.0,1,144,938,No Fatality,0,1,55
3913,2009-03-27,2009-03-27,1.0,heavy rains,Punjab,0.0,0.0,2009.0,3.0,27.0,1.0,4.0,13,Summer,1.0,1,171,166,No Fatality,0,0,61
3914,2009-07-16,2009-07-16,1.0,heavy rains,Punjab,0.0,0.0,2009.0,7.0,16.0,3.0,3.0,29,Monsoon,1.0,1,171,1709,No Fatality,0,1,61
3915,2009-07-22,2009-07-22,1.0,heavy rains,Punjab,0.0,0.0,2009.0,7.0,22.0,3.0,2.0,30,Monsoon,1.0,1,171,1709,No Fatality,0,1,61
3916,2009-07-28,2009-07-28,1.0,heavy rains,Punjab,2.0,0.0,2009.0,7.0,28.0,3.0,1.0,31,Monsoon,1.0,1,171,1709,Low,0,1,61
3917,2009-08-05,2009-08-05,1.0,heavy rains,Punjab,1.0,0.0,2009.0,8.0,5.0,3.0,2.0,32,Monsoon,1.0,1,171,1382,Low,0,1,61
3918,2009-10-04,2009-10-04,1.0,heavy rains,Punjab,0.0,0.0,2009.0,10.0,4.0,4.0,6.0,40,Post-Monsoon,1.0,1,171,501,No Fatality,0,0,61
3919,2009-09-09,2009-09-11,3.0,heavy rains,Rajasthan,7.0,0.0,2009.0,9.0,9.0,3.0,2.0,37,Monsoon,3.0,1,259,938,Low,0,1,62
3920,2009-09-16,2009-09-16,1.0,heavy rains,Tamil Nadu,5.0,0.0,2009.0,9.0,16.0,3.0,2.0,38,Monsoon,1.0,1,188,938,Low,0,1,66
3921,2009-09-25,2009-09-25,1.0,heavy rains,Tamil Nadu,2.0,0.0,2009.0,9.0,25.0,3.0,4.0,39,Monsoon,1.0,1,188,938,Low,0,1,66
3922,2009-11-06,2009-11-11,6.0,heavy rains,Tamil Nadu,49.0,0.0,2009.0,11.0,6.0,4.0,4.0,45,Post-Monsoon,6.0,1,188,194,Medium,1,0,66
3923,2009-11-16,2009-11-16,1.0,heavy rains,Tamil Nadu,5.0,0.0,2009.0,11.0,16.0,4.0,0.0,47,Post-Monsoon,1.0,1,188,194,Low,0,0,66
3924,2009-06-30,2009-06-30,1.0,heavy rains,Uttar Pradesh,8.0,0.0,2009.0,6.0,30.0,2.0,1.0,27,Monsoon,1.0,1,448,1071,Low,0,1,69
3925,2009-07-28,2009-07-28,1.0,heavy rains,Uttarakhand,6.0,0.0,2009.0,7.0,28.0,3.0,1.0,31,Monsoon,1.0,1,107,1709,Low,0,1,78
3926,2009-08-31,2009-08-31,1.0,flash flood (baghmati),Uttar Pradesh,3.0,0.0,2009.0,8.0,31.0,3.0,0.0,36,Monsoon,1.0,1,448,1382,Low,0,1,69
3927,2009-08-08,2009-08-08,1.0,severe flood (cloud burst),Uttarakhand,43.0,0.0,2009.0,8.0,8.0,3.0,5.0,32,Monsoon,1.0,1,107,1382,Medium,1,1,78
3928,2009-08-19,2009-08-24,6.0,flood (ghaghra),Uttar Pradesh,25.0,0.0,2009.0,8.0,19.0,3.0,2.0,34,Monsoon,6.0,1,448,1382,Medium,1,1,69
3929,2009-08-26,2009-08-26,1.0,heavy rains,Uttar Pradesh,8.0,0.0,2009.0,8.0,26.0,3.0,2.0,35,Monsoon,1.0,1,448,1382,Low,0,1,69
3930,2009-08-28,2009-08-28,1.0,flood (ganga),Uttar Pradesh,2.0,0.0,2009.0,8.0,28.0,3.0,4.0,35,Monsoon,1.0,1,448,1382,Low,0,1,69
3931,2009-09-11,2009-09-12,2.0,heavy rains,Uttar Pradesh,16.0,0.0,2009.0,9.0,11.0,3.0,4.0,37,Monsoon,2.0,1,448,938,Medium,1,1,69
3932,2009-10-06,2009-10-07,2.0,heavy rains,Uttar Pradesh,24.0,0.0,2009.0,10.0,6.0,4.0,1.0,41,Post-Monsoon,2.0,1,448,501,Medium,1,0,69
3933,2009-10-09,2009-10-09,1.0,heavy rains,Uttar Pradesh,8.0,0.0,2009.0,10.0,9.0,4.0,4.0,41,Post-Monsoon,1.0,1,448,501,Low,0,0,69
3934,2009-05-26,2009-05-26,1.0,heavy rains,West Bengal,28.0,0.0,2009.0,5.0,26.0,2.0,1.0,22,Summer,1.0,1,330,479,Medium,1,0,79
3935,2009-08-20,2009-08-20,1.0,heavy rains,West Bengal,0.0,0.0,2009.0,8.0,20.0,3.0,3.0,34,Monsoon,1.0,1,330,1382,No Fatality,0,1,79
3936,2009-09-05,2009-09-10,6.0,heavy rains,West Bengal,7.0,0.0,2009.0,9.0,5.0,3.0,5.0,36,Monsoon,6.0,1,330,938,Low,0,1,79
3937,2009-07-29,2009-07-29,1.0,heavy rains,Delhi,2.0,0.0,2009.0,7.0,29.0,3.0,2.0,31,Monsoon,1.0,1,43,1709,Low,0,1,21
3938,2010-10-04,2010-10-04,1.0,heavy rains,Andhra Pradesh,14.0,0.0,2010.0,10.0,4.0,4.0,0.0,40,Post-Monsoon,1.0,1,150,501,Medium,1,0,1
3939,2010-04-02,2010-04-02,1.0,heavy rains,Arunachal Pradesh,7.0,0.0,2010.0,4.0,2.0,2.0,4.0,13,Summer,1.0,1,150,171,Low,0,0,4
3940,2010-04-22,2010-04-22,1.0,heavy rains,Arunachal Pradesh,12.0,0.0,2010.0,4.0,22.0,2.0,3.0,16,Summer,1.0,1,150,171,Medium,1,0,4
3941,2010-09-09,2010-09-10,2.0,heavy rains,Arunachal Pradesh,8.0,0.0,2010.0,9.0,9.0,3.0,3.0,36,Monsoon,2.0,1,150,938,Low,0,1,4
3942,2010-03-27,2010-03-27,1.0,"flash flood (singra, jiadha)",Assam,0.0,0.0,2010.0,3.0,27.0,1.0,5.0,12,Summer,1.0,1,908,166,No Fatality,0,0,5
3943,2010-04-20,2010-04-23,4.0,heavy rains,Assam,0.0,0.0,2010.0,4.0,20.0,2.0,1.0,16,Summer,4.0,1,908,171,No Fatality,0,0,5
3944,2010-05-10,2010-05-16,7.0,"flood (bramhaputra,its tributaries, tiyak,kakajan)",Assam,5.0,0.0,2010.0,5.0,10.0,2.0,0.0,19,Summer,7.0,1,908,479,Low,0,0,5
3945,2010-05-21,2010-05-21,1.0,"flood (kaldia, pahumara,tihy)",Assam,0.0,0.0,2010.0,5.0,21.0,2.0,4.0,20,Summer,1.0,1,908,479,No Fatality,0,0,5
3946,2010-06-01,2010-06-01,1.0,"flood (singra, dikrang,paroi)",Assam,0.0,0.0,2010.0,6.0,1.0,2.0,1.0,22,Monsoon,1.0,1,908,1071,No Fatality,0,1,5
3947,2010-06-06,2010-06-09,4.0,"flood (brahmaputra,its tributaries)",Assam,40.0,0.0,2010.0,6.0,6.0,2.0,6.0,22,Monsoon,4.0,1,908,1071,Medium,1,1,5
3948,2010-06-13,2010-06-13,1.0,"flood (bhogdoi, ranganodi,singra)",Assam,0.0,0.0,2010.0,6.0,13.0,2.0,6.0,23,Monsoon,1.0,1,908,1071,No Fatality,0,1,5
3949,2010-06-17,2010-06-17,1.0,heavy rains,Assam,0.0,0.0,2010.0,6.0,17.0,2.0,3.0,24,Monsoon,1.0,1,908,1071,No Fatality,0,1,5
3950,2010-06-21,2010-06-21,1.0,heavy rains,Assam,7.0,0.0,2010.0,6.0,21.0,2.0,0.0,25,Monsoon,1.0,1,908,1071,Low,0,1,5
3951,2010-06-26,2010-06-28,3.0,heavy rains,Assam,0.0,0.0,2010.0,6.0,26.0,2.0,5.0,25,Monsoon,3.0,1,908,1071,No Fatality,0,1,5
3952,2010-07-02,2010-07-02,1.0,heavy rains,Assam,0.0,0.0,2010.0,7.0,2.0,3.0,4.0,26,Monsoon,1.0,1,908,1709,No Fatality,0,1,5
3953,2010-07-06,2010-07-07,2.0,"flood (brahmaputra,its tributaries)",Assam,0.0,0.0,2010.0,7.0,6.0,3.0,1.0,27,Monsoon,2.0,1,908,1709,No Fatality,0,1,5
3954,2010-07-10,2010-07-10,1.0,"flood (brahmaputra,its tributaries)",Assam,0.0,2.0,2010.0,7.0,10.0,3.0,5.0,27,Monsoon,1.0,1,908,1709,No Fatality,0,1,5
3955,2010-07-19,2010-07-21,3.0,"flood (brahmaputra ,and its tributaries) ",Assam,0.0,0.0,2010.0,7.0,19.0,3.0,0.0,29,Monsoon,3.0,1,908,1709,No Fatality,0,1,5
3956,2010-07-31,2010-07-31,1.0,heavy rains,Assam,0.0,0.0,2010.0,7.0,31.0,3.0,5.0,30,Monsoon,1.0,1,908,1709,No Fatality,0,1,5
3957,2010-08-17,2010-08-17,1.0,flood (nishary),Assam,0.0,0.0,2010.0,8.0,17.0,3.0,1.0,33,Monsoon,1.0,1,908,1382,No Fatality,0,1,5
3958,2010-08-21,2010-08-22,2.0,"flood (gabhagru, jiadhan, pabhoi,singra)",Assam,0.0,0.0,2010.0,8.0,21.0,3.0,5.0,33,Monsoon,2.0,1,908,1382,No Fatality,0,1,5
3959,2010-08-27,2010-08-27,1.0,heavy rains,Assam,0.0,0.0,2010.0,8.0,27.0,3.0,4.0,34,Monsoon,1.0,1,908,1382,No Fatality,0,1,5
3960,2010-08-30,2010-08-30,1.0,"flood (bramhaputra, kapili,kolong)",Assam,0.0,0.0,2010.0,8.0,30.0,3.0,0.0,35,Monsoon,1.0,1,908,1382,No Fatality,0,1,5
3961,2010-09-05,2010-09-09,5.0,"flood (brahmaputra,its tributaries)",Assam,1.0,0.0,2010.0,9.0,5.0,3.0,6.0,35,Monsoon,5.0,1,908,938,Low,0,1,5
3962,2010-09-14,2010-09-14,1.0,"flood (brahmaputra,its tributaries) ",Assam,0.0,0.0,2010.0,9.0,14.0,3.0,1.0,37,Monsoon,1.0,1,908,938,No Fatality,0,1,5
3963,2010-09-21,2010-09-21,1.0,"flood (buradiya, kaldiya,tihu) ",Assam,0.0,0.0,2010.0,9.0,21.0,3.0,1.0,38,Monsoon,1.0,1,908,938,No Fatality,0,1,5
3964,2010-09-27,2010-09-27,1.0,flood (singra),Assam,0.0,0.0,2010.0,9.0,27.0,3.0,0.0,39,Monsoon,1.0,1,908,938,No Fatality,0,1,5
3965,2010-08-25,2010-08-25,1.0,heavy rains,Bihar,2.0,0.0,2010.0,8.0,25.0,3.0,2.0,34,Monsoon,1.0,1,149,1382,Low,0,1,9
3966,2010-08-28,2010-08-29,2.0,Unknown,Bihar,0.0,0.0,2010.0,8.0,28.0,3.0,5.0,34,Monsoon,2.0,1,149,1382,No Fatality,0,1,9
3967,2010-09-18,2010-09-19,2.0,flood (gandok),Bihar,0.0,0.0,2010.0,9.0,18.0,3.0,5.0,37,Monsoon,2.0,1,149,938,No Fatality,0,1,9
3968,2010-07-23,2010-07-26,4.0,"flood (mahanadi,its tributaries)",Chhattisgarh,8.0,4.0,2010.0,7.0,23.0,3.0,4.0,29,Monsoon,4.0,1,52,1709,Low,0,1,17
3969,2010-08-02,2010-08-08,7.0,heavy rains,Chhattisgarh,1.0,0.0,2010.0,8.0,2.0,3.0,0.0,31,Monsoon,7.0,1,52,1382,Low,0,1,17
3970,2010-09-07,2010-09-08,2.0,heavy rains,Chhattisgarh,14.0,2.0,2010.0,9.0,7.0,3.0,1.0,36,Monsoon,2.0,1,52,938,Medium,1,1,17
3971,2010-12-08,2010-12-09,2.0,heavy rains,Chhattisgarh,0.0,0.0,2010.0,12.0,8.0,4.0,2.0,49,Winter,2.0,1,52,71,No Fatality,0,0,17
3972,2010-07-01,2010-07-31,31.0,heavy rains,Gujarat,90.0,0.0,2010.0,7.0,1.0,3.0,3.0,26,Monsoon,31.0,1,168,1709,High,1,1,26
3973,2010-08-01,2010-08-31,31.0,heavy rains,Gujarat,85.0,0.0,2010.0,8.0,1.0,3.0,6.0,30,Monsoon,31.0,1,168,1382,High,1,1,26
3974,2010-09-01,2010-09-30,30.0,heavy rains,Gujarat,70.0,0.0,2010.0,9.0,1.0,3.0,2.0,35,Monsoon,30.0,1,168,938,High,1,1,26
3975,2010-07-07,2010-07-08,2.0,flood (yamuna),Haryana,8.0,0.0,2010.0,7.0,7.0,3.0,2.0,27,Monsoon,2.0,1,60,1709,Low,0,1,27
3976,2010-08-19,2010-08-20,2.0,flood (krishnavati),Haryana,1.0,0.0,2010.0,8.0,19.0,3.0,3.0,33,Monsoon,2.0,1,60,1382,Low,0,1,27
3977,2010-08-20,2010-08-22,3.0,heavy rains,Himachal Pradesh,0.0,0.0,2010.0,8.0,20.0,3.0,4.0,33,Monsoon,3.0,1,362,1382,No Fatality,0,1,29
3978,2010-09-05,2010-09-05,1.0,heavy rains,Himachal Pradesh,0.0,0.0,2010.0,9.0,5.0,3.0,6.0,35,Monsoon,1.0,1,362,938,No Fatality,0,1,29
3979,2010-09-08,2010-09-10,3.0,heavy rains,Himachal Pradesh,1.0,0.0,2010.0,9.0,8.0,3.0,2.0,36,Monsoon,3.0,1,362,938,Low,0,1,29
3980,2010-09-12,2010-09-13,2.0,heavy rains,Himachal Pradesh,0.0,0.0,2010.0,9.0,12.0,3.0,6.0,36,Monsoon,2.0,1,362,938,No Fatality,0,1,29
3981,2010-09-16,2010-09-16,1.0,heavy rains,Himachal Pradesh,5.0,0.0,2010.0,9.0,16.0,3.0,3.0,37,Monsoon,1.0,1,362,938,Low,0,1,29
3982,2010-09-22,2010-09-24,3.0,heavy rains,Himachal Pradesh,2.0,2.0,2010.0,9.0,22.0,3.0,2.0,38,Monsoon,3.0,1,362,938,Low,0,1,29
3983,2010-02-09,2010-02-09,1.0,heavy rains,Jammu and Kashmir,1.0,0.0,2010.0,2.0,9.0,1.0,1.0,6,Winter,1.0,1,137,66,Low,0,0,33
3984,2010-07-21,2010-07-22,2.0,heavy rains,Jammu and Kashmir,0.0,0.0,2010.0,7.0,21.0,3.0,2.0,29,Monsoon,2.0,1,137,1709,No Fatality,0,1,33
3985,2010-07-30,2010-07-30,1.0,heavy rains,Jammu and Kashmir,5.0,0.0,2010.0,7.0,30.0,3.0,4.0,30,Monsoon,1.0,1,137,1709,Low,0,1,33
3986,2010-08-06,2010-08-06,1.0,heavy rains,Jammu and Kashmir,150.0,30.0,2010.0,8.0,6.0,3.0,4.0,31,Monsoon,1.0,1,137,1382,High,1,1,33
3987,2010-08-08,2010-08-08,1.0,heavy rains,Jammu and Kashmir,0.0,0.0,2010.0,8.0,8.0,3.0,6.0,31,Monsoon,1.0,1,137,1382,No Fatality,0,1,33
3988,2010-08-10,2010-08-10,1.0,heavy rains,Jammu and Kashmir,0.0,0.0,2010.0,8.0,10.0,3.0,1.0,32,Monsoon,1.0,1,137,1382,No Fatality,0,1,33
3989,2010-08-13,2010-08-13,1.0,heavy rains,Jammu and Kashmir,1.0,0.0,2010.0,8.0,13.0,3.0,4.0,32,Monsoon,1.0,1,137,1382,Low,0,1,33
3990,2010-08-26,2010-08-26,1.0,flood (ujh),Jammu and Kashmir,2.0,0.0,2010.0,8.0,26.0,3.0,3.0,34,Monsoon,1.0,1,137,1382,Low,0,1,33
3991,2010-10-22,2010-10-22,1.0,heavy rains,Jammu and Kashmir,4.0,0.0,2010.0,10.0,22.0,4.0,4.0,42,Post-Monsoon,1.0,1,137,501,Low,0,0,33
3992,2010-05-16,2010-05-16,1.0,heavy rains,Karnataka,1.0,1.0,2010.0,5.0,16.0,2.0,6.0,19,Summer,1.0,1,491,479,Low,0,0,37
3993,2010-05-20,2010-05-20,1.0,heavy rains,Karnataka,4.0,0.0,2010.0,5.0,20.0,2.0,3.0,20,Summer,1.0,1,491,479,Low,0,0,37
3994,2010-05-30,2010-05-30,1.0,heavy rains,Karnataka,3.0,0.0,2010.0,5.0,30.0,2.0,6.0,21,Summer,1.0,1,491,479,Low,0,0,37
3995,2010-06-17,2010-06-17,1.0,heavy rains,Karnataka,1.0,0.0,2010.0,6.0,17.0,2.0,3.0,24,Monsoon,1.0,1,491,1071,Low,0,1,37
3996,2010-07-21,2010-07-21,1.0,heavy rains,Karnataka,1.0,0.0,2010.0,7.0,21.0,3.0,2.0,29,Monsoon,1.0,1,491,1709,Low,0,1,37
3997,2010-07-27,2010-07-31,5.0,heavy rains,Karnataka,5.0,0.0,2010.0,7.0,27.0,3.0,1.0,30,Monsoon,5.0,1,491,1709,Low,0,1,37
3998,2010-08-21,2010-08-21,1.0,heavy rains,Karnataka,2.0,0.0,2010.0,8.0,21.0,3.0,5.0,33,Monsoon,1.0,1,491,1382,Low,0,1,37
3999,2010-08-26,2010-08-26,1.0,heavy rains,Karnataka,4.0,0.0,2010.0,8.0,26.0,3.0,3.0,34,Monsoon,1.0,1,491,1382,Low,0,1,37
4000,2010-08-30,2010-08-30,1.0,heavy rains,Karnataka,1.0,0.0,2010.0,8.0,30.0,3.0,0.0,35,Monsoon,1.0,1,491,1382,Low,0,1,37
4001,2010-05-03,2010-05-03,1.0,heavy rains,Kerala,0.0,0.0,2010.0,5.0,3.0,2.0,0.0,18,Summer,1.0,1,604,479,No Fatality,0,0,39
4002,2010-05-29,2010-05-29,1.0,heavy rains,Kerala,1.0,0.0,2010.0,5.0,29.0,2.0,5.0,21,Summer,1.0,1,604,479,Low,0,0,39
4003,2010-06-08,2010-06-08,1.0,heavy rains,Kerala,0.0,0.0,2010.0,6.0,8.0,2.0,1.0,23,Monsoon,1.0,1,604,1071,No Fatality,0,1,39
4004,2010-06-11,2010-06-15,5.0,heavy rains,Kerala,0.0,0.0,2010.0,6.0,11.0,2.0,4.0,23,Monsoon,5.0,1,604,1071,No Fatality,0,1,39
4005,2010-07-19,2010-07-19,1.0,heavy rains,Kerala,0.0,1.0,2010.0,7.0,19.0,3.0,0.0,29,Monsoon,1.0,1,604,1709,No Fatality,0,1,39
4006,2010-09-17,2010-09-19,3.0,heavy rains,Kerala,2.0,0.0,2010.0,9.0,17.0,3.0,4.0,37,Monsoon,3.0,1,604,938,Low,0,1,39
4007,2010-09-24,2010-09-24,1.0,heavy rains,Kerala,0.0,4.0,2010.0,9.0,24.0,3.0,4.0,38,Monsoon,1.0,1,604,938,No Fatality,0,1,39
4008,2010-10-03,2010-10-08,6.0,"flood (karamana, neyyak,vamanapuram) ",Kerala,20.0,1.0,2010.0,10.0,3.0,4.0,6.0,39,Post-Monsoon,6.0,1,604,501,Medium,1,0,39
4009,2010-10-18,2010-10-18,1.0,heavy rains,Kerala,0.0,0.0,2010.0,10.0,18.0,4.0,0.0,42,Post-Monsoon,1.0,1,604,501,No Fatality,0,0,39
4010,2010-10-22,2010-10-22,1.0,heavy rains,Kerala,0.0,0.0,2010.0,10.0,22.0,4.0,4.0,42,Post-Monsoon,1.0,1,604,501,No Fatality,0,0,39
4011,2010-10-27,2010-10-29,3.0,heavy rains,Kerala,3.0,0.0,2010.0,10.0,27.0,4.0,2.0,43,Post-Monsoon,3.0,1,604,501,Low,0,0,39
4012,2010-11-08,2010-11-08,1.0,heavy rains,Kerala,0.0,0.0,2010.0,11.0,8.0,4.0,0.0,45,Post-Monsoon,1.0,1,604,194,No Fatality,0,0,39
4013,2010-11-16,2010-11-16,1.0,heavy rains,Kerala,1.0,0.0,2010.0,11.0,16.0,4.0,1.0,46,Post-Monsoon,1.0,1,604,194,Low,0,0,39
4014,2010-11-20,2010-11-24,5.0,heavy rains,Kerala,2.0,0.0,2010.0,11.0,20.0,4.0,5.0,46,Post-Monsoon,5.0,1,604,194,Low,0,0,39
4015,2010-11-27,2010-11-28,2.0,heavy rains,Kerala,1.0,0.0,2010.0,11.0,27.0,4.0,5.0,47,Post-Monsoon,2.0,1,604,194,Low,0,0,39
4016,2010-12-08,2010-12-08,1.0,heavy rains,Kerala,1.0,1.0,2010.0,12.0,8.0,4.0,2.0,49,Winter,1.0,1,604,71,Low,0,0,39
4017,2010-06-13,2010-06-13,1.0,heavy rains,Madhya Pradesh,1.0,0.0,2010.0,6.0,13.0,2.0,6.0,23,Monsoon,1.0,1,238,1071,Low,0,1,43
4018,2010-07-03,2010-07-03,1.0,heavy rains,Madhya Pradesh,1.0,0.0,2010.0,7.0,3.0,3.0,5.0,26,Monsoon,1.0,1,238,1709,Low,0,1,43
4019,2010-03-12,2010-03-14,3.0,heavy rains,Maharashtra,2.0,7.0,2010.0,3.0,12.0,1.0,4.0,10,Summer,3.0,1,1011,166,Low,0,0,47
4020,2010-04-16,2010-04-16,1.0,heavy rains,Maharashtra,0.0,0.0,2010.0,4.0,16.0,2.0,4.0,15,Summer,1.0,1,1011,171,No Fatality,0,0,47
4021,2010-06-11,2010-06-14,4.0,heavy rains,Maharashtra,12.0,7.0,2010.0,6.0,11.0,2.0,4.0,23,Monsoon,4.0,1,1011,1071,Medium,1,1,47
4022,2010-06-16,2010-06-16,1.0,heavy rains,Maharashtra,9.0,7.0,2010.0,6.0,16.0,2.0,2.0,24,Monsoon,1.0,1,1011,1071,Low,0,1,47
4023,2010-06-18,2010-06-20,3.0,heavy rains,Maharashtra,8.0,0.0,2010.0,6.0,18.0,2.0,4.0,24,Monsoon,3.0,1,1011,1071,Low,0,1,47
4024,2010-06-24,2010-06-26,3.0,heavy rains,Maharashtra,8.0,7.0,2010.0,6.0,24.0,2.0,3.0,25,Monsoon,3.0,1,1011,1071,Low,0,1,47
4025,2010-06-29,2010-07-01,3.0,heavy rains,Maharashtra,9.0,0.0,2010.0,6.0,29.0,2.0,1.0,26,Monsoon,3.0,1,1011,1071,Low,0,1,47
4026,2010-07-03,2010-07-03,1.0,heavy rains,Maharashtra,4.0,0.0,2010.0,7.0,3.0,3.0,5.0,26,Monsoon,1.0,1,1011,1709,Low,0,1,47
4027,2010-07-07,2010-07-08,2.0,heavy rains,Maharashtra,1.0,0.0,2010.0,7.0,7.0,3.0,2.0,27,Monsoon,2.0,1,1011,1709,Low,0,1,47
4028,2010-07-23,2010-07-25,3.0,heavy rains,Maharashtra,12.0,0.0,2010.0,7.0,23.0,3.0,4.0,29,Monsoon,3.0,1,1011,1709,Medium,1,1,47
4029,2010-07-26,2010-07-26,1.0,heavy rains,Maharashtra,10.0,0.0,2010.0,7.0,26.0,3.0,0.0,30,Monsoon,1.0,1,1011,1709,Low,0,1,47
4030,2010-08-05,2010-08-06,2.0,heavy rains,Maharashtra,1.0,3.0,2010.0,8.0,5.0,3.0,3.0,31,Monsoon,2.0,1,1011,1382,Low,0,1,47
4031,2010-08-09,2010-08-09,1.0,heavy rains,Maharashtra,38.0,0.0,2010.0,8.0,9.0,3.0,0.0,32,Monsoon,1.0,1,1011,1382,Medium,1,1,47
4032,2010-08-17,2010-08-20,4.0,heavy rains,Maharashtra,11.0,4.0,2010.0,8.0,17.0,3.0,1.0,33,Monsoon,4.0,1,1011,1382,Medium,1,1,47
4033,2010-08-25,2010-08-25,1.0,heavy rains,Maharashtra,0.0,0.0,2010.0,8.0,25.0,3.0,2.0,34,Monsoon,1.0,1,1011,1382,No Fatality,0,1,47
4034,2010-08-30,2010-08-30,1.0,heavy rains,Maharashtra,4.0,0.0,2010.0,8.0,30.0,3.0,0.0,35,Monsoon,1.0,1,1011,1382,Low,0,1,47
4035,2010-09-05,2010-09-05,1.0,heavy rains,Maharashtra,2.0,0.0,2010.0,9.0,5.0,3.0,6.0,35,Monsoon,1.0,1,1011,938,Low,0,1,47
4036,2010-09-09,2010-09-10,2.0,Unknown,Maharashtra,13.0,0.0,2010.0,9.0,9.0,3.0,3.0,36,Monsoon,2.0,1,1011,938,Medium,1,1,47
4037,2010-09-16,2010-09-16,1.0,heavy rains,Maharashtra,1.0,0.0,2010.0,9.0,16.0,3.0,3.0,37,Monsoon,1.0,1,1011,938,Low,0,1,47
4038,2010-09-19,2010-09-19,1.0,heavy rains,Maharashtra,0.0,1.0,2010.0,9.0,19.0,3.0,6.0,37,Monsoon,1.0,1,1011,938,No Fatality,0,1,47
4039,2010-09-23,2010-09-30,8.0,heavy rains,Maharashtra,5.0,7.0,2010.0,9.0,23.0,3.0,3.0,38,Monsoon,8.0,1,1011,938,Low,0,1,47
4040,2010-10-04,2010-10-04,1.0,heavy rains,Maharashtra,2.0,1.0,2010.0,10.0,4.0,4.0,0.0,40,Post-Monsoon,1.0,1,1011,501,Low,0,0,47
4041,2010-11-08,2010-11-21,14.0,heavy rains,Maharashtra,0.0,0.0,2010.0,11.0,8.0,4.0,0.0,45,Post-Monsoon,14.0,1,1011,194,No Fatality,0,0,47
4042,2010-09-14,2010-09-14,1.0,heavy rains,Mizoram,1.0,0.0,2010.0,9.0,14.0,3.0,1.0,37,Monsoon,1.0,1,27,938,Low,0,1,52
4043,2010-07-24,2010-07-25,2.0,heavy rains,Odisha,7.0,0.0,2010.0,7.0,24.0,3.0,5.0,29,Monsoon,2.0,1,144,1709,Low,0,1,55
4044,2010-08-05,2010-08-06,2.0,heavy rains,Odisha,3.0,0.0,2010.0,8.0,5.0,3.0,3.0,31,Monsoon,2.0,1,144,1382,Low,0,1,55
4045,2010-07-07,2010-07-08,2.0,heavy rains,Punjab,9.0,0.0,2010.0,7.0,7.0,3.0,2.0,27,Monsoon,2.0,1,171,1709,Low,0,1,61
4046,2010-08-17,2010-08-17,1.0,heavy rains,Punjab,0.0,0.0,2010.0,8.0,17.0,3.0,1.0,33,Monsoon,1.0,1,171,1382,No Fatality,0,1,61
4047,2010-08-26,2010-08-26,1.0,"flood (satluj,yamuna)",Punjab,0.0,0.0,2010.0,8.0,26.0,3.0,3.0,34,Monsoon,1.0,1,171,1382,No Fatality,0,1,61
4048,2010-06-07,2010-06-09,3.0,heavy rains,Rajasthan,0.0,47.0,2010.0,6.0,7.0,2.0,0.0,23,Monsoon,3.0,1,259,1071,No Fatality,0,1,62
4049,2010-07-04,2010-07-04,1.0,heavy rains,Rajasthan,2.0,4.0,2010.0,7.0,4.0,3.0,6.0,26,Monsoon,1.0,1,259,1709,Low,0,1,62
4050,2010-07-22,2010-07-25,4.0,heavy rains,Rajasthan,8.0,0.0,2010.0,7.0,22.0,3.0,3.0,29,Monsoon,4.0,1,259,1709,Low,0,1,62
4051,2010-08-08,2010-08-08,1.0,heavy rains,Rajasthan,0.0,4.0,2010.0,8.0,8.0,3.0,6.0,31,Monsoon,1.0,1,259,1382,No Fatality,0,1,62
4052,2010-08-14,2010-08-18,5.0,heavy rains,Rajasthan,11.0,0.0,2010.0,8.0,14.0,3.0,5.0,32,Monsoon,5.0,1,259,1382,Medium,1,1,62
4053,2010-09-02,2010-09-02,1.0,heavy rains,Rajasthan,1.0,0.0,2010.0,9.0,2.0,3.0,3.0,35,Monsoon,1.0,1,259,938,Low,0,1,62
4054,2010-06-07,2010-06-08,2.0,heavy rains,Sikkim,0.0,0.0,2010.0,6.0,7.0,2.0,0.0,23,Monsoon,2.0,1,64,1071,No Fatality,0,1,65
4055,2010-07-28,2010-07-28,1.0,heavy rains,Sikkim,0.0,0.0,2010.0,7.0,28.0,3.0,2.0,30,Monsoon,1.0,1,64,1709,No Fatality,0,1,65
4056,2010-08-23,2010-08-23,1.0,heavy rains,Sikkim,0.0,0.0,2010.0,8.0,23.0,3.0,0.0,34,Monsoon,1.0,1,64,1382,No Fatality,0,1,65
4057,2010-05-01,2010-05-05,5.0,heavy rains,Tamil Nadu,2.0,0.0,2010.0,5.0,1.0,2.0,5.0,17,Summer,5.0,1,188,479,Low,0,0,66
4058,2010-05-18,2010-05-18,1.0,heavy rains,Tamil Nadu,0.0,0.0,2010.0,5.0,18.0,2.0,1.0,20,Summer,1.0,1,188,479,No Fatality,0,0,66
4059,2010-07-09,2010-07-09,1.0,heavy rains,Tamil Nadu,1.0,0.0,2010.0,7.0,9.0,3.0,4.0,27,Monsoon,1.0,1,188,1709,Low,0,1,66
4060,2010-08-08,2010-08-08,1.0,heavy rains,Tamil Nadu,0.0,0.0,2010.0,8.0,8.0,3.0,6.0,31,Monsoon,1.0,1,188,1382,No Fatality,0,1,66
4061,2010-08-23,2010-08-23,1.0,heavy rains,Tamil Nadu,0.0,0.0,2010.0,8.0,23.0,3.0,0.0,34,Monsoon,1.0,1,188,1382,No Fatality,0,1,66
4062,2010-09-23,2010-09-27,5.0,heavy rains,Tamil Nadu,0.0,0.0,2010.0,9.0,23.0,3.0,3.0,38,Monsoon,5.0,1,188,938,No Fatality,0,1,66
4063,2010-11-07,2010-11-07,1.0,heavy rains,Tamil Nadu,5.0,32.0,2010.0,11.0,7.0,4.0,6.0,44,Post-Monsoon,1.0,1,188,194,Low,0,0,66
4064,2010-11-22,2010-11-23,2.0,heavy rains,Tamil Nadu,100.0,0.0,2010.0,11.0,22.0,4.0,0.0,47,Post-Monsoon,2.0,1,188,194,High,1,0,66
4065,2010-11-25,2010-11-28,4.0,heavy rains,Tamil Nadu,0.0,0.0,2010.0,11.0,25.0,4.0,3.0,47,Post-Monsoon,4.0,1,188,194,No Fatality,0,0,66
4066,2010-11-30,2010-11-30,1.0,heavy rains,Tamil Nadu,0.0,0.0,2010.0,11.0,30.0,4.0,1.0,48,Post-Monsoon,1.0,1,188,194,No Fatality,0,0,66
4067,2010-12-01,2010-12-03,3.0,heavy rains,Tamil Nadu,12.0,0.0,2010.0,12.0,1.0,4.0,2.0,48,Winter,3.0,1,188,71,Medium,1,0,66
4068,2010-12-09,2010-12-09,1.0,heavy rains,Tamil Nadu,0.0,0.0,2010.0,12.0,9.0,4.0,3.0,49,Winter,1.0,1,188,71,No Fatality,0,0,66
4069,2010-12-16,2010-12-20,5.0,heavy rains,Tamil Nadu,0.0,0.0,2010.0,12.0,16.0,4.0,3.0,50,Winter,5.0,1,188,71,No Fatality,0,0,66
4070,2010-05-29,2010-05-29,1.0,heavy rains,Tripura,1.0,0.0,2010.0,5.0,29.0,2.0,5.0,21,Summer,1.0,1,47,479,Low,0,0,68
4071,2010-07-28,2010-07-28,1.0,heavy rains,Tripura,0.0,0.0,2010.0,7.0,28.0,3.0,2.0,30,Monsoon,1.0,1,47,1709,No Fatality,0,1,68
4072,2010-07-05,2010-07-05,1.0,heavy rains,Uttarakhand,6.0,2.0,2010.0,7.0,5.0,3.0,0.0,27,Monsoon,1.0,1,107,1709,Low,0,1,78
4073,2010-08-18,2010-08-18,1.0,heavy rains,Uttarakhand,18.0,8.0,2010.0,8.0,18.0,3.0,2.0,33,Monsoon,1.0,1,107,1382,Medium,1,1,78
4074,2010-08-24,2010-08-24,1.0,"flood (ganga ballia, deoria and",Uttar Pradesh,0.0,0.0,2010.0,8.0,24.0,3.0,1.0,34,Monsoon,1.0,1,448,1382,No Fatality,0,1,69
4075,2010-09-06,2010-09-06,1.0,heavy rains,Uttar Pradesh,6.0,0.0,2010.0,9.0,6.0,3.0,0.0,36,Monsoon,1.0,1,448,938,Low,0,1,69
4076,2010-09-12,2010-09-14,3.0,"flood (ganga, yamuna,sarayu)",Uttar Pradesh,7.0,0.0,2010.0,9.0,12.0,3.0,6.0,36,Monsoon,3.0,1,448,938,Low,0,1,69
4077,2010-09-18,2010-09-19,2.0,heavy rains,Uttarakhand,20.0,0.0,2010.0,9.0,18.0,3.0,5.0,37,Monsoon,2.0,1,107,938,Medium,1,1,78
4078,2010-09-20,2010-09-21,2.0,"flood (ramganga,kosi)",Uttar Pradesh,0.0,0.0,2010.0,9.0,20.0,3.0,0.0,38,Monsoon,2.0,1,448,938,No Fatality,0,1,69
4079,2010-06-15,2010-06-16,2.0,heavy rains,West Bengal,6.0,0.0,2010.0,6.0,15.0,2.0,1.0,24,Monsoon,2.0,1,330,1071,Low,0,1,79
4080,2010-07-12,2010-07-12,1.0,"flood (kaljani, pana)",West Bengal,0.0,0.0,2010.0,7.0,12.0,3.0,0.0,28,Monsoon,1.0,1,330,1709,No Fatality,0,1,79
4081,2010-07-20,2010-07-20,1.0,flood (torsha),West Bengal,0.0,0.0,2010.0,7.0,20.0,3.0,1.0,29,Monsoon,1.0,1,330,1709,No Fatality,0,1,79
4082,2010-08-12,2010-08-13,2.0,heavy rains,West Bengal,0.0,0.0,2010.0,8.0,12.0,3.0,3.0,32,Monsoon,2.0,1,330,1382,No Fatality,0,1,79
4083,2010-08-27,2010-08-28,2.0,"flood ( ganga,phulhar)",West Bengal,1.0,0.0,2010.0,8.0,27.0,3.0,4.0,34,Monsoon,2.0,1,330,1382,Low,0,1,79
4084,2010-09-08,2010-09-09,2.0,heavy rains,West Bengal,0.0,0.0,2010.0,9.0,8.0,3.0,2.0,36,Monsoon,2.0,1,330,938,No Fatality,0,1,79
4085,2010-10-09,2010-10-10,2.0,heavy rains,West Bengal,0.0,0.0,2010.0,10.0,9.0,4.0,5.0,40,Post-Monsoon,2.0,1,330,501,No Fatality,0,0,79
4086,2010-09-23,2010-09-23,1.0,heavy rains,Delhi,0.0,0.0,2010.0,9.0,23.0,3.0,3.0,38,Monsoon,1.0,1,43,938,No Fatality,0,1,21
4087,2011-07-19,2011-07-19,1.0,heavy rains,Arunachal Pradesh,3.0,0.0,2011.0,7.0,19.0,3.0,1.0,29,Monsoon,1.0,1,150,1709,Low,0,1,4
4088,2011-06-04,2011-06-04,1.0,heavy rains,Assam,0.0,0.0,2011.0,6.0,4.0,2.0,5.0,22,Monsoon,1.0,1,908,1071,No Fatality,0,1,5
4089,2011-06-28,2011-06-29,2.0,heavy rains,Assam,0.0,0.0,2011.0,6.0,28.0,2.0,1.0,26,Monsoon,2.0,1,908,1071,No Fatality,0,1,5
4090,2011-07-03,2011-07-05,3.0,heavy rains,Assam,0.0,0.0,2011.0,7.0,3.0,3.0,6.0,26,Monsoon,3.0,1,908,1709,No Fatality,0,1,5
4091,2011-07-14,2011-07-20,7.0,"severe flood (brahmaputra,tributaries)",Assam,8.0,0.0,2011.0,7.0,14.0,3.0,3.0,28,Monsoon,7.0,1,908,1709,Low,0,1,5
4092,2011-07-05,2011-07-06,2.0,"flood (brahmaputra,tributaries)",Assam,0.0,0.0,2011.0,7.0,5.0,3.0,1.0,27,Monsoon,2.0,1,908,1709,No Fatality,0,1,5
4093,2011-08-16,2011-08-23,8.0,"severe flood (brahmaputra,tributaries)",Assam,6.0,5.0,2011.0,8.0,16.0,3.0,1.0,33,Monsoon,8.0,1,908,1382,Low,0,1,5
4094,2011-09-04,2011-09-04,1.0,"flood (tiyak, puthi)",Assam,0.0,0.0,2011.0,9.0,4.0,3.0,6.0,35,Monsoon,1.0,1,908,938,No Fatality,0,1,5
4095,2011-09-15,2011-09-15,1.0,flood (doprang),Assam,0.0,0.0,2011.0,9.0,15.0,3.0,3.0,37,Monsoon,1.0,1,908,938,No Fatality,0,1,5
4096,2011-09-23,2011-09-23,1.0,heavy rains ,Assam,4.0,10.0,2011.0,9.0,23.0,3.0,4.0,38,Monsoon,1.0,1,908,938,Low,0,1,5
4097,2011-09-24,2011-09-25,2.0,"flood (ghai, jiadhal)",Assam,0.0,0.0,2011.0,9.0,24.0,3.0,5.0,38,Monsoon,2.0,1,908,938,No Fatality,0,1,5
4098,2011-07-04,2011-07-06,3.0,heavy rains ,Bihar,7.0,0.0,2011.0,7.0,4.0,3.0,0.0,27,Monsoon,3.0,1,149,1709,Low,0,1,9
4099,2011-02-20,2011-02-20,1.0,heavy rains,Chhattisgarh,0.0,0.0,2011.0,2.0,20.0,1.0,6.0,7,Winter,1.0,1,52,66,No Fatality,0,0,17
4100,2011-09-06,2011-09-08,3.0,heavy rains,Chhattisgarh,6.0,0.0,2011.0,9.0,6.0,3.0,1.0,36,Monsoon,3.0,1,52,938,Low,0,1,17
4101,2011-07-01,2011-07-31,31.0,"severe flood (narmada,sabarmati)",Gujarat,58.0,0.0,2011.0,7.0,1.0,3.0,4.0,26,Monsoon,31.0,1,168,1709,High,1,1,26
4102,2011-08-01,2011-08-31,31.0,"severe flood (tapi,mahanadi)",Gujarat,71.0,0.0,2011.0,8.0,1.0,3.0,0.0,31,Monsoon,31.0,1,168,1382,High,1,1,26
4103,2011-09-01,2011-09-30,30.0,severe floodi) (narmada) ,Gujarat,36.0,0.0,2011.0,9.0,1.0,3.0,3.0,35,Monsoon,30.0,1,168,938,Medium,1,1,26
4104,2011-05-28,2011-05-29,2.0,heavy rains (cloud burst),Himachal Pradesh,0.0,0.0,2011.0,5.0,28.0,2.0,5.0,21,Summer,2.0,1,362,479,No Fatality,0,0,29
4105,2011-06-01,2011-06-01,1.0,heavy rains (cloud burst),Himachal Pradesh,1.0,4.0,2011.0,6.0,1.0,2.0,2.0,22,Monsoon,1.0,1,362,1071,Low,0,1,29
4106,2011-06-08,2011-06-08,1.0,heavy rains,Himachal Pradesh,0.0,0.0,2011.0,6.0,8.0,2.0,2.0,23,Monsoon,1.0,1,362,1071,No Fatality,0,1,29
4107,2011-07-09,2011-07-09,1.0,heavy rains,Himachal Pradesh,0.0,0.0,2011.0,7.0,9.0,3.0,5.0,27,Monsoon,1.0,1,362,1709,No Fatality,0,1,29
4108,2011-07-20,2011-07-21,2.0,heavy rains (cloud burst),Himachal Pradesh,0.0,8.0,2011.0,7.0,20.0,3.0,2.0,29,Monsoon,2.0,1,362,1709,No Fatality,0,1,29
4109,2011-08-06,2011-08-08,3.0,heavy rains (cloud burst),Himachal Pradesh,0.0,0.0,2011.0,8.0,6.0,3.0,5.0,31,Monsoon,3.0,1,362,1382,No Fatality,0,1,29
4110,2011-08-12,2011-08-16,5.0,heavy rains (cloud burst),Himachal Pradesh,0.0,0.0,2011.0,8.0,12.0,3.0,4.0,32,Monsoon,5.0,1,362,1382,No Fatality,0,1,29
4111,2011-08-26,2011-08-27,2.0,heavy rains,Himachal Pradesh,0.0,0.0,2011.0,8.0,26.0,3.0,4.0,34,Monsoon,2.0,1,362,1382,No Fatality,0,1,29
4112,2011-09-12,2011-09-15,4.0,heavy rains,Himachal Pradesh,1.0,0.0,2011.0,9.0,12.0,3.0,0.0,37,Monsoon,4.0,1,362,938,Low,0,1,29
4113,2011-02-14,2011-02-14,1.0,heavy rains,Jammu and Kashmir,1.0,0.0,2011.0,2.0,14.0,1.0,0.0,7,Winter,1.0,1,137,66,Low,0,0,33
4114,2011-03-20,2011-03-20,1.0,heavy rains,Jammu and Kashmir,0.0,2.0,2011.0,3.0,20.0,1.0,6.0,11,Summer,1.0,1,137,166,No Fatality,0,0,33
4115,2011-04-06,2011-04-06,1.0,heavy rains,Jammu and Kashmir,0.0,0.0,2011.0,4.0,6.0,2.0,2.0,14,Summer,1.0,1,137,171,No Fatality,0,0,33
4116,2011-04-18,2011-04-18,1.0,heavy rains,Jammu and Kashmir,5.0,1.0,2011.0,4.0,18.0,2.0,0.0,16,Summer,1.0,1,137,171,Low,0,0,33
4117,2011-09-15,2011-09-16,2.0,flash flood (jhelum),Jammu and Kashmir,1.0,4.0,2011.0,9.0,15.0,3.0,3.0,37,Monsoon,2.0,1,137,938,Low,0,1,33
4118,2011-06-17,2011-06-20,4.0,Unknown,Jharkhand,0.0,0.0,2011.0,6.0,17.0,2.0,4.0,24,Monsoon,4.0,1,31,1071,No Fatality,0,1,36
4119,2011-07-11,2011-07-11,1.0,heavy rains,Jharkhand,1.0,1.0,2011.0,7.0,11.0,3.0,0.0,28,Monsoon,1.0,1,31,1709,Low,0,1,36
4120,2011-09-23,2011-09-24,2.0,heavy rains,Jharkhand,17.0,0.0,2011.0,9.0,23.0,3.0,4.0,38,Monsoon,2.0,1,31,938,Medium,1,1,36
4121,2011-01-19,2011-01-19,1.0,heavy rains,Karnataka,0.0,0.0,2011.0,1.0,19.0,1.0,2.0,3,Winter,1.0,1,491,108,No Fatality,0,0,37
4122,2011-04-23,2011-04-23,1.0,heavy rains,Karnataka,4.0,0.0,2011.0,4.0,23.0,2.0,5.0,16,Summer,1.0,1,491,171,Low,0,0,37
4123,2011-07-17,2011-07-18,2.0,heavy rains,Karnataka,3.0,2.0,2011.0,7.0,17.0,3.0,6.0,28,Monsoon,2.0,1,491,1709,Low,0,1,37
4124,2011-08-05,2011-08-05,1.0,heavy rains,Karnataka,0.0,2.0,2011.0,8.0,5.0,3.0,4.0,31,Monsoon,1.0,1,491,1382,No Fatality,0,1,37
4125,2011-09-06,2011-09-07,2.0,"flood (ghataprabha,krishna)",Karnataka,0.0,2.0,2011.0,9.0,6.0,3.0,1.0,36,Monsoon,2.0,1,491,938,No Fatality,0,1,37
4126,2011-04-14,2011-04-14,1.0,heavy rains,Kerala,0.0,0.0,2011.0,4.0,14.0,2.0,3.0,15,Summer,1.0,1,604,171,No Fatality,0,0,39
4127,2011-04-21,2011-04-21,1.0,heavy rains,Kerala,0.0,0.0,2011.0,4.0,21.0,2.0,3.0,16,Summer,1.0,1,604,171,No Fatality,0,0,39
4128,2011-04-25,2011-04-25,1.0,heavy rains,Kerala,0.0,0.0,2011.0,4.0,25.0,2.0,0.0,17,Summer,1.0,1,604,171,No Fatality,0,0,39
4129,2011-04-28,2011-04-30,3.0,heavy rains,Kerala,1.0,0.0,2011.0,4.0,28.0,2.0,3.0,17,Summer,3.0,1,604,171,Low,0,0,39
4130,2011-06-01,2011-06-03,3.0,heavy rains,Kerala,1.0,4.0,2011.0,6.0,1.0,2.0,2.0,22,Monsoon,3.0,1,604,1071,Low,0,1,39
4131,2011-06-05,2011-06-08,4.0,heavy rains,Kerala,4.0,5.0,2011.0,6.0,5.0,2.0,6.0,22,Monsoon,4.0,1,604,1071,Low,0,1,39
4132,2011-06-17,2011-06-18,2.0,heavy rains,Kerala,0.0,0.0,2011.0,6.0,17.0,2.0,4.0,24,Monsoon,2.0,1,604,1071,No Fatality,0,1,39
4133,2011-06-29,2011-06-29,1.0,heavy rains,Kerala,0.0,0.0,2011.0,6.0,29.0,2.0,2.0,26,Monsoon,1.0,1,604,1071,No Fatality,0,1,39
4134,2011-07-16,2011-07-20,5.0,heavy rains,Kerala,4.0,1.0,2011.0,7.0,16.0,3.0,5.0,28,Monsoon,5.0,1,604,1709,Low,0,1,39
4135,2011-08-06,2011-08-07,2.0,heavy rains,Kerala,1.0,1.0,2011.0,8.0,6.0,3.0,5.0,31,Monsoon,2.0,1,604,1382,Low,0,1,39
4136,2011-08-28,2011-09-04,8.0,heavy rains,Kerala,2.0,1.0,2011.0,8.0,28.0,3.0,6.0,34,Monsoon,8.0,1,604,1382,Low,0,1,39
4137,2011-10-10,2011-10-10,1.0,heavy rains,Kerala,0.0,0.0,2011.0,10.0,10.0,4.0,0.0,41,Post-Monsoon,1.0,1,604,501,No Fatality,0,0,39
4138,2011-10-14,2011-10-17,4.0,heavy rains,Kerala,2.0,0.0,2011.0,10.0,14.0,4.0,4.0,41,Post-Monsoon,4.0,1,604,501,Low,0,0,39
4139,2011-10-21,2011-10-21,1.0,heavy rains,Kerala,0.0,0.0,2011.0,10.0,21.0,4.0,4.0,42,Post-Monsoon,1.0,1,604,501,No Fatality,0,0,39
4140,2011-10-31,2011-11-08,9.0,heavy rains,Kerala,0.0,5.0,2011.0,10.0,31.0,4.0,0.0,44,Post-Monsoon,9.0,1,604,501,No Fatality,0,0,39
4141,2011-11-26,2011-11-27,2.0,heavy rains,Kerala,0.0,4.0,2011.0,11.0,26.0,4.0,5.0,47,Post-Monsoon,2.0,1,604,194,No Fatality,0,0,39
4142,2011-12-31,2011-12-31,1.0,heavy rains,Kerala,0.0,0.0,2011.0,12.0,31.0,4.0,5.0,52,Winter,1.0,1,604,71,No Fatality,0,0,39
4143,2011-06-29,2011-06-29,1.0,heavy rains,Madhya Pradesh,0.0,4.0,2011.0,6.0,29.0,2.0,2.0,26,Monsoon,1.0,1,238,1071,No Fatality,0,1,43
4144,2011-07-17,2011-07-18,2.0,Unknown,Madhya Pradesh,3.0,6.0,2011.0,7.0,17.0,3.0,6.0,28,Monsoon,2.0,1,238,1709,Low,0,1,43
4145,2011-08-01,2011-08-01,1.0,flood(dhasan) ,Madhya Pradesh,30.0,0.0,2011.0,8.0,1.0,3.0,0.0,31,Monsoon,1.0,1,238,1382,Medium,1,1,43
4146,2011-08-08,2011-08-08,1.0,flood (bina river),Madhya Pradesh,0.0,2.0,2011.0,8.0,8.0,3.0,0.0,32,Monsoon,1.0,1,238,1382,No Fatality,0,1,43
4147,2011-08-25,2011-08-27,3.0,heavy rains,Madhya Pradesh,0.0,6.0,2011.0,8.0,25.0,3.0,3.0,34,Monsoon,3.0,1,238,1382,No Fatality,0,1,43
4148,2011-02-23,2011-02-23,1.0,heavy rains,Maharashtra,1.0,0.0,2011.0,2.0,23.0,1.0,2.0,8,Winter,1.0,1,1011,66,Low,0,0,47
4149,2011-03-01,2011-03-01,1.0,heavy rains,Maharashtra,0.0,0.0,2011.0,3.0,1.0,1.0,1.0,9,Summer,1.0,1,1011,166,No Fatality,0,0,47
4150,2011-04-10,2011-04-11,2.0,heavy rains,Maharashtra,0.0,0.0,2011.0,4.0,10.0,2.0,6.0,14,Summer,2.0,1,1011,171,No Fatality,0,0,47
4151,2011-04-23,2011-04-24,2.0,heavy rains,Maharashtra,0.0,0.0,2011.0,4.0,23.0,2.0,5.0,16,Summer,2.0,1,1011,171,No Fatality,0,0,47
4152,2011-06-16,2011-06-18,3.0,"flood(jagbudi, kajali,vashishthi) ",Maharashtra,8.0,0.0,2011.0,6.0,16.0,2.0,3.0,24,Monsoon,3.0,1,1011,1071,Low,0,1,47
4153,2011-06-23,2011-06-23,1.0,heavy rains,Maharashtra,1.0,0.0,2011.0,6.0,23.0,2.0,3.0,25,Monsoon,1.0,1,1011,1071,Low,0,1,47
4154,2011-07-08,2011-07-08,1.0,heavy rains,Maharashtra,10.0,0.0,2011.0,7.0,8.0,3.0,4.0,27,Monsoon,1.0,1,1011,1709,Low,0,1,47
4155,2011-07-16,2011-07-16,1.0,"flood (arjuna,  karli,terekhol) ",Maharashtra,0.0,2.0,2011.0,7.0,16.0,3.0,5.0,28,Monsoon,1.0,1,1011,1709,No Fatality,0,1,47
4156,2011-07-18,2011-07-20,3.0,"flood (jagbudi, kundalika, savitri,vashishthi)",Maharashtra,0.0,10.0,2011.0,7.0,18.0,3.0,0.0,29,Monsoon,3.0,1,1011,1709,No Fatality,0,1,47
4157,2011-08-01,2011-08-01,1.0,heavy rains,Maharashtra,0.0,2.0,2011.0,8.0,1.0,3.0,0.0,31,Monsoon,1.0,1,1011,1382,No Fatality,0,1,47
4158,2011-08-27,2011-08-29,3.0,heavy rains,Maharashtra,4.0,15.0,2011.0,8.0,27.0,3.0,5.0,34,Monsoon,3.0,1,1011,1382,Low,0,1,47
4159,2011-08-29,2011-08-29,1.0,heavy rains,Maharashtra,3.0,4.0,2011.0,8.0,29.0,3.0,0.0,35,Monsoon,1.0,1,1011,1382,Low,0,1,47
4160,2011-09-03,2011-09-03,1.0,heavy rains,Maharashtra,8.0,0.0,2011.0,9.0,3.0,3.0,5.0,35,Monsoon,1.0,1,1011,938,Low,0,1,47
4161,2011-09-21,2011-09-21,1.0,heavy rains,Maharashtra,3.0,2.0,2011.0,9.0,21.0,3.0,2.0,38,Monsoon,1.0,1,1011,938,Low,0,1,47
4162,2011-09-08,2011-09-21,14.0,severe flood (mahanadi & its tributaries),Odisha,14.0,12.0,2011.0,9.0,8.0,3.0,3.0,36,Monsoon,14.0,1,144,938,Medium,1,1,55
4163,2011-05-21,2011-05-21,1.0,heavy rains,Punjab,0.0,0.0,2011.0,5.0,21.0,2.0,5.0,20,Summer,1.0,1,171,479,No Fatality,0,0,61
4164,2011-08-12,2011-08-12,1.0,heavy rains,Punjab,0.0,0.0,2011.0,8.0,12.0,3.0,4.0,32,Monsoon,1.0,1,171,1382,No Fatality,0,1,61
4165,2011-02-14,2011-02-14,1.0,heavy rains,Rajasthan,1.0,0.0,2011.0,2.0,14.0,1.0,0.0,7,Winter,1.0,1,259,66,Low,0,0,62
4166,2011-07-19,2011-07-19,1.0,heavy rains,Rajasthan,0.0,15.0,2011.0,7.0,19.0,3.0,1.0,29,Monsoon,1.0,1,259,1709,No Fatality,0,1,62
4167,2011-07-27,2011-07-27,1.0,heavy rains,Rajasthan,2.0,0.0,2011.0,7.0,27.0,3.0,2.0,30,Monsoon,1.0,1,259,1709,Low,0,1,62
4168,2011-08-24,2011-08-24,1.0,flood,Rajasthan,5.0,3.0,2011.0,8.0,24.0,3.0,2.0,34,Monsoon,1.0,1,259,1382,Low,0,1,62
4169,2011-09-05,2011-09-05,1.0,heavy rains,Rajasthan,2.0,0.0,2011.0,9.0,5.0,3.0,0.0,36,Monsoon,1.0,1,259,938,Low,0,1,62
4170,2011-08-23,2011-08-23,1.0,heavy rains,Sikkim,0.0,0.0,2011.0,8.0,23.0,3.0,1.0,34,Monsoon,1.0,1,64,1382,No Fatality,0,1,65
4171,2011-08-29,2011-08-29,1.0,heavy rains,Sikkim,0.0,0.0,2011.0,8.0,29.0,3.0,0.0,35,Monsoon,1.0,1,64,1382,No Fatality,0,1,65
4172,2011-04-21,2011-04-21,1.0,heavy rains,Tamil Nadu,2.0,0.0,2011.0,4.0,21.0,2.0,3.0,16,Summer,1.0,1,188,171,Low,0,0,66
4173,2011-09-16,2011-09-16,1.0,heavy rains,Tamil Nadu,2.0,0.0,2011.0,9.0,16.0,3.0,4.0,37,Monsoon,1.0,1,188,938,Low,0,1,66
4174,2011-10-16,2011-10-16,1.0,heavy rains,Tamil Nadu,0.0,0.0,2011.0,10.0,16.0,4.0,6.0,41,Post-Monsoon,1.0,1,188,501,No Fatality,0,0,66
4175,2011-10-20,2011-10-20,1.0,heavy rains,Tamil Nadu,0.0,0.0,2011.0,10.0,20.0,4.0,3.0,42,Post-Monsoon,1.0,1,188,501,No Fatality,0,0,66
4176,2011-10-30,2011-10-30,1.0,heavy rains,Tamil Nadu,0.0,0.0,2011.0,10.0,30.0,4.0,6.0,43,Post-Monsoon,1.0,1,188,501,No Fatality,0,0,66
4177,2011-11-01,2011-11-09,9.0,heavy rains,Tamil Nadu,70.0,0.0,2011.0,11.0,1.0,4.0,1.0,44,Post-Monsoon,9.0,1,188,194,High,1,0,66
4178,2011-11-24,2011-11-30,7.0,heavy rains,Tamil Nadu,0.0,0.0,2011.0,11.0,24.0,4.0,3.0,47,Post-Monsoon,7.0,1,188,194,No Fatality,0,0,66
4179,2011-06-29,2011-06-29,1.0,heavy rains,Uttar Pradesh,7.0,0.0,2011.0,6.0,29.0,2.0,2.0,26,Monsoon,1.0,1,448,1071,Low,0,1,69
4180,2011-08-15,2011-08-15,1.0,"flood (ghagra,sharada)",Uttar Pradesh,14.0,0.0,2011.0,8.0,15.0,3.0,0.0,33,Monsoon,1.0,1,448,1382,Medium,1,1,69
4181,2011-08-23,2011-08-23,1.0,"flood (ramganga,yamuna)",Uttar Pradesh,0.0,3.0,2011.0,8.0,23.0,3.0,1.0,34,Monsoon,1.0,1,448,1382,No Fatality,0,1,69
4182,2011-09-25,2011-09-25,1.0,heavy rains,Uttar Pradesh,0.0,0.0,2011.0,9.0,25.0,3.0,6.0,38,Monsoon,1.0,1,448,938,No Fatality,0,1,69
4183,2011-10-26,2011-10-26,1.0,heavy rains,Uttar Pradesh,0.0,0.0,2011.0,10.0,26.0,4.0,2.0,43,Post-Monsoon,1.0,1,448,501,No Fatality,0,0,69
4184,2011-07-21,2011-07-21,1.0,heavy rains,Uttarakhand,2.0,0.0,2011.0,7.0,21.0,3.0,3.0,29,Monsoon,1.0,1,107,1709,Low,0,1,78
4185,2011-08-23,2011-08-23,1.0,heavy rains,Uttarakhand,5.0,0.0,2011.0,8.0,23.0,3.0,1.0,34,Monsoon,1.0,1,107,1382,Low,0,1,78
4186,2011-06-16,2011-06-19,4.0,heavy rains,West Bengal,5.0,0.0,2011.0,6.0,16.0,2.0,3.0,24,Monsoon,4.0,1,330,1071,Low,0,1,79
4187,2011-06-27,2011-06-27,1.0,heavy rains,West Bengal,0.0,0.0,2011.0,6.0,27.0,2.0,0.0,26,Monsoon,1.0,1,330,1071,No Fatality,0,1,79
4188,2011-07-01,2011-07-01,1.0,heavy rains,West Bengal,0.0,0.0,2011.0,7.0,1.0,3.0,4.0,26,Monsoon,1.0,1,330,1709,No Fatality,0,1,79
4189,2011-08-07,2011-08-08,2.0,heavy rains,West Bengal,1.0,0.0,2011.0,8.0,7.0,3.0,6.0,31,Monsoon,2.0,1,330,1382,Low,0,1,79
4190,2011-08-14,2011-08-14,1.0,heavy rains,West Bengal,0.0,0.0,2011.0,8.0,14.0,3.0,6.0,32,Monsoon,1.0,1,330,1382,No Fatality,0,1,79
4191,2011-09-03,2011-09-03,1.0,heavy rains,West Bengal,0.0,0.0,2011.0,9.0,3.0,3.0,5.0,35,Monsoon,1.0,1,330,938,No Fatality,0,1,79
4192,2011-09-19,2011-09-19,1.0,heavy rains,West Bengal,5.0,0.0,2011.0,9.0,19.0,3.0,0.0,38,Monsoon,1.0,1,330,938,Low,0,1,79
4193,2011-09-09,2011-09-09,1.0,heavy rains,Delhi,1.0,0.0,2011.0,9.0,9.0,3.0,4.0,36,Monsoon,1.0,1,43,938,Low,0,1,21
4194,2012-06-07,2012-06-07,1.0,heavy rains,Andaman & Nicobar Islands,0.0,0.0,2012.0,6.0,7.0,2.0,3.0,23,Monsoon,1.0,1,3,1071,No Fatality,0,1,0
4195,2012-06-29,2012-06-29,1.0,heavy rains,Andaman & Nicobar Islands,0.0,0.0,2012.0,6.0,29.0,2.0,4.0,26,Monsoon,1.0,1,3,1071,No Fatality,0,1,0
4196,2012-04-07,2012-04-07,1.0,heavy rains,Andhra Pradesh,1.0,0.0,2012.0,4.0,7.0,2.0,5.0,14,Summer,1.0,1,150,171,Low,0,0,1
4197,2012-04-09,2012-04-09,1.0,heavy rains,Andhra Pradesh,0.0,0.0,2012.0,4.0,9.0,2.0,0.0,15,Summer,1.0,1,150,171,No Fatality,0,0,1
4198,2012-07-21,2012-07-21,1.0,heavy rains,Andhra Pradesh,8.0,0.0,2012.0,7.0,21.0,3.0,5.0,29,Monsoon,1.0,1,150,1709,Low,0,1,1
4199,2012-09-04,2012-09-04,1.0,heavy rains,Andhra Pradesh,4.0,0.0,2012.0,9.0,4.0,3.0,1.0,36,Monsoon,1.0,1,150,938,Low,0,1,1
4200,2012-10-02,2012-10-03,2.0,heavy rains,Andhra Pradesh,9.0,0.0,2012.0,10.0,2.0,4.0,1.0,40,Post-Monsoon,2.0,1,150,501,Low,0,0,1
4201,2012-11-01,2012-11-06,6.0,heavy rains,Andhra Pradesh,50.0,0.0,2012.0,11.0,1.0,4.0,3.0,44,Post-Monsoon,6.0,1,150,194,Medium,1,0,1
4202,2012-12-05,2012-12-05,1.0,heavy rains,Andhra Pradesh,0.0,0.0,2012.0,12.0,5.0,4.0,2.0,49,Winter,1.0,1,150,71,No Fatality,0,0,1
4203,2012-06-26,2012-06-29,4.0,heavy rains,Arunachal Pradesh,0.0,0.0,2012.0,6.0,26.0,2.0,1.0,26,Monsoon,4.0,1,150,1071,No Fatality,0,1,4
4204,2012-09-15,2012-09-28,14.0,heavy rains,Arunachal Pradesh,9.0,0.0,2012.0,9.0,15.0,3.0,5.0,37,Monsoon,14.0,1,150,938,Low,0,1,4
4205,2012-05-22,2012-05-22,1.0,heavy rains,Assam,0.0,0.0,2012.0,5.0,22.0,2.0,1.0,21,Summer,1.0,1,908,479,No Fatality,0,0,5
4206,2012-06-04,2012-06-08,5.0,"flood (brahmaputra,its tributories)",Assam,0.0,0.0,2012.0,6.0,4.0,2.0,0.0,23,Monsoon,5.0,1,908,1071,No Fatality,0,1,5
4207,2012-06-11,2012-06-18,8.0,"flood (brahmaputra,its tributories)",Assam,6.0,0.0,2012.0,6.0,11.0,2.0,0.0,24,Monsoon,8.0,1,908,1071,Low,0,1,5
4208,2012-06-22,2012-06-30,9.0,"flood (brahmaputra,its tributories)",Assam,120.0,0.0,2012.0,6.0,22.0,2.0,4.0,25,Monsoon,9.0,1,908,1071,High,1,1,5
4209,2012-07-05,2012-07-05,1.0,heavy rains,Assam,0.0,0.0,2012.0,7.0,5.0,3.0,3.0,27,Monsoon,1.0,1,908,1709,No Fatality,0,1,5
4210,2012-07-10,2012-07-10,1.0,heavy rains,Assam,3.0,0.0,2012.0,7.0,10.0,3.0,1.0,28,Monsoon,1.0,1,908,1709,Low,0,1,5
4211,2012-07-15,2012-07-17,3.0,heavy rains,Assam,0.0,0.0,2012.0,7.0,15.0,3.0,6.0,28,Monsoon,3.0,1,908,1709,No Fatality,0,1,5
4212,2012-07-29,2012-07-29,1.0,heavy rains,Assam,1.0,0.0,2012.0,7.0,29.0,3.0,6.0,30,Monsoon,1.0,1,908,1709,Low,0,1,5
4213,2012-08-22,2012-08-24,3.0,"flood (brahmaputra, puthimari,singra)",Assam,0.0,0.0,2012.0,8.0,22.0,3.0,2.0,34,Monsoon,3.0,1,908,1382,No Fatality,0,1,5
4214,2012-09-12,2012-09-12,1.0,heavy rains,Assam,0.0,0.0,2012.0,9.0,12.0,3.0,2.0,37,Monsoon,1.0,1,908,938,No Fatality,0,1,5
4215,2012-09-15,2012-09-28,14.0,"flood (brahmaputra,its tributories)",Assam,23.0,0.0,2012.0,9.0,15.0,3.0,5.0,37,Monsoon,14.0,1,908,938,Medium,1,1,5
4216,2012-06-18,2012-06-18,1.0,heavy rains,Bihar,4.0,2.0,2012.0,6.0,18.0,2.0,0.0,25,Monsoon,1.0,1,149,1071,Low,0,1,9
4217,2012-09-21,2012-09-21,1.0,heavy rains,Bihar,0.0,0.0,2012.0,9.0,21.0,3.0,4.0,38,Monsoon,1.0,1,149,938,No Fatality,0,1,9
4218,2012-07-22,2012-07-22,1.0,heavy rains,Chhattisgarh,0.0,0.0,2012.0,7.0,22.0,3.0,6.0,29,Monsoon,1.0,1,52,1709,No Fatality,0,1,17
4219,2012-08-02,2012-08-02,1.0,heavy rains,Chhattisgarh,1.0,0.0,2012.0,8.0,2.0,3.0,3.0,31,Monsoon,1.0,1,52,1382,Low,0,1,17
4220,2012-08-20,2012-08-20,1.0,heavy rains,Chhattisgarh,0.0,0.0,2012.0,8.0,20.0,3.0,0.0,34,Monsoon,1.0,1,52,1382,No Fatality,0,1,17
4221,2012-08-01,2012-08-31,31.0,heavy rains,Gujarat,3.0,7.0,2012.0,8.0,1.0,3.0,2.0,31,Monsoon,31.0,1,168,1382,Low,0,1,26
4222,2012-09-01,2012-09-30,30.0,heavy rains,Gujarat,8.0,14.0,2012.0,9.0,1.0,3.0,5.0,35,Monsoon,30.0,1,168,938,Low,0,1,26
4223,2012-08-22,2012-08-22,1.0,heavy rains,Haryana,0.0,0.0,2012.0,8.0,22.0,3.0,2.0,34,Monsoon,1.0,1,60,1382,No Fatality,0,1,27
4224,2012-08-28,2012-08-28,1.0,heavy rains,Haryana,0.0,0.0,2012.0,8.0,28.0,3.0,1.0,35,Monsoon,1.0,1,60,1382,No Fatality,0,1,27
4225,2012-09-15,2012-09-16,2.0,heavy rains,Haryana,0.0,0.0,2012.0,9.0,15.0,3.0,5.0,37,Monsoon,2.0,1,60,938,No Fatality,0,1,27
4226,2012-07-07,2012-07-11,5.0,heavy rains,Himachal Pradesh,3.0,9.0,2012.0,7.0,7.0,3.0,5.0,27,Monsoon,5.0,1,362,1709,Low,0,1,29
4227,2012-08-03,2012-08-04,2.0,heavy rains,Himachal Pradesh,0.0,1.0,2012.0,8.0,3.0,3.0,4.0,31,Monsoon,2.0,1,362,1382,No Fatality,0,1,29
4228,2012-08-18,2012-08-19,2.0,heavy rains,Himachal Pradesh,0.0,1.0,2012.0,8.0,18.0,3.0,5.0,33,Monsoon,2.0,1,362,1382,No Fatality,0,1,29
4229,2012-08-20,2012-08-25,6.0,heavy rains,Himachal Pradesh,6.0,0.0,2012.0,8.0,20.0,3.0,0.0,34,Monsoon,6.0,1,362,1382,Low,0,1,29
4230,2012-02-18,2012-02-18,1.0,heavy rains,Jammu and Kashmir,0.0,0.0,2012.0,2.0,18.0,1.0,5.0,7,Winter,1.0,1,137,66,No Fatality,0,0,33
4231,2012-02-22,2012-02-22,1.0,heavy rains,Jammu and Kashmir,0.0,0.0,2012.0,2.0,22.0,1.0,2.0,8,Winter,1.0,1,137,66,No Fatality,0,0,33
4232,2012-05-22,2012-05-22,1.0,heavy rains,Jammu and Kashmir,0.0,0.0,2012.0,5.0,22.0,2.0,1.0,21,Summer,1.0,1,137,479,No Fatality,0,0,33
4233,2012-08-02,2012-08-06,5.0,heavy rains,Jammu and Kashmir,0.0,0.0,2012.0,8.0,2.0,3.0,3.0,31,Monsoon,5.0,1,137,1382,No Fatality,0,1,33
4234,2012-08-19,2012-08-25,7.0,heavy rains,Jammu and Kashmir,0.0,0.0,2012.0,8.0,19.0,3.0,6.0,33,Monsoon,7.0,1,137,1382,No Fatality,0,1,33
4235,2012-08-14,2012-08-14,1.0,heavy rains,Jharkhand,5.0,0.0,2012.0,8.0,14.0,3.0,1.0,33,Monsoon,1.0,1,31,1382,Low,0,1,36
4236,2012-08-06,2012-08-07,2.0,heavy rains,Karnataka,4.0,0.0,2012.0,8.0,6.0,3.0,0.0,32,Monsoon,2.0,1,491,1382,Low,0,1,37
4237,2012-08-25,2012-08-25,1.0,heavy rains,Karnataka,1.0,0.0,2012.0,8.0,25.0,3.0,5.0,34,Monsoon,1.0,1,491,1382,Low,0,1,37
4238,2012-04-07,2012-04-07,1.0,heavy rains,Kerala,0.0,0.0,2012.0,4.0,7.0,2.0,5.0,14,Summer,1.0,1,604,171,No Fatality,0,0,39
4239,2012-04-09,2012-04-09,1.0,heavy rains,Kerala,0.0,0.0,2012.0,4.0,9.0,2.0,0.0,15,Summer,1.0,1,604,171,No Fatality,0,0,39
4240,2012-04-23,2012-04-23,1.0,heavy rains,Kerala,2.0,0.0,2012.0,4.0,23.0,2.0,0.0,17,Summer,1.0,1,604,171,Low,0,0,39
4241,2012-04-24,2012-04-27,4.0,heavy rains,Kerala,2.0,0.0,2012.0,4.0,24.0,2.0,1.0,17,Summer,4.0,1,604,171,Low,0,0,39
4242,2012-06-06,2012-06-06,1.0,heavy rains,Kerala,0.0,0.0,2012.0,6.0,6.0,2.0,2.0,23,Monsoon,1.0,1,604,1071,No Fatality,0,1,39
4243,2012-06-12,2012-06-12,1.0,heavy rains,Kerala,40.0,0.0,2012.0,6.0,12.0,2.0,1.0,24,Monsoon,1.0,1,604,1071,Medium,1,1,39
4244,2012-07-02,2012-07-03,2.0,heavy rains,Kerala,3.0,0.0,2012.0,7.0,2.0,3.0,0.0,27,Monsoon,2.0,1,604,1709,Low,0,1,39
4245,2012-07-28,2012-07-28,1.0,heavy rains,Kerala,0.0,0.0,2012.0,7.0,28.0,3.0,5.0,30,Monsoon,1.0,1,604,1709,No Fatality,0,1,39
4246,2012-08-04,2012-08-08,5.0,heavy rains,Kerala,14.0,3.0,2012.0,8.0,4.0,3.0,5.0,31,Monsoon,5.0,1,604,1382,Medium,1,1,39
4247,2012-11-17,2012-11-18,2.0,heavy rains,Kerala,5.0,5.0,2012.0,11.0,17.0,4.0,5.0,46,Post-Monsoon,2.0,1,604,194,Low,0,0,39
4248,2012-09-04,2012-09-04,1.0,heavy rains,Kerala,0.0,0.0,2012.0,9.0,4.0,3.0,1.0,36,Monsoon,1.0,1,604,938,No Fatality,0,1,39
4249,2012-11-01,2012-11-01,1.0,heavy rains,Kerala,0.0,0.0,2012.0,11.0,1.0,4.0,3.0,44,Post-Monsoon,1.0,1,604,194,No Fatality,0,0,39
4250,2012-11-11,2012-11-11,1.0,heavy rains,Kerala,0.0,0.0,2012.0,11.0,11.0,4.0,6.0,45,Post-Monsoon,1.0,1,604,194,No Fatality,0,0,39
4251,2012-08-07,2012-08-07,1.0,heavy rains,Madhya Pradesh,3.0,1.0,2012.0,8.0,7.0,3.0,1.0,32,Monsoon,1.0,1,238,1382,Low,0,1,43
4252,2012-08-28,2012-08-28,1.0,heavy rains,Madhya Pradesh,0.0,1.0,2012.0,8.0,28.0,3.0,1.0,35,Monsoon,1.0,1,238,1382,No Fatality,0,1,43
4253,2012-09-03,2012-09-05,3.0,heavy rains,Madhya Pradesh,4.0,0.0,2012.0,9.0,3.0,3.0,0.0,36,Monsoon,3.0,1,238,938,Low,0,1,43
4254,2012-06-09,2012-06-09,1.0,heavy rains,Maharashtra,0.0,0.0,2012.0,6.0,9.0,2.0,5.0,23,Monsoon,1.0,1,1011,1071,No Fatality,0,1,47
4255,2012-06-29,2012-06-29,1.0,heavy rains,Maharashtra,0.0,0.0,2012.0,6.0,29.0,2.0,4.0,26,Monsoon,1.0,1,1011,1071,No Fatality,0,1,47
4256,2012-07-30,2012-07-30,1.0,heavy rains,Maharashtra,0.0,0.0,2012.0,7.0,30.0,3.0,0.0,31,Monsoon,1.0,1,1011,1709,No Fatality,0,1,47
4257,2012-08-18,2012-08-18,1.0,heavy rains,Maharashtra,0.0,0.0,2012.0,8.0,18.0,3.0,5.0,33,Monsoon,1.0,1,1011,1382,No Fatality,0,1,47
4258,2012-09-15,2012-09-21,7.0,heavy rains,Maharashtra,0.0,0.0,2012.0,9.0,15.0,3.0,5.0,37,Monsoon,7.0,1,1011,938,No Fatality,0,1,47
4259,2012-05-24,2012-05-26,3.0,heavy rains,Punjab,0.0,0.0,2012.0,5.0,24.0,2.0,3.0,21,Summer,3.0,1,171,479,No Fatality,0,0,61
4260,2012-08-20,2012-08-20,1.0,heavy rains,Punjab,0.0,0.0,2012.0,8.0,20.0,3.0,0.0,34,Monsoon,1.0,1,171,1382,No Fatality,0,1,61
4261,2012-09-12,2012-09-12,1.0,heavy rains,Punjab,0.0,0.0,2012.0,9.0,12.0,3.0,2.0,37,Monsoon,1.0,1,171,938,No Fatality,0,1,61
4262,2012-09-16,2012-09-16,1.0,heavy rains,Punjab,0.0,0.0,2012.0,9.0,16.0,3.0,6.0,37,Monsoon,1.0,1,171,938,No Fatality,0,1,61
4263,2012-08-21,2012-08-21,1.0,heavy rains,Rajasthan,2.0,0.0,2012.0,8.0,21.0,3.0,1.0,34,Monsoon,1.0,1,259,1382,Low,0,1,62
4264,2012-09-01,2012-09-01,1.0,heavy rains,Sikkim,5.0,0.0,2012.0,9.0,1.0,3.0,5.0,35,Monsoon,1.0,1,64,938,Low,0,1,65
4265,2012-09-21,2012-09-21,1.0,"flood (dikchu, lachen, lachung, rangpo,singtam)",Sikkim,20.0,5.0,2012.0,9.0,21.0,3.0,4.0,38,Monsoon,1.0,1,64,938,Medium,1,1,65
4266,2012-10-20,2012-10-21,2.0,heavy rains,Tamil Nadu,0.0,0.0,2012.0,10.0,20.0,4.0,5.0,42,Post-Monsoon,2.0,1,188,501,No Fatality,0,0,66
4267,2012-11-01,2012-11-02,2.0,heavy rains,Tamil Nadu,0.0,0.0,2012.0,11.0,1.0,4.0,3.0,44,Post-Monsoon,2.0,1,188,194,No Fatality,0,0,66
4268,2012-06-04,2012-06-04,1.0,heavy rains,Tripura,1.0,0.0,2012.0,6.0,4.0,2.0,0.0,23,Monsoon,1.0,1,47,1071,Low,0,1,68
4269,2012-09-18,2012-09-18,1.0,heavy rains,Uttar Pradesh,3.0,0.0,2012.0,9.0,18.0,3.0,1.0,38,Monsoon,1.0,1,448,938,Low,0,1,69
4270,2012-08-04,2012-08-04,1.0,heavy rains (cloud burst) ,Uttarakhand,7.0,20.0,2012.0,8.0,4.0,3.0,5.0,31,Monsoon,1.0,1,107,1382,Low,0,1,78
4271,2012-09-13,2012-09-13,1.0,heavy rains (cloud burst),Uttarakhand,7.0,55.0,2012.0,9.0,13.0,3.0,3.0,37,Monsoon,1.0,1,107,938,Low,0,1,78
4272,2012-07-15,2012-07-15,1.0,heavy rains,West Bengal,4.0,0.0,2012.0,7.0,15.0,3.0,6.0,28,Monsoon,1.0,1,330,1709,Low,0,1,79
4273,2012-10-20,2012-10-21,2.0,heavy rains,Puducherry,0.0,0.0,2012.0,10.0,20.0,4.0,5.0,42,Post-Monsoon,2.0,1,6,501,No Fatality,0,0,60
4274,2013-06-14,2013-06-14,1.0,heavy rains ,Andhra Pradesh,0.0,0.0,2013.0,6.0,14.0,2.0,4.0,24,Monsoon,1.0,1,150,1071,No Fatality,0,1,1
4275,2013-07-12,2013-07-12,1.0,heavy rains ,Andhra Pradesh,12.0,0.0,2013.0,7.0,12.0,3.0,4.0,28,Monsoon,1.0,1,150,1709,Medium,1,1,1
4276,2013-07-16,2013-07-25,10.0,heavy rains,Andhra Pradesh,1.0,0.0,2013.0,7.0,16.0,3.0,1.0,29,Monsoon,10.0,1,150,1709,Low,0,1,1
4277,2013-07-31,2013-07-31,1.0,heavy rains,Andhra Pradesh,2.0,0.0,2013.0,7.0,31.0,3.0,2.0,31,Monsoon,1.0,1,150,1709,Low,0,1,1
4278,2013-08-01,2013-08-04,4.0,heavy rains ,Andhra Pradesh,4.0,1.0,2013.0,8.0,1.0,3.0,3.0,31,Monsoon,4.0,1,150,1382,Low,0,1,1
4279,2013-08-16,2013-08-17,2.0,heavy rains ,Andhra Pradesh,2.0,0.0,2013.0,8.0,16.0,3.0,4.0,33,Monsoon,2.0,1,150,1382,Low,0,1,1
4280,2013-09-13,2013-09-13,1.0,heavy rains ,Andhra Pradesh,2.0,0.0,2013.0,9.0,13.0,3.0,4.0,37,Monsoon,1.0,1,150,938,Low,0,1,1
4281,2013-10-11,2013-10-14,4.0,heavy rains ,Andhra Pradesh,1.0,0.0,2013.0,10.0,11.0,4.0,4.0,41,Post-Monsoon,4.0,1,150,501,Low,0,0,1
4282,2013-10-20,2013-10-28,9.0,heavy rains,Andhra Pradesh,53.0,6.0,2013.0,10.0,20.0,4.0,6.0,42,Post-Monsoon,9.0,1,150,501,High,1,0,1
4283,2013-06-26,2013-06-29,4.0,heavy rains,Arunachal Pradesh,0.0,0.0,2013.0,6.0,26.0,2.0,2.0,26,Monsoon,4.0,1,150,1071,No Fatality,0,1,4
4284,2013-05-16,2013-05-16,1.0,heavy rains ,Assam,0.0,0.0,2013.0,5.0,16.0,2.0,3.0,20,Summer,1.0,1,908,479,No Fatality,0,0,5
4285,2013-05-29,2013-05-29,1.0,heavy rains ,Assam,0.0,0.0,2013.0,5.0,29.0,2.0,2.0,22,Summer,1.0,1,908,479,No Fatality,0,0,5
4286,2013-06-26,2013-06-30,5.0,heavy rains ,Assam,0.0,0.0,2013.0,6.0,26.0,2.0,2.0,26,Monsoon,5.0,1,908,1071,No Fatality,0,1,5
4287,2013-07-05,2013-07-12,8.0,"flood (brahmaputra,tributaries)",Assam,0.0,0.0,2013.0,7.0,5.0,3.0,4.0,27,Monsoon,8.0,1,908,1709,No Fatality,0,1,5
4288,2013-07-19,2013-07-19,1.0,heavy rains,Assam,0.0,0.0,2013.0,7.0,19.0,3.0,4.0,29,Monsoon,1.0,1,908,1709,No Fatality,0,1,5
4289,2013-08-10,2013-08-13,4.0,heavy rains,Assam,0.0,0.0,2013.0,8.0,10.0,3.0,5.0,32,Monsoon,4.0,1,908,1382,No Fatality,0,1,5
4290,2013-08-18,2013-08-18,1.0,heavy rains,Assam,0.0,5.0,2013.0,8.0,18.0,3.0,6.0,33,Monsoon,1.0,1,908,1382,No Fatality,0,1,5
4291,2013-08-29,2013-08-29,1.0,heavy rains,Assam,0.0,0.0,2013.0,8.0,29.0,3.0,3.0,35,Monsoon,1.0,1,908,1382,No Fatality,0,1,5
4292,2013-09-07,2013-09-08,2.0,"flash flood (brahmaputra,dibru rivers)",Assam,0.0,0.0,2013.0,9.0,7.0,3.0,5.0,36,Monsoon,2.0,1,908,938,No Fatality,0,1,5
4293,2013-10-06,2013-10-06,1.0,heavy rains ,Assam,1.0,0.0,2013.0,10.0,6.0,4.0,6.0,40,Post-Monsoon,1.0,1,908,501,Low,0,0,5
4294,2013-05-27,2013-05-27,1.0,heavy rains ,Bihar,5.0,0.0,2013.0,5.0,27.0,2.0,0.0,22,Summer,1.0,1,149,479,Low,0,0,9
4295,2013-06-18,2013-06-18,1.0,heavy rains ,Bihar,1.0,6.0,2013.0,6.0,18.0,2.0,1.0,25,Monsoon,1.0,1,149,1071,Low,0,1,9
4296,2013-07-11,2013-07-15,5.0,heavy rains,Bihar,37.0,0.0,2013.0,7.0,11.0,3.0,3.0,28,Monsoon,5.0,1,149,1709,Medium,1,1,9
4297,2013-08-07,2013-08-07,1.0,heavy rains ,Bihar,5.0,0.0,2013.0,8.0,7.0,3.0,2.0,32,Monsoon,1.0,1,149,1382,Low,0,1,9
4298,2013-08-18,2013-08-18,1.0,heavy rains ,Bihar,2.0,0.0,2013.0,8.0,18.0,3.0,6.0,33,Monsoon,1.0,1,149,1382,Low,0,1,9
4299,2013-08-26,2013-08-28,3.0,heavy rains ,Bihar,3.0,0.0,2013.0,8.0,26.0,3.0,0.0,35,Monsoon,3.0,1,149,1382,Low,0,1,9
4300,2013-07-13,2013-07-13,1.0,heavy rains ,Chhattisgarh,0.0,1.0,2013.0,7.0,13.0,3.0,5.0,28,Monsoon,1.0,1,52,1709,No Fatality,0,1,17
4301,2013-07-30,2013-07-31,2.0,heavy rains,Chhattisgarh,2.0,0.0,2013.0,7.0,30.0,3.0,1.0,31,Monsoon,2.0,1,52,1709,Low,0,1,17
4302,2013-08-01,2013-08-01,1.0,heavy rains ,Chhattisgarh,0.0,2.0,2013.0,8.0,1.0,3.0,3.0,31,Monsoon,1.0,1,52,1382,No Fatality,0,1,17
4303,2013-06-18,2013-06-18,1.0, heavy rains,Gujarat,3.0,0.0,2013.0,6.0,18.0,2.0,1.0,25,Monsoon,1.0,1,168,1071,Low,0,1,26
4304,2013-09-26,2013-10-02,7.0,heavy rains ,Gujarat,13.0,0.0,2013.0,9.0,26.0,3.0,3.0,39,Monsoon,7.0,1,168,938,Medium,1,1,26
4305,2013-06-15,2013-06-21,7.0,heavy rains ,Himachal Pradesh,10.0,25.0,2013.0,6.0,15.0,2.0,5.0,24,Monsoon,7.0,1,362,1071,Low,0,1,29
4306,2013-07-06,2013-07-07,2.0,heavy rains ,Himachal Pradesh,1.0,0.0,2013.0,7.0,6.0,3.0,5.0,27,Monsoon,2.0,1,362,1709,Low,0,1,29
4307,2013-07-16,2013-07-20,5.0,heavy rains ,Himachal Pradesh,1.0,0.0,2013.0,7.0,16.0,3.0,1.0,29,Monsoon,5.0,1,362,1709,Low,0,1,29
4308,2013-07-24,2013-07-24,1.0,heavy rains,Himachal Pradesh,0.0,0.0,2013.0,7.0,24.0,3.0,2.0,30,Monsoon,1.0,1,362,1709,No Fatality,0,1,29
4309,2013-08-02,2013-08-06,5.0,heavy rains ,Himachal Pradesh,5.0,0.0,2013.0,8.0,2.0,3.0,4.0,31,Monsoon,5.0,1,362,1382,Low,0,1,29
4310,2013-08-13,2013-08-19,7.0,heavy rains ,Himachal Pradesh,2.0,7.0,2013.0,8.0,13.0,3.0,1.0,33,Monsoon,7.0,1,362,1382,Low,0,1,29
4311,2013-09-09,2013-09-09,1.0,heavy rains ,Himachal Pradesh,1.0,1.0,2013.0,9.0,9.0,3.0,0.0,37,Monsoon,1.0,1,362,938,Low,0,1,29
4312,2013-09-15,2013-09-15,1.0,moderate,Himachal Pradesh,0.0,0.0,2013.0,9.0,15.0,3.0,6.0,37,Monsoon,1.0,1,362,938,No Fatality,0,1,29
4313,2013-05-26,2013-05-26,1.0,heavy rains ,Jammu and Kashmir,0.0,1.0,2013.0,5.0,26.0,2.0,6.0,21,Summer,1.0,1,137,479,No Fatality,0,0,33
4314,2013-05-29,2013-05-29,1.0,heavy rains(cloud burst) ,Jammu and Kashmir,1.0,0.0,2013.0,5.0,29.0,2.0,2.0,22,Summer,1.0,1,137,479,Low,0,0,33
4315,2013-07-20,2013-07-20,1.0,heavy rains ,Jammu and Kashmir,4.0,0.0,2013.0,7.0,20.0,3.0,5.0,29,Monsoon,1.0,1,137,1709,Low,0,1,33
4316,2013-07-30,2013-07-30,1.0,heavy rains(cloud burst) ,Jammu and Kashmir,0.0,0.0,2013.0,7.0,30.0,3.0,1.0,31,Monsoon,1.0,1,137,1709,No Fatality,0,1,33
4317,2013-08-01,2013-08-01,1.0,heavy rains(cloud burst) ,Jammu and Kashmir,0.0,1.0,2013.0,8.0,1.0,3.0,3.0,31,Monsoon,1.0,1,137,1382,No Fatality,0,1,33
4318,2013-08-09,2013-08-09,1.0,heavy rains ,Jammu and Kashmir,1.0,0.0,2013.0,8.0,9.0,3.0,4.0,32,Monsoon,1.0,1,137,1382,Low,0,1,33
4319,2013-08-14,2013-08-14,1.0,heavy rains ,Jammu and Kashmir,12.0,2.0,2013.0,8.0,14.0,3.0,2.0,33,Monsoon,1.0,1,137,1382,Medium,1,1,33
4320,2013-08-19,2013-08-19,1.0,heavy rains ,Jammu and Kashmir,2.0,0.0,2013.0,8.0,19.0,3.0,0.0,34,Monsoon,1.0,1,137,1382,Low,0,1,33
4321,2013-09-09,2013-09-09,1.0,heavy rains ,Jammu and Kashmir,2.0,0.0,2013.0,9.0,9.0,3.0,0.0,37,Monsoon,1.0,1,137,938,Low,0,1,33
4322,2013-09-13,2013-09-13,1.0,heavy rains(cloud burst) ,Jammu and Kashmir,1.0,1.0,2013.0,9.0,13.0,3.0,4.0,37,Monsoon,1.0,1,137,938,Low,0,1,33
4323,2013-08-19,2013-08-19,1.0,belgaum ,Jharkhand,2.0,0.0,2013.0,8.0,19.0,3.0,0.0,34,Monsoon,1.0,1,31,1382,Low,0,1,36
4324,2013-10-02,2013-10-02,1.0,heavy rains ,Jharkhand,2.0,0.0,2013.0,10.0,2.0,4.0,2.0,40,Post-Monsoon,1.0,1,31,501,Low,0,0,36
4325,2013-05-31,2013-05-31,1.0,heavy rains ,Karnataka,1.0,0.0,2013.0,5.0,31.0,2.0,4.0,22,Summer,1.0,1,491,479,Low,0,0,37
4326,2013-06-05,2013-06-05,1.0,heavy rains ,Karnataka,1.0,0.0,2013.0,6.0,5.0,2.0,2.0,23,Monsoon,1.0,1,491,1071,Low,0,1,37
4327,2013-06-10,2013-06-18,9.0,heavy rains ,Karnataka,4.0,10.0,2013.0,6.0,10.0,2.0,0.0,24,Monsoon,9.0,1,491,1071,Low,0,1,37
4328,2013-07-02,2013-07-05,4.0,heavy rains ,Karnataka,3.0,4.0,2013.0,7.0,2.0,3.0,1.0,27,Monsoon,4.0,1,491,1709,Low,0,1,37
4329,2013-07-15,2013-07-15,1.0,heavy rains ,Karnataka,0.0,2.0,2013.0,7.0,15.0,3.0,0.0,29,Monsoon,1.0,1,491,1709,No Fatality,0,1,37
4330,2013-07-20,2013-07-20,1.0,heavy rains ,Karnataka,2.0,0.0,2013.0,7.0,20.0,3.0,5.0,29,Monsoon,1.0,1,491,1709,Low,0,1,37
4331,2013-07-25,2013-07-25,1.0,heavy rains,Karnataka,0.0,1.0,2013.0,7.0,25.0,3.0,3.0,30,Monsoon,1.0,1,491,1709,No Fatality,0,1,37
4332,2013-08-01,2013-08-01,1.0,heavy rains ,Karnataka,1.0,0.0,2013.0,8.0,1.0,3.0,3.0,31,Monsoon,1.0,1,491,1382,Low,0,1,37
4333,2013-08-05,2013-08-05,1.0,heavy rains ,Karnataka,1.0,10.0,2013.0,8.0,5.0,3.0,0.0,32,Monsoon,1.0,1,491,1382,Low,0,1,37
4334,2013-03-09,2013-03-09,1.0,heavy rains,Kerala,0.0,0.0,2013.0,3.0,9.0,1.0,5.0,10,Summer,1.0,1,604,166,No Fatality,0,0,39
4335,2013-03-12,2013-03-12,1.0,heavy rains ,Kerala,0.0,0.0,2013.0,3.0,12.0,1.0,1.0,11,Summer,1.0,1,604,166,No Fatality,0,0,39
4336,2013-03-26,2013-03-26,1.0,heavy rains,Kerala,0.0,0.0,2013.0,3.0,26.0,1.0,1.0,13,Summer,1.0,1,604,166,No Fatality,0,0,39
4337,2013-03-29,2013-03-31,3.0,heavy rains,Kerala,0.0,0.0,2013.0,3.0,29.0,1.0,4.0,13,Summer,3.0,1,604,166,No Fatality,0,0,39
4338,2013-04-26,2013-04-28,3.0,heavy rains ,Kerala,0.0,2.0,2013.0,4.0,26.0,2.0,4.0,17,Summer,3.0,1,604,171,No Fatality,0,0,39
4339,2013-05-03,2013-05-07,5.0,heavy rains,Kerala,0.0,0.0,2013.0,5.0,3.0,2.0,4.0,18,Summer,5.0,1,604,479,No Fatality,0,0,39
4340,2013-05-05,2013-05-05,1.0,heavy rains,Kerala,0.0,0.0,2013.0,5.0,5.0,2.0,6.0,18,Summer,1.0,1,604,479,No Fatality,0,0,39
4341,2013-06-02,2013-06-06,5.0,heavy rains,Kerala,0.0,0.0,2013.0,6.0,2.0,2.0,6.0,22,Monsoon,5.0,1,604,1071,No Fatality,0,1,39
4342,2013-06-08,2013-06-08,1.0,heavy rains ,Kerala,0.0,1.0,2013.0,6.0,8.0,2.0,5.0,23,Monsoon,1.0,1,604,1071,No Fatality,0,1,39
4343,2013-06-08,2013-06-16,9.0,heavy rains,Kerala,0.0,0.0,2013.0,6.0,8.0,2.0,5.0,23,Monsoon,9.0,1,604,1071,No Fatality,0,1,39
4344,2013-06-11,2013-06-26,16.0,heavy rains ,Kerala,7.0,0.0,2013.0,6.0,11.0,2.0,1.0,24,Monsoon,16.0,1,604,1071,Low,0,1,39
4345,2013-06-17,2013-06-17,1.0,heavy rains,Kerala,2.0,2.0,2013.0,6.0,17.0,2.0,0.0,25,Monsoon,1.0,1,604,1071,Low,0,1,39
4346,2013-06-24,2013-06-27,4.0,heavy rains,Kerala,0.0,0.0,2013.0,6.0,24.0,2.0,0.0,26,Monsoon,4.0,1,604,1071,No Fatality,0,1,39
4347,2013-06-25,2013-06-29,5.0,heavy rains,Kerala,2.0,0.0,2013.0,6.0,25.0,2.0,1.0,26,Monsoon,5.0,1,604,1071,Low,0,1,39
4348,2013-06-27,2013-06-29,3.0,heavy rains ,Kerala,7.0,3.0,2013.0,6.0,27.0,2.0,3.0,26,Monsoon,3.0,1,604,1071,Low,0,1,39
4349,2013-07-01,2013-07-04,4.0,heavy rains ,Kerala,0.0,0.0,2013.0,7.0,1.0,3.0,0.0,27,Monsoon,4.0,1,604,1709,No Fatality,0,1,39
4350,2013-07-05,2013-07-12,8.0,heavy rains,Kerala,0.0,2.0,2013.0,7.0,5.0,3.0,4.0,27,Monsoon,8.0,1,604,1709,No Fatality,0,1,39
4351,2013-07-11,2013-07-11,1.0,heavy rains,Kerala,0.0,0.0,2013.0,7.0,11.0,3.0,3.0,28,Monsoon,1.0,1,604,1709,No Fatality,0,1,39
4352,2013-07-11,2013-07-13,3.0,heavy rains ,Kerala,1.0,3.0,2013.0,7.0,11.0,3.0,3.0,28,Monsoon,3.0,1,604,1709,Low,0,1,39
4353,2013-07-19,2013-07-26,8.0,heavy rains,Kerala,0.0,0.0,2013.0,7.0,19.0,3.0,4.0,29,Monsoon,8.0,1,604,1709,No Fatality,0,1,39
4354,2013-07-23,2013-07-23,1.0,heavy rains ,Kerala,4.0,2.0,2013.0,7.0,23.0,3.0,1.0,30,Monsoon,1.0,1,604,1709,Low,0,1,39
4355,2013-07-29,2013-07-29,1.0,heavy rains ,Kerala,1.0,0.0,2013.0,7.0,29.0,3.0,0.0,31,Monsoon,1.0,1,604,1709,Low,0,1,39
4356,2013-08-01,2013-08-02,2.0,heavy rains,Kerala,0.0,2.0,2013.0,8.0,1.0,3.0,3.0,31,Monsoon,2.0,1,604,1382,No Fatality,0,1,39
4357,2013-08-02,2013-08-06,5.0,heavy rains ,Kerala,0.0,1.0,2013.0,8.0,2.0,3.0,4.0,31,Monsoon,5.0,1,604,1382,No Fatality,0,1,39
4358,2013-08-04,2013-08-08,5.0,heavy rains ,Kerala,17.0,3.0,2013.0,8.0,4.0,3.0,6.0,31,Monsoon,5.0,1,604,1382,Medium,1,1,39
4359,2013-08-10,2013-08-16,7.0,heavy rains,Kerala,0.0,0.0,2013.0,8.0,10.0,3.0,5.0,32,Monsoon,7.0,1,604,1382,No Fatality,0,1,39
4360,2013-09-01,2013-09-01,1.0,heavy rains ,Kerala,0.0,0.0,2013.0,9.0,1.0,3.0,6.0,35,Monsoon,1.0,1,604,938,No Fatality,0,1,39
4361,2013-09-12,2013-09-12,1.0,heavy rains ,Kerala,0.0,0.0,2013.0,9.0,12.0,3.0,3.0,37,Monsoon,1.0,1,604,938,No Fatality,0,1,39
4362,2013-09-17,2013-09-17,1.0,heavy rains ,Kerala,0.0,3.0,2013.0,9.0,17.0,3.0,1.0,38,Monsoon,1.0,1,604,938,No Fatality,0,1,39
4363,2013-06-26,2013-06-27,2.0,heavy rains,Madhya Pradesh,0.0,7.0,2013.0,6.0,26.0,2.0,2.0,26,Monsoon,2.0,1,238,1071,No Fatality,0,1,43
4364,2013-07-04,2013-07-04,1.0,heavy rains ,Madhya Pradesh,0.0,3.0,2013.0,7.0,4.0,3.0,3.0,27,Monsoon,1.0,1,238,1709,No Fatality,0,1,43
4365,2013-07-13,2013-07-16,4.0,heavy rains ,Madhya Pradesh,10.0,2.0,2013.0,7.0,13.0,3.0,5.0,28,Monsoon,4.0,1,238,1709,Low,0,1,43
4366,2013-08-23,2013-08-23,1.0,heavy rains ,Madhya Pradesh,0.0,1.0,2013.0,8.0,23.0,3.0,4.0,34,Monsoon,1.0,1,238,1382,No Fatality,0,1,43
4367,2013-02-11,2013-02-11,1.0,heavy rains ,Maharashtra,0.0,0.0,2013.0,2.0,11.0,1.0,0.0,7,Winter,1.0,1,1011,66,No Fatality,0,0,47
4368,2013-02-23,2013-02-23,1.0,heavy rains ,Maharashtra,1.0,0.0,2013.0,2.0,23.0,1.0,5.0,8,Winter,1.0,1,1011,66,Low,0,0,47
4369,2013-04-17,2013-04-17,1.0,heavy rains ,Maharashtra,1.0,0.0,2013.0,4.0,17.0,2.0,2.0,16,Summer,1.0,1,1011,171,Low,0,0,47
4370,2013-04-23,2013-04-23,1.0,heavy rains ,Maharashtra,0.0,0.0,2013.0,4.0,23.0,2.0,1.0,17,Summer,1.0,1,1011,171,No Fatality,0,0,47
4371,2013-06-07,2013-06-07,1.0,heavy rains ,Maharashtra,0.0,2.0,2013.0,6.0,7.0,2.0,4.0,23,Monsoon,1.0,1,1011,1071,No Fatality,0,1,47
4372,2013-06-09,2013-06-09,1.0,heavy rains ,Maharashtra,2.0,9.0,2013.0,6.0,9.0,2.0,6.0,23,Monsoon,1.0,1,1011,1071,Low,0,1,47
4373,2013-06-16,2013-06-18,3.0,heavy rains,Maharashtra,6.0,2.0,2013.0,6.0,16.0,2.0,6.0,24,Monsoon,3.0,1,1011,1071,Low,0,1,47
4374,2013-06-22,2013-06-28,7.0,flood ,Maharashtra,3.0,0.0,2013.0,6.0,22.0,2.0,5.0,25,Monsoon,7.0,1,1011,1071,Low,0,1,47
4375,2013-07-03,2013-07-03,1.0,heavy rains ,Maharashtra,5.0,1.0,2013.0,7.0,3.0,3.0,2.0,27,Monsoon,1.0,1,1011,1709,Low,0,1,47
4376,2013-07-14,2013-07-19,6.0,flood,Maharashtra,30.0,17.0,2013.0,7.0,14.0,3.0,6.0,28,Monsoon,6.0,1,1011,1709,Medium,1,1,47
4377,2013-07-24,2013-07-24,1.0,heavy rains ,Maharashtra,0.0,1.0,2013.0,7.0,24.0,3.0,2.0,30,Monsoon,1.0,1,1011,1709,No Fatality,0,1,47
4378,2013-08-01,2013-08-03,3.0,heavy rains ,Maharashtra,9.0,23.0,2013.0,8.0,1.0,3.0,3.0,31,Monsoon,3.0,1,1011,1382,Low,0,1,47
4379,2013-09-19,2013-09-19,1.0,heavy rains ,Maharashtra,4.0,0.0,2013.0,9.0,19.0,3.0,3.0,38,Monsoon,1.0,1,1011,938,Low,0,1,47
4380,2013-09-26,2013-09-26,1.0,heavy rains,Maharashtra,8.0,0.0,2013.0,9.0,26.0,3.0,3.0,39,Monsoon,1.0,1,1011,938,Low,0,1,47
4381,2013-10-11,2013-10-11,1.0,heavy rains ,Maharashtra,5.0,0.0,2013.0,10.0,11.0,4.0,4.0,41,Post-Monsoon,1.0,1,1011,501,Low,0,0,47
4382,2013-05-11,2013-05-11,1.0,heavy rains,Mizoram,17.0,0.0,2013.0,5.0,11.0,2.0,5.0,19,Summer,1.0,1,27,479,Medium,1,0,52
4383,2013-07-12,2013-07-12,1.0,heavy rains,Nagaland,0.0,0.0,2013.0,7.0,12.0,3.0,4.0,28,Monsoon,1.0,1,18,1709,No Fatality,0,1,53
4384,2013-08-02,2013-08-02,1.0,heavy rains,Odisha,2.0,0.0,2013.0,8.0,2.0,3.0,4.0,31,Monsoon,1.0,1,144,1382,Low,0,1,55
4385,2013-08-10,2013-08-10,1.0,heavy rains ,Odisha,2.0,0.0,2013.0,8.0,10.0,3.0,5.0,32,Monsoon,1.0,1,144,1382,Low,0,1,55
4386,2013-08-23,2013-08-23,1.0,heavy rains ,Odisha,1.0,0.0,2013.0,8.0,23.0,3.0,4.0,34,Monsoon,1.0,1,144,1382,Low,0,1,55
4387,2013-09-16,2013-09-16,1.0,heavy rains ,Odisha,1.0,0.0,2013.0,9.0,16.0,3.0,0.0,38,Monsoon,1.0,1,144,938,Low,0,1,55
4388,2013-02-16,2013-02-16,1.0,heavy rains ,Rajasthan,3.0,0.0,2013.0,2.0,16.0,1.0,5.0,7,Winter,1.0,1,259,66,Low,0,0,62
4389,2013-06-08,2013-06-08,1.0,heavy rains ,Rajasthan,6.0,0.0,2013.0,6.0,8.0,2.0,5.0,23,Monsoon,1.0,1,259,1071,Low,0,1,62
4390,2013-06-11,2013-06-11,1.0,heavy rains,Rajasthan,1.0,0.0,2013.0,6.0,11.0,2.0,1.0,24,Monsoon,1.0,1,259,1071,Low,0,1,62
4391,2013-09-11,2013-09-11,1.0,heavy rains ,Tamil Nadu,4.0,0.0,2013.0,9.0,11.0,3.0,2.0,37,Monsoon,1.0,1,188,938,Low,0,1,66
4392,2013-10-15,2013-10-15,1.0,heavy rains ,Tamil Nadu,0.0,0.0,2013.0,10.0,15.0,4.0,1.0,42,Post-Monsoon,1.0,1,188,501,No Fatality,0,0,66
4393,2013-10-20,2013-10-20,1.0,heavy rains,Tamil Nadu,1.0,1.0,2013.0,10.0,20.0,4.0,6.0,42,Post-Monsoon,1.0,1,188,501,Low,0,0,66
4394,2013-11-16,2013-11-16,1.0,heavy rains ,Tamil Nadu,11.0,0.0,2013.0,11.0,16.0,4.0,5.0,46,Post-Monsoon,1.0,1,188,194,Medium,1,0,66
4395,2013-11-25,2013-11-25,1.0,heavy rains ,Tamil Nadu,3.0,0.0,2013.0,11.0,25.0,4.0,0.0,48,Post-Monsoon,1.0,1,188,194,Low,0,0,66
4396,2013-12-13,2013-12-13,1.0,heavy rains ,Tamil Nadu,1.0,0.0,2013.0,12.0,13.0,4.0,4.0,50,Winter,1.0,1,188,71,Low,0,0,66
4397,2013-06-12,2013-06-12,1.0,heavy rains ,Uttar Pradesh,10.0,0.0,2013.0,6.0,12.0,2.0,2.0,24,Monsoon,1.0,1,448,1071,Low,0,1,69
4398,2013-06-17,2013-06-17,1.0,heavy rains ,Uttar Pradesh,1.0,3.0,2013.0,6.0,17.0,2.0,0.0,25,Monsoon,1.0,1,448,1071,Low,0,1,69
4399,2013-06-19,2013-06-19,1.0,heavy rains ,Uttar Pradesh,2.0,0.0,2013.0,6.0,19.0,2.0,2.0,25,Monsoon,1.0,1,448,1071,Low,0,1,69
4400,2013-06-25,2013-06-30,1.0,heavy rains ,Uttar Pradesh,12.0,0.0,2013.0,6.0,25.0,2.0,1.0,26,Monsoon,6.0,1,448,1071,Medium,1,1,69
4401,2013-07-15,2013-07-15,1.0,heavy rains ,Uttar Pradesh,1.0,3.0,2013.0,7.0,15.0,3.0,0.0,29,Monsoon,1.0,1,448,1709,Low,0,1,69
4402,2013-07-26,2013-07-26,1.0,heavy rains ,Uttar Pradesh,2.0,0.0,2013.0,7.0,26.0,3.0,4.0,30,Monsoon,1.0,1,448,1709,Low,0,1,69
4403,2013-08-17,2013-08-17,1.0,heavy rains ,Uttar Pradesh,15.0,3.0,2013.0,8.0,17.0,3.0,5.0,33,Monsoon,1.0,1,448,1382,Medium,1,1,69
4404,2013-06-14,2013-06-18,5.0,"heavy to very rainfall/flash floods (saraswati,mandakini rivers,its tributaries triggered by very heavy rainfall,lake burst), cloudburst on jun16 &17 jun, massive landslides,avalanches reported at multiple places. ",Uttarakhand,5000.0,0.0,2013.0,6.0,14.0,2.0,4.0,24,Monsoon,5.0,1,107,1071,High,1,1,78
4405,2013-05-24,2013-05-25,2.0,heavy rains ,Andaman & Nicobar Islands,1.0,0.0,2013.0,5.0,24.0,2.0,4.0,21,Summer,2.0,1,3,479,Low,0,0,0
4406,2013-06-16,2013-06-17,2.0,heavy rains ,Delhi,0.0,1.0,2013.0,6.0,16.0,2.0,6.0,24,Monsoon,2.0,1,43,1071,No Fatality,0,1,21
4407,2013-11-25,2013-11-25,1.0,heavy rains ,Puducherry,3.0,0.0,2013.0,11.0,25.0,4.0,0.0,48,Post-Monsoon,1.0,1,6,194,Low,0,0,60
4408,2014-05-02,2014-05-03,2.0,heavy rains ,Andhra Pradesh,0.0,0.0,2014.0,5.0,2.0,2.0,4.0,18,Summer,2.0,1,150,479,No Fatality,0,0,1
4409,2014-09-06,2014-09-09,4.0,heavy rains ,Andhra Pradesh,4.0,0.0,2014.0,9.0,6.0,3.0,5.0,36,Monsoon,4.0,1,150,938,Low,0,1,1
4410,2014-08-14,2014-08-18,5.0,heavy rains ,Arunachal Pradesh,1.0,0.0,2014.0,8.0,14.0,3.0,3.0,33,Monsoon,5.0,1,150,1382,Low,0,1,4
4411,2014-06-22,2014-06-28,7.0,"flood (brahmaputra,its tributories)",Assam,8.0,4.0,2014.0,6.0,22.0,2.0,6.0,25,Monsoon,7.0,1,908,1071,Low,0,1,5
4412,2014-07-08,2014-07-10,3.0,heavy rains ,Assam,0.0,0.0,2014.0,7.0,8.0,3.0,1.0,28,Monsoon,3.0,1,908,1709,No Fatality,0,1,5
4413,2014-07-14,2014-07-19,6.0,heavy rains ,Assam,0.0,0.0,2014.0,7.0,14.0,3.0,0.0,29,Monsoon,6.0,1,908,1709,No Fatality,0,1,5
4414,2014-07-23,2014-07-30,8.0,"flood (singra,soansiri rivers)",Assam,16.0,0.0,2014.0,7.0,23.0,3.0,2.0,30,Monsoon,8.0,1,908,1709,Medium,1,1,5
4415,2014-08-15,2014-08-31,17.0,"flood (brahmaputra,its tributaries)",Assam,0.0,0.0,2014.0,8.0,15.0,3.0,4.0,33,Monsoon,17.0,1,908,1382,No Fatality,0,1,5
4416,2014-09-22,2014-09-30,9.0,"flood (brahmaputra,its tributaries)",Assam,45.0,0.0,2014.0,9.0,22.0,3.0,0.0,39,Monsoon,9.0,1,908,938,Medium,1,1,5
4417,2014-08-14,2014-08-27,14.0,"flood (gandaki,kosi)",Bihar,19.0,4.0,2014.0,8.0,14.0,3.0,3.0,33,Monsoon,14.0,1,149,1382,Medium,1,1,9
4418,2014-09-14,2014-09-20,7.0,heavy rains ,Bihar,28.0,0.0,2014.0,9.0,14.0,3.0,6.0,37,Monsoon,7.0,1,149,938,Medium,1,1,9
4419,2014-10-14,2014-10-14,1.0,heavy rains ,Bihar,1.0,0.0,2014.0,10.0,14.0,4.0,1.0,42,Post-Monsoon,1.0,1,149,501,Low,0,0,9
4420,2014-07-22,2014-07-23,2.0,heavy rains ,Chhattisgarh,3.0,0.0,2014.0,7.0,22.0,3.0,1.0,30,Monsoon,2.0,1,52,1709,Low,0,1,17
4421,2014-07-30,2014-07-30,1.0,heavy rains,Chhattisgarh,0.0,0.0,2014.0,7.0,30.0,3.0,2.0,31,Monsoon,1.0,1,52,1709,No Fatality,0,1,17
4422,2014-10-13,2014-10-15,3.0,heavy rains ,Chhattisgarh,6.0,0.0,2014.0,10.0,13.0,4.0,0.0,42,Post-Monsoon,3.0,1,52,501,Low,0,0,17
4423,2014-07-15,2014-07-18,4.0,heavy rains,Himachal Pradesh,1.0,1.0,2014.0,7.0,15.0,3.0,1.0,29,Monsoon,4.0,1,362,1709,Low,0,1,29
4424,2014-07-23,2014-07-30,8.0,heavy rains,Himachal Pradesh,3.0,0.0,2014.0,7.0,23.0,3.0,2.0,30,Monsoon,8.0,1,362,1709,Low,0,1,29
4425,2014-08-06,2014-08-08,3.0,heavy rains ,Himachal Pradesh,1.0,4.0,2014.0,8.0,6.0,3.0,2.0,32,Monsoon,3.0,1,362,1382,Low,0,1,29
4426,2014-08-13,2014-08-15,3.0,heavy rains ,Himachal Pradesh,9.0,4.0,2014.0,8.0,13.0,3.0,2.0,33,Monsoon,3.0,1,362,1382,Low,0,1,29
4427,2014-01-22,2014-01-22,1.0,heavy rains,Jammu and Kashmir,2.0,0.0,2014.0,1.0,22.0,1.0,2.0,4,Winter,1.0,1,137,108,Low,0,0,33
4428,2014-07-24,2014-07-24,1.0,heavy rains ,Jammu and Kashmir,0.0,0.0,2014.0,7.0,24.0,3.0,3.0,30,Monsoon,1.0,1,137,1709,No Fatality,0,1,33
4429,2014-07-31,2014-07-31,1.0,heavy rains ,Jammu and Kashmir,0.0,0.0,2014.0,7.0,31.0,3.0,3.0,31,Monsoon,1.0,1,137,1709,No Fatality,0,1,33
4430,2014-09-08,2014-09-14,7.0,"flood (jehlum,chenab, tawi)",Jammu and Kashmir,200.0,63.0,2014.0,9.0,8.0,3.0,0.0,37,Monsoon,7.0,1,137,938,High,1,1,33
4431,2014-11-09,2014-11-09,1.0,heavy rains (cloudburst) ,Jammu and Kashmir,0.0,14.0,2014.0,11.0,9.0,4.0,6.0,45,Post-Monsoon,1.0,1,137,194,No Fatality,0,0,33
4432,2014-10-12,2014-10-14,3.0,heavy rains ,Jharkhand,0.0,0.0,2014.0,10.0,12.0,4.0,6.0,41,Post-Monsoon,3.0,1,31,501,No Fatality,0,0,36
4433,2014-03-08,2014-03-10,3.0,heavy rains,Karnataka,4.0,0.0,2014.0,3.0,8.0,1.0,5.0,10,Summer,3.0,1,491,166,Low,0,0,37
4434,2014-05-19,2014-05-20,2.0,heavy rains ,Karnataka,5.0,0.0,2014.0,5.0,19.0,2.0,0.0,21,Summer,2.0,1,491,479,Low,0,0,37
4435,2014-06-02,2014-06-06,5.0,heavy rains ,Karnataka,1.0,0.0,2014.0,6.0,2.0,2.0,0.0,23,Monsoon,5.0,1,491,1071,Low,0,1,37
4436,2014-06-28,2014-06-29,2.0,heavy rains ,Karnataka,2.0,0.0,2014.0,6.0,28.0,2.0,5.0,26,Monsoon,2.0,1,491,1071,Low,0,1,37
4437,2014-07-04,2014-07-09,6.0,heavy rains ,Karnataka,4.0,1.0,2014.0,7.0,4.0,3.0,4.0,27,Monsoon,6.0,1,491,1709,Low,0,1,37
4438,2014-07-31,2014-07-31,1.0,heavy rains ,Karnataka,2.0,1.0,2014.0,7.0,31.0,3.0,3.0,31,Monsoon,1.0,1,491,1709,Low,0,1,37
4439,2014-08-01,2014-08-08,8.0,heavy rains ,Karnataka,4.0,3.0,2014.0,8.0,1.0,3.0,4.0,31,Monsoon,8.0,1,491,1382,Low,0,1,37
4440,2014-08-23,2014-08-31,9.0,heavy rains ,Karnataka,9.0,6.0,2014.0,8.0,23.0,3.0,5.0,34,Monsoon,9.0,1,491,1382,Low,0,1,37
4441,2014-09-01,2014-09-01,1.0,heavy rains ,Karnataka,1.0,0.0,2014.0,9.0,1.0,3.0,0.0,36,Monsoon,1.0,1,491,938,Low,0,1,37
4442,2014-09-02,2014-09-02,1.0,heavy rains ,Karnataka,0.0,1.0,2014.0,9.0,2.0,3.0,1.0,36,Monsoon,1.0,1,491,938,No Fatality,0,1,37
4443,2014-09-24,2014-09-24,1.0,heavy rains ,Karnataka,1.0,0.0,2014.0,9.0,24.0,3.0,2.0,39,Monsoon,1.0,1,491,938,Low,0,1,37
4444,2014-10-01,2014-10-01,1.0,heavy rains ,Karnataka,1.0,0.0,2014.0,10.0,1.0,4.0,2.0,40,Post-Monsoon,1.0,1,491,501,Low,0,0,37
4445,2014-10-05,2014-10-09,5.0,heavy rains ,Karnataka,2.0,3.0,2014.0,10.0,5.0,4.0,6.0,40,Post-Monsoon,5.0,1,491,501,Low,0,0,37
4446,2014-10-25,2014-10-25,1.0,heavy rains ,Karnataka,0.0,1.0,2014.0,10.0,25.0,4.0,5.0,43,Post-Monsoon,1.0,1,491,501,No Fatality,0,0,37
4447,2014-10-28,2014-10-28,1.0,heavy rains ,Karnataka,1.0,0.0,2014.0,10.0,28.0,4.0,1.0,44,Post-Monsoon,1.0,1,491,501,Low,0,0,37
4448,2014-03-07,2014-03-09,3.0,heavy rains,Kerala,0.0,0.0,2014.0,3.0,7.0,1.0,4.0,10,Summer,3.0,1,604,166,No Fatality,0,0,39
4449,2014-03-25,2014-03-25,1.0,heavy rains,Kerala,0.0,0.0,2014.0,3.0,25.0,1.0,1.0,13,Summer,1.0,1,604,166,No Fatality,0,0,39
4450,2014-04-10,2014-04-16,7.0,heavy rains ,Kerala,6.0,0.0,2014.0,4.0,10.0,2.0,3.0,15,Summer,7.0,1,604,171,Low,0,0,39
4451,2014-04-19,2014-04-30,12.0,heavy rains ,Kerala,0.0,0.0,2014.0,4.0,19.0,2.0,5.0,16,Summer,12.0,1,604,171,No Fatality,0,0,39
4452,2014-05-03,2014-05-09,7.0,heavy rains ,Kerala,4.0,20.0,2014.0,5.0,3.0,2.0,5.0,18,Summer,7.0,1,604,479,Low,0,0,39
4453,2014-06-06,2014-06-06,1.0,heavy rains ,Kerala,0.0,0.0,2014.0,6.0,6.0,2.0,4.0,23,Monsoon,1.0,1,604,1071,No Fatality,0,1,39
4454,2014-06-12,2014-06-14,3.0,heavy rains ,Kerala,0.0,0.0,2014.0,6.0,12.0,2.0,3.0,24,Monsoon,3.0,1,604,1071,No Fatality,0,1,39
4455,2014-06-21,2014-06-21,1.0,heavy rains ,Kerala,0.0,0.0,2014.0,6.0,21.0,2.0,5.0,25,Monsoon,1.0,1,604,1071,No Fatality,0,1,39
4456,2014-07-12,2014-07-15,4.0,heavy rains,Kerala,9.0,2.0,2014.0,7.0,12.0,3.0,5.0,28,Monsoon,4.0,1,604,1709,Low,0,1,39
4457,2014-08-01,2014-08-07,7.0,heavy rains,Kerala,0.0,0.0,2014.0,8.0,1.0,3.0,4.0,31,Monsoon,7.0,1,604,1382,No Fatality,0,1,39
4458,2014-08-22,2014-08-24,3.0,heavy rains ,Kerala,4.0,7.0,2014.0,8.0,22.0,3.0,4.0,34,Monsoon,3.0,1,604,1382,Low,0,1,39
4459,2014-09-01,2014-09-03,3.0,heavy rains ,Kerala,0.0,0.0,2014.0,9.0,1.0,3.0,0.0,36,Monsoon,3.0,1,604,938,No Fatality,0,1,39
4460,2014-09-26,2014-09-26,1.0,heavy rains ,Kerala,0.0,0.0,2014.0,9.0,26.0,3.0,4.0,39,Monsoon,1.0,1,604,938,No Fatality,0,1,39
4461,2014-07-15,2014-07-16,2.0,heavy rains,Madhya Pradesh,7.0,9.0,2014.0,7.0,15.0,3.0,1.0,29,Monsoon,2.0,1,238,1709,Low,0,1,43
4462,2014-07-20,2014-07-25,6.0,heavy rains ,Madhya Pradesh,0.0,0.0,2014.0,7.0,20.0,3.0,6.0,29,Monsoon,6.0,1,238,1709,No Fatality,0,1,43
4463,2014-03-03,2014-03-04,2.0,heavy rains,Maharashtra,0.0,0.0,2014.0,3.0,3.0,1.0,0.0,10,Summer,2.0,1,1011,166,No Fatality,0,0,47
4464,2014-03-09,2014-03-09,1.0,heavy rains ,Maharashtra,0.0,0.0,2014.0,3.0,9.0,1.0,6.0,10,Summer,1.0,1,1011,166,No Fatality,0,0,47
4465,2014-04-19,2014-04-19,1.0,heavy rains,Maharashtra,0.0,0.0,2014.0,4.0,19.0,2.0,5.0,16,Summer,1.0,1,1011,171,No Fatality,0,0,47
4466,2014-06-10,2014-06-10,1.0,heavy rains ,Maharashtra,2.0,0.0,2014.0,6.0,10.0,2.0,1.0,24,Monsoon,1.0,1,1011,1071,Low,0,1,47
4467,2014-07-13,2014-07-13,1.0,heavy rains ,Maharashtra,4.0,0.0,2014.0,7.0,13.0,3.0,6.0,28,Monsoon,1.0,1,1011,1709,Low,0,1,47
4468,2014-07-23,2014-07-28,3.0,heavy rains ,Maharashtra,0.0,1.0,2014.0,7.0,23.0,3.0,2.0,30,Monsoon,6.0,1,1011,1709,No Fatality,0,1,47
4469,2014-07-31,2014-07-31,1.0,heavy rains,Maharashtra,1.0,0.0,2014.0,7.0,31.0,3.0,3.0,31,Monsoon,1.0,1,1011,1709,Low,0,1,47
4470,2014-08-05,2014-08-05,1.0,heavy rains ,Maharashtra,144.0,0.0,2014.0,8.0,5.0,3.0,1.0,32,Monsoon,1.0,1,1011,1382,High,1,1,47
4471,2014-08-05,2014-08-06,2.0,heavy rains ,Maharashtra,3.0,0.0,2014.0,8.0,5.0,3.0,1.0,32,Monsoon,2.0,1,1011,1382,Low,0,1,47
4472,2014-09-08,2014-09-09,2.0,heavy rains ,Maharashtra,1.0,0.0,2014.0,9.0,8.0,3.0,0.0,37,Monsoon,2.0,1,1011,938,Low,0,1,47
4473,2014-09-23,2014-09-30,8.0,heavy rains ,Meghalaya,45.0,0.0,2014.0,9.0,23.0,3.0,1.0,39,Monsoon,8.0,1,57,938,Medium,1,1,51
4474,2014-05-27,2014-05-28,2.0,heavy rains ,Odisha,1.0,1.0,2014.0,5.0,27.0,2.0,1.0,22,Summer,2.0,1,144,479,Low,0,0,55
4475,2014-07-19,2014-07-24,6.0,heavy rains ,Odisha,12.0,0.0,2014.0,7.0,19.0,3.0,5.0,29,Monsoon,6.0,1,144,1709,Medium,1,1,55
4476,2014-07-27,2014-07-30,4.0,heavy rains ,Odisha,3.0,0.0,2014.0,7.0,27.0,3.0,6.0,30,Monsoon,4.0,1,144,1709,Low,0,1,55
4477,2014-08-03,2014-08-16,14.0,"flood (baitrani, budhaba langa, subarnarekha,mahanadi)",Odisha,45.0,0.0,2014.0,8.0,3.0,3.0,6.0,31,Monsoon,14.0,1,144,1382,Medium,1,1,55
4478,2014-09-05,2014-09-09,5.0,heavy rains,Odisha,3.0,0.0,2014.0,9.0,5.0,3.0,4.0,36,Monsoon,5.0,1,144,938,Low,0,1,55
4479,2014-09-04,2014-09-10,7.0,heavy rains ,Punjab,22.0,0.0,2014.0,9.0,4.0,3.0,3.0,36,Monsoon,7.0,1,171,938,Medium,1,1,61
4480,2014-07-29,2014-07-29,1.0,heavy rains ,Rajasthan,1.0,0.0,2014.0,7.0,29.0,3.0,1.0,31,Monsoon,1.0,1,259,1709,Low,0,1,62
4481,2014-08-03,2014-08-03,1.0,heavy rains ,Rajasthan,2.0,0.0,2014.0,8.0,3.0,3.0,6.0,31,Monsoon,1.0,1,259,1382,Low,0,1,62
4482,2014-08-11,2014-08-11,1.0,heavy rains,Rajasthan,19.0,0.0,2014.0,8.0,11.0,3.0,0.0,33,Monsoon,1.0,1,259,1382,Medium,1,1,62
4483,2014-09-05,2014-09-05,1.0,heavy rains ,Rajasthan,2.0,0.0,2014.0,9.0,5.0,3.0,4.0,36,Monsoon,1.0,1,259,938,Low,0,1,62
4484,2014-03-08,2014-03-08,1.0,heavy rains ,Tamil Nadu,0.0,1.0,2014.0,3.0,8.0,1.0,5.0,10,Summer,1.0,1,188,166,No Fatality,0,0,66
4485,2014-05-06,2014-05-08,3.0,heavy rains ,Tamil Nadu,3.0,3.0,2014.0,5.0,6.0,2.0,1.0,19,Summer,3.0,1,188,479,Low,0,0,66
4486,2014-05-21,2014-05-21,1.0,heavy rains ,Tamil Nadu,2.0,0.0,2014.0,5.0,21.0,2.0,2.0,21,Summer,1.0,1,188,479,Low,0,0,66
4487,2014-08-22,2014-08-22,1.0,heavy rains ,Tamil Nadu,2.0,0.0,2014.0,8.0,22.0,3.0,4.0,34,Monsoon,1.0,1,188,1382,Low,0,1,66
4488,2014-09-23,2014-09-23,1.0,heavy rains ,Tamil Nadu,1.0,2.0,2014.0,9.0,23.0,3.0,1.0,39,Monsoon,1.0,1,188,938,Low,0,1,66
4489,2014-09-06,2014-09-09,4.0,heavy rains ,Telangana,4.0,0.0,2014.0,9.0,6.0,3.0,5.0,36,Monsoon,4.0,1,148,938,Low,0,1,67
4490,2014-10-27,2014-10-27,1.0,heavy rains ,Telangana,0.0,0.0,2014.0,10.0,27.0,4.0,0.0,44,Post-Monsoon,1.0,1,148,501,No Fatality,0,0,67
4491,2014-06-19,2014-06-25,7.0,heavy rains ,Tripura,0.0,0.0,2014.0,6.0,19.0,2.0,3.0,25,Monsoon,7.0,1,47,1071,No Fatality,0,1,68
4492,2014-08-14,2014-08-27,14.0,"flood (ghagra, rapti, sarayu,sharda)",Uttar Pradesh,82.0,12.0,2014.0,8.0,14.0,3.0,3.0,33,Monsoon,14.0,1,448,1382,High,1,1,69
4493,2014-07-27,2014-07-27,1.0,heavy rains ,Uttarakhand,6.0,0.0,2014.0,7.0,27.0,3.0,6.0,30,Monsoon,1.0,1,107,1709,Low,0,1,78
4494,2014-07-31,2014-07-31,1.0,heavy rains,Uttarakhand,5.0,0.0,2014.0,7.0,31.0,3.0,3.0,31,Monsoon,1.0,1,107,1709,Low,0,1,78
4495,2014-08-11,2014-08-11,1.0,heavy rains ,Uttarakhand,0.0,0.0,2014.0,8.0,11.0,3.0,0.0,33,Monsoon,1.0,1,107,1382,No Fatality,0,1,78
4496,2015-06-20,2015-06-21,2.0,heavy rains,Andhra Pradesh,0.0,0.0,2015.0,6.0,20.0,2.0,5.0,25,Monsoon,2.0,1,150,1071,No Fatality,0,1,1
4497,2015-11-15,2015-11-23,9.0,heavy rains,Andhra Pradesh,88.0,0.0,2015.0,11.0,15.0,4.0,6.0,46,Post-Monsoon,9.0,1,150,194,High,1,0,1
4498,2015-12-22,2015-12-22,1.0,heavy rains,Andhra Pradesh,4.0,0.0,2015.0,12.0,22.0,4.0,1.0,52,Winter,1.0,1,150,71,Low,0,0,1
4499,2015-06-10,2015-06-10,1.0,heavy rains,Arunachal Pradesh,2.0,0.0,2015.0,6.0,10.0,2.0,2.0,24,Monsoon,1.0,1,150,1071,Low,0,1,4
4500,2015-02-19,2015-02-19,1.0,heavy rains,Assam,2.0,0.0,2015.0,2.0,19.0,1.0,3.0,8,Winter,1.0,1,908,66,Low,0,0,5
4501,2015-06-01,2015-06-06,6.0,heavy rains,Assam,0.0,0.0,2015.0,6.0,1.0,2.0,0.0,23,Monsoon,6.0,1,908,1071,No Fatality,0,1,5
4502,2015-06-09,2015-06-17,9.0,flood,Assam,3.0,0.0,2015.0,6.0,9.0,2.0,1.0,24,Monsoon,9.0,1,908,1071,Low,0,1,5
4503,2015-06-20,2015-06-24,5.0,flood,Assam,1.0,0.0,2015.0,6.0,20.0,2.0,5.0,25,Monsoon,5.0,1,908,1071,Low,0,1,5
4504,2015-07-14,2015-07-17,4.0,flood,Assam,5.0,10.0,2015.0,7.0,14.0,3.0,1.0,29,Monsoon,4.0,1,908,1709,Low,0,1,5
4505,2015-08-19,2015-08-23,5.0,flood,Assam,8.0,0.0,2015.0,8.0,19.0,3.0,2.0,34,Monsoon,5.0,1,908,1382,Low,0,1,5
4506,2015-08-25,2015-08-31,7.0,flood,Assam,7.0,0.0,2015.0,8.0,25.0,3.0,1.0,35,Monsoon,7.0,1,908,1382,Low,0,1,5
4507,2015-09-01,2015-09-12,12.0,flood,Assam,28.0,0.0,2015.0,9.0,1.0,3.0,1.0,36,Monsoon,12.0,1,908,938,Medium,1,1,5
4508,2015-09-23,2015-09-25,3.0,flood,Assam,0.0,0.0,2015.0,9.0,23.0,3.0,2.0,39,Monsoon,3.0,1,908,938,No Fatality,0,1,5
4509,2015-07-24,2015-07-24,1.0,heavy rains,Bihar,2.0,0.0,2015.0,7.0,24.0,3.0,4.0,30,Monsoon,1.0,1,149,1709,Low,0,1,9
4510,2015-09-03,2015-09-03,1.0,heavy rains,Chhattisgarh,1.0,4.0,2015.0,9.0,3.0,3.0,3.0,36,Monsoon,1.0,1,52,938,Low,0,1,17
4511,2015-09-18,2015-09-22,5.0,heavy rains,Chhattisgarh,2.0,4.0,2015.0,9.0,18.0,3.0,4.0,38,Monsoon,5.0,1,52,938,Low,0,1,17
4512,2015-06-13,2015-09-22,25.0,heavy rains,Gujarat,70.0,0.0,2015.0,6.0,13.0,2.0,5.0,24,Monsoon,102.0,1,168,1071,High,1,1,26
4513,2015-04-03,2015-04-04,2.0,heavy rains,Himachal Pradesh,1.0,0.0,2015.0,4.0,3.0,2.0,4.0,14,Summer,2.0,1,362,171,Low,0,0,29
4514,2015-06-20,2015-06-21,2.0,heavy rains,Himachal Pradesh,1.0,0.0,2015.0,6.0,20.0,2.0,5.0,25,Monsoon,2.0,1,362,1071,Low,0,1,29
4515,2015-07-10,2015-07-11,2.0,heavy rains,Himachal Pradesh,0.0,0.0,2015.0,7.0,10.0,3.0,4.0,28,Monsoon,2.0,1,362,1709,No Fatality,0,1,29
4516,2015-07-16,2015-07-17,2.0,heavy rains,Himachal Pradesh,3.0,0.0,2015.0,7.0,16.0,3.0,3.0,29,Monsoon,2.0,1,362,1709,Low,0,1,29
4517,2015-07-26,2015-07-26,1.0,heavy rains,Himachal Pradesh,3.0,0.0,2015.0,7.0,26.0,3.0,6.0,30,Monsoon,1.0,1,362,1709,Low,0,1,29
4518,2015-08-08,2015-08-12,5.0,heavy rains,Himachal Pradesh,6.0,0.0,2015.0,8.0,8.0,3.0,5.0,32,Monsoon,5.0,1,362,1382,Low,0,1,29
4519,2015-08-19,2015-08-19,1.0,heavy rains,Himachal Pradesh,10.0,0.0,2015.0,8.0,19.0,3.0,2.0,34,Monsoon,1.0,1,362,1382,Low,0,1,29
4520,2015-03-21,2015-03-21,1.0,heavy rains,Jammu and Kashmir,1.0,1.0,2015.0,3.0,21.0,1.0,5.0,12,Summer,1.0,1,137,166,Low,0,0,33
4521,2015-03-30,2015-03-30,1.0,heavy rains,Jammu and Kashmir,16.0,0.0,2015.0,3.0,30.0,1.0,0.0,14,Summer,1.0,1,137,166,Medium,1,0,33
4522,2015-04-04,2015-04-04,1.0,heavy rains,Jammu and Kashmir,24.0,0.0,2015.0,4.0,4.0,2.0,5.0,14,Summer,1.0,1,137,171,Medium,1,0,33
4523,2015-07-06,2015-07-06,1.0,heavy rains,Jammu and Kashmir,1.0,0.0,2015.0,7.0,6.0,3.0,0.0,28,Monsoon,1.0,1,137,1709,Low,0,1,33
4524,2015-07-09,2015-07-16,8.0,heavy rains,Jammu and Kashmir,13.0,0.0,2015.0,7.0,9.0,3.0,3.0,28,Monsoon,8.0,1,137,1709,Medium,1,1,33
4525,2015-07-24,2015-07-24,1.0,heavy rains,Jammu and Kashmir,3.0,0.0,2015.0,7.0,24.0,3.0,4.0,30,Monsoon,1.0,1,137,1709,Low,0,1,33
4526,2015-07-25,2015-07-31,7.0,heavy rains,Jammu and Kashmir,4.0,19.0,2015.0,7.0,25.0,3.0,5.0,30,Monsoon,7.0,1,137,1709,Low,0,1,33
4527,2015-09-23,2015-09-23,1.0,heavy rains & flash flood,Jammu and Kashmir,0.0,0.0,2015.0,9.0,23.0,3.0,2.0,39,Monsoon,1.0,1,137,938,No Fatality,0,1,33
4528,2015-03-06,2015-03-14,9.0,heavy rains,Karnataka,1.0,0.0,2015.0,3.0,6.0,1.0,4.0,10,Summer,9.0,1,491,166,Low,0,0,37
4529,2015-04-07,2015-04-12,6.0,heavy rains,Karnataka,4.0,1.0,2015.0,4.0,7.0,2.0,1.0,15,Summer,6.0,1,491,171,Low,0,0,37
4530,2015-04-22,2015-04-23,2.0,heavy rains,Karnataka,1.0,4.0,2015.0,4.0,22.0,2.0,2.0,17,Summer,2.0,1,491,171,Low,0,0,37
4531,2015-05-04,2015-05-11,8.0,heavy rains,Karnataka,2.0,1.0,2015.0,5.0,4.0,2.0,0.0,19,Summer,8.0,1,491,479,Low,0,0,37
4532,2015-05-27,2015-05-31,5.0,heavy rains,Karnataka,1.0,4.0,2015.0,5.0,27.0,2.0,2.0,22,Summer,5.0,1,491,479,Low,0,0,37
4533,2015-06-20,2015-06-25,6.0,"heavy rains,flood",Karnataka,8.0,8.0,2015.0,6.0,20.0,2.0,5.0,25,Monsoon,6.0,1,491,1071,Low,0,1,37
4534,2015-07-10,2015-07-20,11.0,heavy rains,Karnataka,10.0,0.0,2015.0,7.0,10.0,3.0,4.0,28,Monsoon,11.0,1,491,1709,Low,0,1,37
4535,2015-09-05,2015-09-07,3.0,heavy rains,Karnataka,5.0,1.0,2015.0,9.0,5.0,3.0,5.0,36,Monsoon,3.0,1,491,938,Low,0,1,37
4536,2015-09-29,2015-09-29,1.0,heavy rains,Karnataka,0.0,0.0,2015.0,9.0,29.0,3.0,1.0,40,Monsoon,1.0,1,491,938,No Fatality,0,1,37
4537,2015-10-01,2015-10-04,4.0,heavy rains,Karnataka,4.0,0.0,2015.0,10.0,1.0,4.0,3.0,40,Post-Monsoon,4.0,1,491,501,Low,0,0,37
4538,2015-11-02,2015-11-02,1.0,heavy rains,Karnataka,0.0,0.0,2015.0,11.0,2.0,4.0,0.0,45,Post-Monsoon,1.0,1,491,194,No Fatality,0,0,37
4539,2015-03-03,2015-03-09,7.0,heavy rains,Kerala,0.0,0.0,2015.0,3.0,3.0,1.0,1.0,10,Summer,7.0,1,604,166,No Fatality,0,0,39
4540,2015-03-13,2015-03-17,5.0,heavy rains,Kerala,0.0,3.0,2015.0,3.0,13.0,1.0,4.0,11,Summer,5.0,1,604,166,No Fatality,0,0,39
4541,2015-03-27,2015-03-31,5.0,heavy rains,Kerala,0.0,0.0,2015.0,3.0,27.0,1.0,4.0,13,Summer,5.0,1,604,166,No Fatality,0,0,39
4542,2015-04-06,2015-04-10,5.0,heavy rains,Kerala,1.0,0.0,2015.0,4.0,6.0,2.0,0.0,15,Summer,5.0,1,604,171,Low,0,0,39
4543,2015-04-11,2015-04-16,6.0,heavy rains,Kerala,5.0,0.0,2015.0,4.0,11.0,2.0,5.0,15,Summer,6.0,1,604,171,Low,0,0,39
4544,2015-04-19,2015-04-25,7.0,Unknown,Kerala,1.0,13.0,2015.0,4.0,19.0,2.0,6.0,16,Summer,7.0,1,604,171,Low,0,0,39
4545,2015-04-26,2015-04-30,5.0,Unknown,Kerala,0.0,2.0,2015.0,4.0,26.0,2.0,6.0,17,Summer,5.0,1,604,171,No Fatality,0,0,39
4546,2015-05-03,2015-05-05,3.0,heavy rains,Kerala,0.0,2.0,2015.0,5.0,3.0,2.0,6.0,18,Summer,3.0,1,604,479,No Fatality,0,0,39
4547,2015-05-07,2015-05-09,3.0,heavy rains,Kerala,0.0,1.0,2015.0,5.0,7.0,2.0,3.0,19,Summer,3.0,1,604,479,No Fatality,0,0,39
4548,2015-05-10,2015-05-14,5.0,heavy rains,Kerala,0.0,4.0,2015.0,5.0,10.0,2.0,6.0,19,Summer,5.0,1,604,479,No Fatality,0,0,39
4549,2015-05-15,2015-05-28,14.0,heavy rains,Kerala,5.0,15.0,2015.0,5.0,15.0,2.0,4.0,20,Summer,14.0,1,604,479,Low,0,0,39
4550,2015-06-08,2015-06-16,9.0,Unknown,Kerala,1.0,1.0,2015.0,6.0,8.0,2.0,0.0,24,Monsoon,9.0,1,604,1071,Low,0,1,39
4551,2015-06-19,2015-06-29,11.0,heavy rains,Kerala,11.0,17.0,2015.0,6.0,19.0,2.0,4.0,25,Monsoon,11.0,1,604,1071,Medium,1,1,39
4552,2015-07-18,2015-07-20,3.0,heavy rains,Kerala,9.0,0.0,2015.0,7.0,18.0,3.0,5.0,29,Monsoon,3.0,1,604,1709,Low,0,1,39
4553,2015-08-12,2015-08-12,1.0,heavy rains,Kerala,0.0,0.0,2015.0,8.0,12.0,3.0,2.0,33,Monsoon,1.0,1,604,1382,No Fatality,0,1,39
4554,2015-09-05,2015-09-06,2.0,heavy rains,Kerala,0.0,0.0,2015.0,9.0,5.0,3.0,5.0,36,Monsoon,2.0,1,604,938,No Fatality,0,1,39
4555,2015-09-27,2015-09-28,2.0,heavy rains,Kerala,0.0,0.0,2015.0,9.0,27.0,3.0,6.0,39,Monsoon,2.0,1,604,938,No Fatality,0,1,39
4556,2015-10-08,2015-10-09,2.0,heavy rains,Kerala,0.0,1.0,2015.0,10.0,8.0,4.0,3.0,41,Post-Monsoon,2.0,1,604,501,No Fatality,0,0,39
4557,2015-10-30,2015-10-31,2.0,heavy rains,Kerala,0.0,0.0,2015.0,10.0,30.0,4.0,4.0,44,Post-Monsoon,2.0,1,604,501,No Fatality,0,0,39
4558,2015-11-01,2015-11-21,21.0,heavy rains,Kerala,2.0,0.0,2015.0,11.0,1.0,4.0,6.0,44,Post-Monsoon,21.0,1,604,194,Low,0,0,39
4559,2015-12-08,2015-12-19,12.0,heavy rains,Kerala,0.0,0.0,2015.0,12.0,8.0,4.0,1.0,50,Winter,12.0,1,604,71,No Fatality,0,0,39
4560,2015-07-19,2015-07-21,3.0,"heavy rains,flood",Madhya Pradesh,15.0,0.0,2015.0,7.0,19.0,3.0,6.0,29,Monsoon,3.0,1,238,1709,Medium,1,1,43
4561,2015-08-13,2015-08-13,1.0,flood,Madhya Pradesh,1.0,0.0,2015.0,8.0,13.0,3.0,3.0,33,Monsoon,1.0,1,238,1382,Low,0,1,43
4562,2015-06-07,2015-06-16,10.0,heavy rains,Maharashtra,17.0,0.0,2015.0,6.0,7.0,2.0,6.0,23,Monsoon,10.0,1,1011,1071,Medium,1,1,47
4563,2015-06-23,2015-06-23,1.0,heavy rains,Maharashtra,6.0,0.0,2015.0,6.0,23.0,2.0,1.0,26,Monsoon,1.0,1,1011,1071,Low,0,1,47
4564,2015-07-20,2015-07-20,1.0,heavy rains,Maharashtra,2.0,3.0,2015.0,7.0,20.0,3.0,0.0,30,Monsoon,1.0,1,1011,1709,Low,0,1,47
4565,2015-07-28,2015-07-28,1.0,heavy rains,Maharashtra,4.0,0.0,2015.0,7.0,28.0,3.0,1.0,31,Monsoon,1.0,1,1011,1709,Low,0,1,47
4566,2015-07-29,2015-07-29,1.0,heavy rains,Maharashtra,9.0,10.0,2015.0,7.0,29.0,3.0,2.0,31,Monsoon,1.0,1,1011,1709,Low,0,1,47
4567,2015-08-06,2015-08-14,9.0,heavy rains,Maharashtra,8.0,1.0,2015.0,8.0,6.0,3.0,3.0,32,Monsoon,9.0,1,1011,1382,Low,0,1,47
4568,2015-06-17,2015-06-17,1.0,heavy rains,Meghalaya,5.0,0.0,2015.0,6.0,17.0,2.0,2.0,25,Monsoon,1.0,1,57,1071,Low,0,1,51
4569,2015-08-01,2015-08-01,1.0,heavy rains,Odisha,1.0,0.0,2015.0,8.0,1.0,3.0,5.0,31,Monsoon,1.0,1,144,1382,Low,0,1,55
4570,2015-08-02,2015-08-02,1.0,heavy rains,Odisha,5.0,0.0,2015.0,8.0,2.0,3.0,6.0,31,Monsoon,1.0,1,144,1382,Low,0,1,55
4571,2015-09-14,2015-09-16,3.0,"heavy rains,flood",Odisha,4.0,0.0,2015.0,9.0,14.0,3.0,0.0,38,Monsoon,3.0,1,144,938,Low,0,1,55
4572,2015-09-01,2015-09-30,30.0,heavy rains,Punjab,11.0,0.0,2015.0,9.0,1.0,3.0,1.0,36,Monsoon,30.0,1,171,938,Medium,1,1,61
4573,2015-03-14,2015-03-15,2.0,heavy rains,Rajasthan,15.0,0.0,2015.0,3.0,14.0,1.0,5.0,11,Summer,2.0,1,259,166,Medium,1,0,62
4574,2015-07-22,2015-07-31,10.0,heavy rains,Rajasthan,20.0,0.0,2015.0,7.0,22.0,3.0,2.0,30,Monsoon,10.0,1,259,1709,Medium,1,1,62
4575,2015-08-01,2015-08-05,5.0,heavy rains,Rajasthan,41.0,0.0,2015.0,8.0,1.0,3.0,5.0,31,Monsoon,5.0,1,259,1382,Medium,1,1,62
4576,2015-08-16,2015-08-16,1.0,heavy rains,Rajasthan,2.0,0.0,2015.0,8.0,16.0,3.0,6.0,33,Monsoon,1.0,1,259,1382,Low,0,1,62
4577,2015-07-01,2015-07-01,1.0,heavy rains,Sikkim,18.0,0.0,2015.0,7.0,1.0,3.0,2.0,27,Monsoon,1.0,1,64,1709,Medium,1,1,65
4578,2015-07-05,2015-07-05,1.0,heavy rains,Sikkim,41.0,0.0,2015.0,7.0,5.0,3.0,6.0,27,Monsoon,1.0,1,64,1709,Medium,1,1,65
4579,2015-04-12,2015-04-12,1.0,heavy rains,Tamil Nadu,0.0,0.0,2015.0,4.0,12.0,2.0,6.0,15,Summer,1.0,1,188,171,No Fatality,0,0,66
4580,2015-04-21,2015-04-21,1.0,heavy rains,Tamil Nadu,1.0,1.0,2015.0,4.0,21.0,2.0,1.0,17,Summer,1.0,1,188,171,Low,0,0,66
4581,2015-04-25,2015-04-25,1.0,heavy rains,Tamil Nadu,3.0,0.0,2015.0,4.0,25.0,2.0,5.0,17,Summer,1.0,1,188,171,Low,0,0,66
4582,2015-05-14,2015-05-14,1.0,heavy rains,Tamil Nadu,3.0,0.0,2015.0,5.0,14.0,2.0,3.0,20,Summer,1.0,1,188,479,Low,0,0,66
4583,2015-05-17,2015-05-19,3.0,heavy rains,Tamil Nadu,11.0,0.0,2015.0,5.0,17.0,2.0,6.0,20,Summer,3.0,1,188,479,Medium,1,0,66
4584,2015-06-17,2015-06-17,1.0,heavy rains,Tamil Nadu,1.0,0.0,2015.0,6.0,17.0,2.0,2.0,25,Monsoon,1.0,1,188,1071,Low,0,1,66
4585,2015-06-21,2015-06-21,1.0,heavy rains,Tamil Nadu,1.0,0.0,2015.0,6.0,21.0,2.0,6.0,25,Monsoon,1.0,1,188,1071,Low,0,1,66
4586,2015-07-17,2015-07-17,1.0,heavy rains,Tamil Nadu,1.0,0.0,2015.0,7.0,17.0,3.0,4.0,29,Monsoon,1.0,1,188,1709,Low,0,1,66
4587,2015-11-09,2015-11-09,1.0,heavy rains,Tamil Nadu,13.0,0.0,2015.0,11.0,9.0,4.0,0.0,46,Post-Monsoon,1.0,1,188,194,Medium,1,0,66
4588,2015-11-11,2015-11-13,3.0,heavy rains,Tamil Nadu,25.0,0.0,2015.0,11.0,11.0,4.0,2.0,46,Post-Monsoon,3.0,1,188,194,Medium,1,0,66
4589,2015-11-18,2015-11-22,5.0,heavy rains,Tamil Nadu,47.0,0.0,2015.0,11.0,18.0,4.0,2.0,47,Post-Monsoon,5.0,1,188,194,Medium,1,0,66
4590,2015-11-23,2015-11-23,1.0,heavy rains,Tamil Nadu,50.0,0.0,2015.0,11.0,23.0,4.0,0.0,48,Post-Monsoon,1.0,1,188,194,Medium,1,0,66
4591,2015-11-28,2015-11-30,3.0,heavy rains,Tamil Nadu,32.0,0.0,2015.0,11.0,28.0,4.0,5.0,48,Post-Monsoon,3.0,1,188,194,Medium,1,0,66
4592,2015-12-01,2015-12-03,3.0,heavy rains,Tamil Nadu,17.0,0.0,2015.0,12.0,1.0,4.0,1.0,49,Winter,3.0,1,188,71,Medium,1,0,66
4593,2015-12-08,2015-12-11,4.0,heavy rains,Tamil Nadu,30.0,0.0,2015.0,12.0,8.0,4.0,1.0,50,Winter,4.0,1,188,71,Medium,1,0,66
4594,2015-09-06,2015-09-12,7.0,heavy rains,Telangana,5.0,0.0,2015.0,9.0,6.0,3.0,6.0,36,Monsoon,7.0,1,148,938,Low,0,1,67
4595,2015-04-04,2015-04-04,1.0,heavy rains,Uttar Pradesh,12.0,0.0,2015.0,4.0,4.0,2.0,5.0,14,Summer,1.0,1,448,171,Medium,1,0,69
4596,2015-07-11,2015-07-12,2.0,heavy rains,Uttar Pradesh,15.0,0.0,2015.0,7.0,11.0,3.0,5.0,28,Monsoon,2.0,1,448,1709,Medium,1,1,69
4597,2015-10-28,2015-10-28,1.0,heavy rains,Uttar Pradesh,2.0,0.0,2015.0,10.0,28.0,4.0,2.0,44,Post-Monsoon,1.0,1,448,501,Low,0,0,69
4598,2015-12-01,2015-12-01,1.0,heavy rains,Uttar Pradesh,5.0,0.0,2015.0,12.0,1.0,4.0,1.0,49,Winter,1.0,1,448,71,Low,0,0,69
4599,2015-07-26,2015-07-26,1.0,heavy rains,Uttarakhand,1.0,0.0,2015.0,7.0,26.0,3.0,6.0,30,Monsoon,1.0,1,107,1709,Low,0,1,78
4600,2015-07-01,2015-07-10,10.0,heavy rains,West Bengal,48.0,0.0,2015.0,7.0,1.0,3.0,2.0,27,Monsoon,10.0,1,330,1709,Medium,1,1,79
4601,2015-07-20,2015-07-24,5.0,heavy rains,West Bengal,5.0,0.0,2015.0,7.0,20.0,3.0,0.0,30,Monsoon,5.0,1,330,1709,Low,0,1,79
4602,2015-12-02,2015-12-02,1.0,heavy rains,Puducherry,2.0,0.0,2015.0,12.0,2.0,4.0,2.0,49,Winter,1.0,1,6,71,Low,0,0,60
4603,2016-07-14,2016-07-14,1.0,heavy rains ,Andhra Pradesh,0.0,0.0,2016.0,7.0,14.0,3.0,3.0,28,Monsoon,1.0,1,150,1709,No Fatality,0,1,1
4604,2016-09-15,2016-09-16,2.0,flash flood ,Andhra Pradesh,0.0,3.0,2016.0,9.0,15.0,3.0,3.0,37,Monsoon,2.0,1,150,938,No Fatality,0,1,1
4605,2016-09-01,2016-09-30,30.0,heavy rains & floods,Andhra Pradesh,20.0,429.0,2016.0,9.0,1.0,3.0,3.0,35,Monsoon,30.0,1,150,938,Medium,1,1,1
4606,2016-04-22,2016-04-22,1.0,heavy rains(massive landslide) ,Arunachal Pradesh,17.0,0.0,2016.0,4.0,22.0,2.0,4.0,16,Summer,1.0,1,150,171,Medium,1,0,4
4607,2016-04-24,2016-04-27,4.0,heavy rains ,Arunachal Pradesh,0.0,0.0,2016.0,4.0,24.0,2.0,6.0,16,Summer,4.0,1,150,171,No Fatality,0,0,4
4608,2016-07-01,2016-07-01,1.0,massive landslide ,Arunachal Pradesh,10.0,5.0,2016.0,7.0,1.0,3.0,4.0,26,Monsoon,1.0,1,150,1709,Low,0,1,4
4609,2016-08-05,2016-08-05,1.0,heavy rains(landslide),Arunachal Pradesh,3.0,0.0,2016.0,8.0,5.0,3.0,4.0,31,Monsoon,1.0,1,150,1382,Low,0,1,4
4610,2016-09-11,2016-09-12,2.0,heavy rains & flood in sigin river.,Arunachal Pradesh,0.0,0.0,2016.0,9.0,11.0,3.0,6.0,36,Monsoon,2.0,1,150,938,No Fatality,0,1,4
4611,2016-04-21,2016-04-21,1.0,flood (janji river) ,Assam,42.0,0.0,2016.0,4.0,21.0,2.0,3.0,16,Summer,1.0,1,908,171,Medium,1,0,5
4612,2016-04-24,2016-04-27,4.0,"flood ( brahmaputra,tributaries) ",Assam,8.0,0.0,2016.0,4.0,24.0,2.0,6.0,16,Summer,4.0,1,908,171,Low,0,0,5
4613,2016-05-17,2016-05-17,1.0,landslide ,Assam,11.0,6.0,2016.0,5.0,17.0,2.0,1.0,20,Summer,1.0,1,908,479,Medium,1,0,5
4614,2016-05-18,2016-05-18,1.0,flood (kapili river) ,Assam,0.0,0.0,2016.0,5.0,18.0,2.0,2.0,20,Summer,1.0,1,908,479,No Fatality,0,0,5
4615,2016-06-19,2016-06-25,7.0,"flood ( brahmaputra,tributaries)",Assam,0.0,0.0,2016.0,6.0,19.0,2.0,6.0,24,Monsoon,7.0,1,908,1071,No Fatality,0,1,5
4616,2016-07-03,2016-07-07,5.0,"flood ( brahmaputra,tributaries)",Assam,2.0,6.0,2016.0,7.0,3.0,3.0,6.0,26,Monsoon,5.0,1,908,1709,Low,0,1,5
4617,2016-07-07,2016-07-07,1.0,heavy rain ,Assam,2.0,2.0,2016.0,7.0,7.0,3.0,3.0,27,Monsoon,1.0,1,908,1709,Low,0,1,5
4618,2016-07-13,2016-07-18,6.0,"flood( brahmaputra,tributaries)  ",Assam,2.0,2.0,2016.0,7.0,13.0,3.0,2.0,28,Monsoon,6.0,1,908,1709,Low,0,1,5
4619,2016-07-14,2016-07-14,1.0,landslide ,Assam,2.0,0.0,2016.0,7.0,14.0,3.0,3.0,28,Monsoon,1.0,1,908,1709,Low,0,1,5
4620,2016-07-21,2016-07-31,11.0,"flood( brahmaputra,tributaries)  ",Assam,22.0,0.0,2016.0,7.0,21.0,3.0,3.0,29,Monsoon,11.0,1,908,1709,Medium,1,1,5
4621,2016-08-01,2016-08-05,5.0,"flood( brahmaputra,tributaries)  ",Assam,3.0,0.0,2016.0,8.0,1.0,3.0,0.0,31,Monsoon,5.0,1,908,1382,Low,0,1,5
4622,2016-08-13,2016-08-13,1.0,heavy rains(landslide),Assam,2.0,0.0,2016.0,8.0,13.0,3.0,5.0,32,Monsoon,1.0,1,908,1382,Low,0,1,5
4623,2016-09-01,2016-09-07,7.0,"flood( brahmaputra,tributaries)  ",Assam,0.0,0.0,2016.0,9.0,1.0,3.0,3.0,35,Monsoon,7.0,1,908,938,No Fatality,0,1,5
4624,2016-09-13,2016-09-16,4.0,"flood( brahmaputra,tributaries)  ",Assam,0.0,0.0,2016.0,9.0,13.0,3.0,1.0,37,Monsoon,4.0,1,908,938,No Fatality,0,1,5
4625,2016-05-18,2016-05-18,1.0,heavy rain,Bihar,0.0,0.0,2016.0,5.0,18.0,2.0,2.0,20,Summer,1.0,1,149,479,No Fatality,0,0,9
4626,2016-07-25,2016-07-27,3.0,heavy rain,Bihar,0.0,0.0,2016.0,7.0,25.0,3.0,0.0,30,Monsoon,3.0,1,149,1709,No Fatality,0,1,9
4627,2016-08-12,2016-08-12,1.0,heavy rain & floods in punpun & falgu river. ,Bihar,0.0,0.0,2016.0,8.0,12.0,3.0,4.0,32,Monsoon,1.0,1,149,1382,No Fatality,0,1,9
4628,2016-08-17,2016-08-21,5.0,floods in ganga & tributaries,Bihar,9.0,0.0,2016.0,8.0,17.0,3.0,2.0,33,Monsoon,5.0,1,149,1382,Low,0,1,9
4629,2016-08-23,2016-08-25,3.0,heavy rain & flood.,Bihar,0.0,0.0,2016.0,8.0,23.0,3.0,1.0,34,Monsoon,3.0,1,149,1382,No Fatality,0,1,9
4630,2016-08-28,2016-08-28,1.0,heavy rain,Bihar,0.0,0.0,2016.0,8.0,28.0,3.0,6.0,34,Monsoon,1.0,1,149,1382,No Fatality,0,1,9
4631,2016-08-30,2016-08-30,1.0,heavy rain & flood.,Bihar,0.0,1.0,2016.0,8.0,30.0,3.0,1.0,35,Monsoon,1.0,1,149,1382,No Fatality,0,1,9
4632,2016-09-01,2016-09-02,2.0,floods in ganga & tributaries,Bihar,11.0,0.0,2016.0,9.0,1.0,3.0,3.0,35,Monsoon,2.0,1,149,938,Medium,1,1,9
4633,2016-09-03,2016-09-03,1.0,heavy rain,Bihar,19.0,0.0,2016.0,9.0,3.0,3.0,5.0,35,Monsoon,1.0,1,149,938,Medium,1,1,9
4634,2016-06-02,2016-06-03,2.0,heavy rain,Chhattisgarh,0.0,2.0,2016.0,6.0,2.0,2.0,3.0,22,Monsoon,2.0,1,52,1071,No Fatality,0,1,17
4635,2016-06-12,2016-06-13,2.0,heavy rain,Chhattisgarh,0.0,2.0,2016.0,6.0,12.0,2.0,6.0,23,Monsoon,2.0,1,52,1071,No Fatality,0,1,17
4636,2016-08-02,2016-08-02,1.0,heavy rains & flood in sheonath river,Chhattisgarh,1.0,5.0,2016.0,8.0,2.0,3.0,1.0,31,Monsoon,1.0,1,52,1382,Low,0,1,17
4637,2016-08-19,2016-08-19,1.0,heavy rains  ,Chhattisgarh,5.0,2.0,2016.0,8.0,19.0,3.0,4.0,33,Monsoon,1.0,1,52,1382,Low,0,1,17
4638,2016-08-26,2016-08-31,6.0,heavy rains  ,Chhattisgarh,6.0,111.0,2016.0,8.0,26.0,3.0,4.0,34,Monsoon,6.0,1,52,1382,Low,0,1,17
4639,2016-09-11,2016-09-13,3.0,heavy rains  ,Chhattisgarh,4.0,6.0,2016.0,9.0,11.0,3.0,6.0,36,Monsoon,3.0,1,52,938,Low,0,1,17
4640,2016-06-01,2016-09-28,120.0,heavy rains & floods,Gujarat,81.0,4.0,2016.0,6.0,1.0,2.0,2.0,22,Monsoon,120.0,1,168,1071,High,1,1,26
4641,2016-05-10,2016-05-10,1.0,cloud burst,Himachal Pradesh,5.0,3.0,2016.0,5.0,10.0,2.0,1.0,19,Summer,1.0,1,362,479,Low,0,0,29
4642,2016-06-15,2016-06-16,2.0,heavy rains,Himachal Pradesh,0.0,0.0,2016.0,6.0,15.0,2.0,2.0,24,Monsoon,2.0,1,362,1071,No Fatality,0,1,29
4643,2016-07-03,2016-07-04,2.0,heavy rains,Himachal Pradesh,0.0,0.0,2016.0,7.0,3.0,3.0,6.0,26,Monsoon,2.0,1,362,1709,No Fatality,0,1,29
4644,2016-07-10,2016-07-17,8.0,cloud burst,Himachal Pradesh,0.0,0.0,2016.0,7.0,10.0,3.0,6.0,27,Monsoon,8.0,1,362,1709,No Fatality,0,1,29
4645,2016-07-23,2016-07-31,9.0,heavy rains & landslide,Himachal Pradesh,2.0,0.0,2016.0,7.0,23.0,3.0,5.0,29,Monsoon,9.0,1,362,1709,Low,0,1,29
4646,2016-08-01,2016-08-02,2.0,heavy rains,Himachal Pradesh,1.0,0.0,2016.0,8.0,1.0,3.0,0.0,31,Monsoon,2.0,1,362,1382,Low,0,1,29
4647,2016-08-05,2016-08-07,3.0,heavy rains & landslide,Himachal Pradesh,1.0,1.0,2016.0,8.0,5.0,3.0,4.0,31,Monsoon,3.0,1,362,1382,Low,0,1,29
4648,2016-08-10,2016-08-12,3.0,heavy rains,Himachal Pradesh,1.0,1.0,2016.0,8.0,10.0,3.0,2.0,32,Monsoon,3.0,1,362,1382,Low,0,1,29
4649,2016-08-17,2016-08-18,2.0,heavy rains,Himachal Pradesh,2.0,5.0,2016.0,8.0,17.0,3.0,2.0,33,Monsoon,2.0,1,362,1382,Low,0,1,29
4650,2016-08-25,2016-08-26,2.0,heavy rains & cloud burst in shimla.,Himachal Pradesh,5.0,1.0,2016.0,8.0,25.0,3.0,3.0,34,Monsoon,2.0,1,362,1382,Low,0,1,29
4651,2016-05-12,2016-05-12,1.0,heavy rain,Jammu and Kashmir,0.0,3.0,2016.0,5.0,12.0,2.0,3.0,19,Summer,1.0,1,137,479,No Fatality,0,0,33
4652,2016-06-07,2016-06-07,1.0,heavy rains,Jammu and Kashmir,2.0,0.0,2016.0,6.0,7.0,2.0,1.0,23,Monsoon,1.0,1,137,1071,Low,0,1,33
4653,2016-07-27,2016-07-27,1.0,flash flood,Jammu and Kashmir,3.0,2.0,2016.0,7.0,27.0,3.0,2.0,30,Monsoon,1.0,1,137,1709,Low,0,1,33
4654,2016-08-05,2016-08-05,1.0,heavy rains & landslide,Jammu and Kashmir,5.0,10.0,2016.0,8.0,5.0,3.0,4.0,31,Monsoon,1.0,1,137,1382,Low,0,1,33
4655,2016-08-06,2016-08-07,2.0,heavy rains & cloudburst,Jammu and Kashmir,2.0,7.0,2016.0,8.0,6.0,3.0,5.0,31,Monsoon,2.0,1,137,1382,Low,0,1,33
4656,2016-08-24,2016-08-24,1.0,flash flood in tawi river & landslide,Jammu and Kashmir,3.0,2.0,2016.0,8.0,24.0,3.0,2.0,34,Monsoon,1.0,1,137,1382,Low,0,1,33
4657,2016-07-03,2016-07-05,3.0,heavy rains ,Jharkhand,2.0,0.0,2016.0,7.0,3.0,3.0,6.0,26,Monsoon,3.0,1,31,1709,Low,0,1,36
4658,2016-08-03,2016-08-03,1.0,heavy rains ,Jharkhand,1.0,11.0,2016.0,8.0,3.0,3.0,2.0,31,Monsoon,1.0,1,31,1382,Low,0,1,36
4659,2016-08-12,2016-08-12,1.0,heavy rains ,Jharkhand,4.0,0.0,2016.0,8.0,12.0,3.0,4.0,32,Monsoon,1.0,1,31,1382,Low,0,1,36
4660,2016-09-16,2016-09-18,3.0,heavy rains ,Jharkhand,9.0,0.0,2016.0,9.0,16.0,3.0,4.0,37,Monsoon,3.0,1,31,938,Low,0,1,36
4661,2016-08-22,2016-08-23,2.0,heavy rains ,Jharkhand,0.0,0.0,2016.0,8.0,22.0,3.0,0.0,34,Monsoon,2.0,1,31,1382,No Fatality,0,1,36
4662,2016-09-09,2016-09-12,4.0,heavy rains ,Jharkhand,1.0,7.0,2016.0,9.0,9.0,3.0,4.0,36,Monsoon,4.0,1,31,938,Low,0,1,36
4663,2016-10-09,2016-10-09,1.0,heavy rains ,Jharkhand,1.0,0.0,2016.0,10.0,9.0,4.0,6.0,40,Post-Monsoon,1.0,1,31,501,Low,0,0,36
4664,2016-06-20,2016-06-20,1.0,heavy rains ,Karnataka,1.0,0.0,2016.0,6.0,20.0,2.0,0.0,25,Monsoon,1.0,1,491,1071,Low,0,1,37
4665,2016-06-22,2016-06-22,1.0,heavy rains ,Karnataka,2.0,0.0,2016.0,6.0,22.0,2.0,2.0,25,Monsoon,1.0,1,491,1071,Low,0,1,37
4666,2016-06-27,2016-06-27,1.0,heavy rains ,Karnataka,1.0,0.0,2016.0,6.0,27.0,2.0,0.0,26,Monsoon,1.0,1,491,1071,Low,0,1,37
4667,2016-07-03,2016-07-06,4.0,heavy rains ,Karnataka,0.0,0.0,2016.0,7.0,3.0,3.0,6.0,26,Monsoon,4.0,1,491,1709,No Fatality,0,1,37
4668,2016-07-11,2016-07-12,2.0,heavy rains ,Karnataka,1.0,4.0,2016.0,7.0,11.0,3.0,0.0,28,Monsoon,2.0,1,491,1709,Low,0,1,37
4669,2016-07-15,2016-07-15,1.0,heavy rains ,Karnataka,0.0,0.0,2016.0,7.0,15.0,3.0,4.0,28,Monsoon,1.0,1,491,1709,No Fatality,0,1,37
4670,2016-07-22,2016-07-22,1.0,heavy rains ,Karnataka,0.0,1.0,2016.0,7.0,22.0,3.0,4.0,29,Monsoon,1.0,1,491,1709,No Fatality,0,1,37
4671,2016-07-29,2016-07-29,1.0,heavy rains ,Karnataka,0.0,0.0,2016.0,7.0,29.0,3.0,4.0,30,Monsoon,1.0,1,491,1709,No Fatality,0,1,37
4672,2016-07-31,2016-07-31,1.0,heavy rains ,Karnataka,0.0,0.0,2016.0,7.0,31.0,3.0,6.0,30,Monsoon,1.0,1,491,1709,No Fatality,0,1,37
4673,2016-08-05,2016-08-09,5.0,heavy rains & floods in krishna river,Karnataka,0.0,1.0,2016.0,8.0,5.0,3.0,4.0,31,Monsoon,5.0,1,491,1382,No Fatality,0,1,37
4674,2016-08-18,2016-08-18,1.0,heavy rains ,Karnataka,0.0,0.0,2016.0,8.0,18.0,3.0,3.0,33,Monsoon,1.0,1,491,1382,No Fatality,0,1,37
4675,2016-09-15,2016-09-16,2.0,heavy rains ,Karnataka,0.0,2.0,2016.0,9.0,15.0,3.0,3.0,37,Monsoon,2.0,1,491,938,No Fatality,0,1,37
4676,2016-09-22,2016-09-26,5.0,heavy rains ,Karnataka,0.0,1.0,2016.0,9.0,22.0,3.0,3.0,38,Monsoon,5.0,1,491,938,No Fatality,0,1,37
4677,2016-12-13,2016-12-14,2.0,heavy rains ,Karnataka,0.0,0.0,2016.0,12.0,13.0,4.0,1.0,50,Winter,2.0,1,491,71,No Fatality,0,0,37
4678,2016-04-14,2016-04-14,1.0,heavy rains ,Kerala,2.0,0.0,2016.0,4.0,14.0,2.0,3.0,15,Summer,1.0,1,604,171,Low,0,0,39
4679,2016-05-31,2016-05-31,1.0,heavy rains ,Kerala,1.0,0.0,2016.0,5.0,31.0,2.0,1.0,22,Summer,1.0,1,604,479,Low,0,0,39
4680,2016-06-07,2016-06-09,3.0,"heavy rains, flood & landslides",Kerala,2.0,2.0,2016.0,6.0,7.0,2.0,1.0,23,Monsoon,3.0,1,604,1071,Low,0,1,39
4681,2016-06-10,2016-06-13,4.0,heavy rain,Kerala,2.0,3.0,2016.0,6.0,10.0,2.0,4.0,23,Monsoon,4.0,1,604,1071,Low,0,1,39
4682,2016-06-16,2016-06-19,4.0,heavy rain,Kerala,0.0,0.0,2016.0,6.0,16.0,2.0,3.0,24,Monsoon,4.0,1,604,1071,No Fatality,0,1,39
4683,2016-06-26,2016-06-29,4.0,heavy rain,Kerala,0.0,0.0,2016.0,6.0,26.0,2.0,6.0,25,Monsoon,4.0,1,604,1071,No Fatality,0,1,39
4684,2016-07-02,2016-07-02,1.0,heavy rain,Kerala,0.0,0.0,2016.0,7.0,2.0,3.0,5.0,26,Monsoon,1.0,1,604,1709,No Fatality,0,1,39
4685,2016-07-10,2016-07-15,6.0,heavy rain,Kerala,1.0,1.0,2016.0,7.0,10.0,3.0,6.0,27,Monsoon,6.0,1,604,1709,Low,0,1,39
4686,2016-09-18,2016-09-18,1.0,heavy rain,Kerala,6.0,0.0,2016.0,9.0,18.0,3.0,6.0,37,Monsoon,1.0,1,604,938,Low,0,1,39
4687,2016-06-30,2016-06-30,1.0,floods & heavy rains,Madhya Pradesh,0.0,1.0,2016.0,6.0,30.0,2.0,3.0,26,Monsoon,1.0,1,238,1071,No Fatality,0,1,43
4688,2016-07-06,2016-07-06,1.0,floods & heavy rains,Madhya Pradesh,6.0,0.0,2016.0,7.0,6.0,3.0,2.0,27,Monsoon,1.0,1,238,1709,Low,0,1,43
4689,2016-07-07,2016-07-07,1.0,flood in tamas river,Madhya Pradesh,3.0,0.0,2016.0,7.0,7.0,3.0,3.0,27,Monsoon,1.0,1,238,1709,Low,0,1,43
4690,2016-07-08,2016-07-10,3.0,floods & heavy rains,Madhya Pradesh,11.0,0.0,2016.0,7.0,8.0,3.0,4.0,27,Monsoon,3.0,1,238,1709,Medium,1,1,43
4691,2016-08-02,2016-08-02,1.0,heavy rains,Madhya Pradesh,4.0,0.0,2016.0,8.0,2.0,3.0,1.0,31,Monsoon,1.0,1,238,1382,Low,0,1,43
4692,2016-08-19,2016-08-20,2.0,floods & heavy rains,Madhya Pradesh,23.0,0.0,2016.0,8.0,19.0,3.0,4.0,33,Monsoon,2.0,1,238,1382,Medium,1,1,43
4693,2016-05-21,2016-05-21,1.0,heavy rains,Maharashtra,2.0,1.0,2016.0,5.0,21.0,2.0,5.0,20,Summer,1.0,1,1011,479,Low,0,0,47
4694,2016-06-06,2016-06-06,1.0,heavy rains,Maharashtra,2.0,0.0,2016.0,6.0,6.0,2.0,0.0,23,Monsoon,1.0,1,1011,1071,Low,0,1,47
4695,2016-06-20,2016-06-20,1.0,heavy rains,Maharashtra,1.0,0.0,2016.0,6.0,20.0,2.0,0.0,25,Monsoon,1.0,1,1011,1071,Low,0,1,47
4696,2016-06-25,2016-06-25,1.0,heavy rains,Maharashtra,2.0,0.0,2016.0,6.0,25.0,2.0,5.0,25,Monsoon,1.0,1,1011,1071,Low,0,1,47
4697,2016-07-01,2016-07-03,3.0,heavy rains,Maharashtra,11.0,0.0,2016.0,7.0,1.0,3.0,4.0,26,Monsoon,3.0,1,1011,1709,Medium,1,1,47
4698,2016-07-08,2016-07-10,3.0,"heavy rains & flood in narmada, tapi wainganga",Maharashtra,9.0,2.0,2016.0,7.0,8.0,3.0,4.0,27,Monsoon,3.0,1,1011,1709,Low,0,1,47
4699,2016-07-11,2016-07-12,2.0,heavy rains,Maharashtra,1.0,0.0,2016.0,7.0,11.0,3.0,0.0,28,Monsoon,2.0,1,1011,1709,Low,0,1,47
4700,2016-07-12,2016-07-12,1.0,heavy rains,Maharashtra,2.0,0.0,2016.0,7.0,12.0,3.0,1.0,28,Monsoon,1.0,1,1011,1709,Low,0,1,47
4701,2016-07-28,2016-07-28,1.0,heavy rains,Maharashtra,2.0,0.0,2016.0,7.0,28.0,3.0,3.0,30,Monsoon,1.0,1,1011,1709,Low,0,1,47
4702,2016-07-30,2016-07-31,2.0,heavy rains,Maharashtra,1.0,4.0,2016.0,7.0,30.0,3.0,5.0,30,Monsoon,2.0,1,1011,1709,Low,0,1,47
4703,2016-08-01,2016-08-01,1.0,heavy rains,Maharashtra,9.0,10.0,2016.0,8.0,1.0,3.0,0.0,31,Monsoon,1.0,1,1011,1382,Low,0,1,47
4704,2016-08-02,2016-08-02,1.0,flood in godavari,Maharashtra,0.0,5.0,2016.0,8.0,2.0,3.0,1.0,31,Monsoon,1.0,1,1011,1382,No Fatality,0,1,47
4705,2016-08-03,2016-08-03,1.0,flood in savitri river,Maharashtra,0.0,41.0,2016.0,8.0,3.0,3.0,2.0,31,Monsoon,1.0,1,1011,1382,No Fatality,0,1,47
4706,2016-09-24,2016-09-26,3.0,heavy rain & flash flood,Maharashtra,2.0,0.0,2016.0,9.0,24.0,3.0,5.0,38,Monsoon,3.0,1,1011,938,Low,0,1,47
4707,2016-10-02,2016-10-04,3.0,heavy rain & flash flood,Maharashtra,0.0,5.0,2016.0,10.0,2.0,4.0,6.0,39,Post-Monsoon,3.0,1,1011,501,No Fatality,0,0,47
4708,2016-05-23,2016-05-23,1.0,landslide,Mizoram,3.0,1.0,2016.0,5.0,23.0,2.0,0.0,21,Summer,1.0,1,27,479,Low,0,0,52
4709,2016-09-18,2016-09-18,1.0,landslip,Mizoram,5.0,0.0,2016.0,9.0,18.0,3.0,6.0,37,Monsoon,1.0,1,27,938,Low,0,1,52
4710,2016-08-03,2016-08-08,6.0,heavy rains,Odisha,2.0,0.0,2016.0,8.0,3.0,3.0,2.0,31,Monsoon,6.0,1,144,1382,Low,0,1,55
4711,2016-07-11,2016-07-11,1.0,heavy rains,Rajasthan,0.0,2.0,2016.0,7.0,11.0,3.0,0.0,28,Monsoon,1.0,1,259,1709,No Fatality,0,1,62
4712,2016-07-15,2016-07-15,1.0,heavy rains,Rajasthan,0.0,1.0,2016.0,7.0,15.0,3.0,4.0,28,Monsoon,1.0,1,259,1709,No Fatality,0,1,62
4713,2016-07-28,2016-07-28,1.0,heavy rains,Rajasthan,0.0,1.0,2016.0,7.0,28.0,3.0,3.0,30,Monsoon,1.0,1,259,1709,No Fatality,0,1,62
4714,2016-08-09,2016-08-13,5.0,heavy rains,Rajasthan,0.0,14.0,2016.0,8.0,9.0,3.0,1.0,32,Monsoon,5.0,1,259,1382,No Fatality,0,1,62
4715,2016-08-06,2016-08-20,15.0,heavy rains,Rajasthan,11.0,0.0,2016.0,8.0,6.0,3.0,5.0,31,Monsoon,15.0,1,259,1382,Medium,1,1,62
4716,2016-11-22,2016-11-30,9.0,heavy rains,Rajasthan,0.0,6.0,2016.0,11.0,22.0,4.0,1.0,47,Post-Monsoon,9.0,1,259,194,No Fatality,0,0,62
4717,2016-06-11,2016-06-13,3.0,"flood(kuzhithurai ,sitraru rivers)",Tamil Nadu,3.0,0.0,2016.0,6.0,11.0,2.0,5.0,23,Monsoon,3.0,1,188,1071,Low,0,1,66
4718,2016-07-26,2016-07-26,1.0,heavy rains,Tamil Nadu,2.0,0.0,2016.0,7.0,26.0,3.0,1.0,30,Monsoon,1.0,1,188,1709,Low,0,1,66
4719,2016-03-02,2016-03-02,1.0,heavy rains,Telangana,0.0,0.0,2016.0,3.0,2.0,1.0,2.0,9,Summer,1.0,1,148,166,No Fatality,0,0,67
4720,2016-08-31,2016-08-31,1.0,heavy rains,Telangana,0.0,0.0,2016.0,8.0,31.0,3.0,2.0,35,Monsoon,1.0,1,148,1382,No Fatality,0,1,67
4721,2016-09-01,2016-09-30,30.0,heavy rains & floods,Telangana,49.0,9.0,2016.0,9.0,1.0,3.0,3.0,35,Monsoon,30.0,1,148,938,Medium,1,1,67
4722,2016-05-18,2016-05-18,1.0,heavy rains,Tripura,0.0,0.0,2016.0,5.0,18.0,2.0,2.0,20,Summer,1.0,1,47,479,No Fatality,0,0,68
4723,2016-03-12,2016-03-12,1.0,heavy rains,Uttar Pradesh,5.0,0.0,2016.0,3.0,12.0,1.0,5.0,10,Summer,1.0,1,448,166,Low,0,0,69
4724,2016-07-01,2016-07-03,3.0,heavy rains,Uttar Pradesh,26.0,0.0,2016.0,7.0,1.0,3.0,4.0,26,Monsoon,3.0,1,448,1709,Medium,1,1,69
4725,2016-07-18,2016-07-18,1.0,heavy rains,Uttar Pradesh,10.0,0.0,2016.0,7.0,18.0,3.0,0.0,29,Monsoon,1.0,1,448,1709,Low,0,1,69
4726,2016-07-30,2016-07-30,1.0,heavy rains,Uttar Pradesh,3.0,0.0,2016.0,7.0,30.0,3.0,5.0,30,Monsoon,1.0,1,448,1709,Low,0,1,69
4727,2016-08-16,2016-08-16,1.0,heavy rains,Uttar Pradesh,8.0,0.0,2016.0,8.0,16.0,3.0,1.0,33,Monsoon,1.0,1,448,1382,Low,0,1,69
4728,2016-05-08,2016-05-08,1.0,landslide,Uttarakhand,0.0,0.0,2016.0,5.0,8.0,2.0,6.0,18,Summer,1.0,1,107,479,No Fatality,0,0,78
4729,2016-05-22,2016-05-22,1.0,landslide,Uttarakhand,10.0,5.0,2016.0,5.0,22.0,2.0,6.0,20,Summer,1.0,1,107,479,Low,0,0,78
4730,2016-05-28,2016-05-28,1.0,cloud burst,Uttarakhand,5.0,0.0,2016.0,5.0,28.0,2.0,5.0,21,Summer,1.0,1,107,479,Low,0,0,78
4731,2016-07-03,2016-07-03,1.0,cloud burst,Uttarakhand,20.0,12.0,2016.0,7.0,3.0,3.0,6.0,26,Monsoon,1.0,1,107,1709,Medium,1,1,78
4732,2016-07-16,2016-07-17,2.0,heavy rains & heavy rains &,Uttarakhand,15.0,0.0,2016.0,7.0,16.0,3.0,5.0,28,Monsoon,2.0,1,107,1709,Medium,1,1,78
4733,2016-07-21,2016-07-23,3.0,landslide,Uttarakhand,11.0,0.0,2016.0,7.0,21.0,3.0,3.0,29,Monsoon,3.0,1,107,1709,Medium,1,1,78
4734,2016-07-20,2016-07-20,1.0,heavy rains & landslides,West Bengal,3.0,0.0,2016.0,7.0,20.0,3.0,2.0,29,Monsoon,1.0,1,330,1709,Low,0,1,79
4735,2016-07-24,2016-07-25,2.0,flood,West Bengal,4.0,0.0,2016.0,7.0,24.0,3.0,6.0,29,Monsoon,2.0,1,330,1709,Low,0,1,79
4736,2016-08-17,2016-08-17,1.0,heavy rains,West Bengal,3.0,15.0,2016.0,8.0,17.0,3.0,2.0,33,Monsoon,1.0,1,330,1382,Low,0,1,79
4737,2016-08-23,2016-08-29,7.0,heavy rains & flood in mahananda river,West Bengal,5.0,1.0,2016.0,8.0,23.0,3.0,1.0,34,Monsoon,7.0,1,330,1382,Low,0,1,79
4738,2017-07-11,2017-07-11,1.0,Landslide,Andhra Pradesh,15.0,0.0,2017.0,7.0,11.0,3.0,1.0,28,Monsoon,1.0,1,150,1709,Medium,1,1,1
4739,2017-02-22,2017-02-22,1.0,Heavy,Assam,3.0,24.0,2017.0,2.0,22.0,1.0,2.0,8,Winter,1.0,1,908,66,Low,0,0,5
4740,2017-03-31,2017-03-31,1.0,Heavy Rain,Assam,1.0,0.0,2017.0,3.0,31.0,1.0,4.0,13,Summer,1.0,1,908,166,Low,0,0,5
4741,2017-01-04,2017-02-04,2.0,"Flood (Brahmaputra,tributaries)",Assam,0.0,0.0,2017.0,1.0,4.0,1.0,2.0,1,Winter,32.0,1,908,108,No Fatality,0,0,5
4742,2017-06-13,2017-06-15,3.0,"Flood (Brahmaputra,tributaries)",Assam,3.0,0.0,2017.0,6.0,13.0,2.0,1.0,24,Monsoon,3.0,1,908,1071,Low,0,1,5
4743,2017-06-18,2017-06-20,3.0,"Flood (Brahmaputra,tributaries)",Assam,1.0,0.0,2017.0,6.0,18.0,2.0,6.0,24,Monsoon,3.0,1,908,1071,Low,0,1,5
4744,2017-06-26,2017-06-28,3.0,"Flood (Brahmaputra,tributaries)",Assam,0.0,0.0,2017.0,6.0,26.0,2.0,0.0,26,Monsoon,3.0,1,908,1071,No Fatality,0,1,5
4745,2017-01-07,2017-07-07,7.0,"Flood (Brahmaputra,tributaries)",Assam,14.0,0.0,2017.0,1.0,7.0,1.0,5.0,1,Winter,182.0,1,908,108,Medium,1,0,5
4746,2017-09-07,2017-07-13,5.0,"Flood (Brahmaputra,tributaries)",Assam,24.0,0.0,2017.0,9.0,7.0,3.0,3.0,36,Monsoon,-55.0,1,908,938,Medium,1,1,5
4747,2017-07-15,2017-07-24,10.0,"Flood (Brahmaputra,tributaries)",Assam,27.0,0.0,2017.0,7.0,15.0,3.0,5.0,28,Monsoon,10.0,1,908,1709,Medium,1,1,5
4748,2017-10-08,2017-08-21,12.0,"Flood (Brahmaputra,tributaries)",Assam,72.0,0.0,2017.0,10.0,8.0,4.0,6.0,40,Post-Monsoon,-47.0,1,908,501,High,1,0,5
4749,2017-07-09,2017-11-09,5.0,"Flood (Brahmaputra,tributaries)",Assam,2.0,0.0,2017.0,7.0,9.0,3.0,6.0,27,Monsoon,124.0,1,908,1709,Low,0,1,5
4750,2017-09-05,2017-09-05,1.0,Heavy Rain,Bihar,15.0,0.0,2017.0,9.0,5.0,3.0,1.0,36,Monsoon,1.0,1,149,938,Medium,1,1,9
4751,2017-01-07,2017-02-07,2.0,Floods in Tilyuga & Koshi river due to heavy rain in hilly & Tarai areas of Nepal.,Bihar,0.0,0.0,2017.0,1.0,7.0,1.0,5.0,1,Winter,32.0,1,149,108,No Fatality,0,0,9
4752,2017-05-07,2017-05-07,1.0,Floods in Koshi & Bagmati river due to heavy rain in Nepal,Bihar,0.0,0.0,2017.0,5.0,7.0,2.0,6.0,18,Summer,1.0,1,149,479,No Fatality,0,0,9
4753,2017-11-07,2017-07-13,3.0,"Floods in Koshi, Bagmati, Mahananda & Gandak river due to heavy rain in Nepal",Bihar,4.0,0.0,2017.0,11.0,7.0,4.0,1.0,45,Post-Monsoon,-116.0,1,149,194,Low,0,0,9
4754,2017-08-13,2017-08-15,3.0,Heavy rains & Floods,Bihar,74.0,0.0,2017.0,8.0,13.0,3.0,6.0,32,Monsoon,3.0,1,149,1382,High,1,1,9
4755,2017-08-25,2017-08-25,1.0,Floods due to heavy rains in Nepal,Bihar,12.0,0.0,2017.0,8.0,25.0,3.0,4.0,34,Monsoon,1.0,1,149,1382,Medium,1,1,9
4756,2017-11-07,2017-11-07,1.0,Heavy Rains            ,Chhattisgarh,3.0,0.0,2017.0,11.0,7.0,4.0,1.0,45,Post-Monsoon,1.0,1,52,194,Low,0,0,17
4757,2017-07-29,2017-07-29,1.0,Heavy Rains,Chhattisgarh,24.0,0.0,2017.0,7.0,29.0,3.0,5.0,30,Monsoon,1.0,1,52,1709,Medium,1,1,17
4758,2017-01-06,2017-09-30,122.0,Heavy rains & Floods,Gujarat,288.0,25.0,2017.0,1.0,6.0,1.0,4.0,1,Winter,268.0,1,168,108,High,1,0,26
4759,2017-06-06,2017-06-06,1.0,Heavy Rains,Himachal Pradesh,8.0,0.0,2017.0,6.0,6.0,2.0,1.0,23,Monsoon,1.0,1,362,1071,Low,0,1,29
4760,2017-06-21,2017-06-21,1.0,Heavy Rains,Himachal Pradesh,2.0,0.0,2017.0,6.0,21.0,2.0,2.0,25,Monsoon,1.0,1,362,1071,Low,0,1,29
4761,2017-06-27,2017-06-27,1.0,Cloud Burst & Heavy rains,Himachal Pradesh,0.0,0.0,2017.0,6.0,27.0,2.0,1.0,26,Monsoon,1.0,1,362,1071,No Fatality,0,1,29
4762,2017-12-07,2017-12-07,1.0,Heavy Rains,Himachal Pradesh,1.0,0.0,2017.0,12.0,7.0,4.0,3.0,49,Winter,1.0,1,362,71,Low,0,0,29
4763,2017-07-16,2017-07-16,1.0,Cloud Burst & Heavy rains,Himachal Pradesh,3.0,0.0,2017.0,7.0,16.0,3.0,6.0,28,Monsoon,1.0,1,362,1709,Low,0,1,29
4764,2017-07-17,2017-07-18,2.0,Heavy rains & landslide,Himachal Pradesh,2.0,0.0,2017.0,7.0,17.0,3.0,0.0,29,Monsoon,2.0,1,362,1709,Low,0,1,29
4765,2017-05-08,2017-05-08,1.0,Heavy rains & landslide,Himachal Pradesh,1.0,0.0,2017.0,5.0,8.0,2.0,0.0,19,Summer,1.0,1,362,479,Low,0,0,29
4766,2018-06-08,2017-07-08,2.0,Heavy rains & landslide,Himachal Pradesh,3.0,0.0,2018.0,6.0,8.0,2.0,4.0,23,Monsoon,-334.0,1,362,1071,Low,0,1,29
4767,2017-08-08,2017-09-08,2.0,Heavy rains & landslide,Himachal Pradesh,0.0,0.0,2017.0,8.0,8.0,3.0,1.0,32,Monsoon,32.0,1,362,1382,No Fatality,0,1,29
4768,2017-08-13,2017-08-14,2.0,Heavy rains & Massive landslide,Himachal Pradesh,46.0,0.0,2017.0,8.0,13.0,3.0,6.0,32,Monsoon,2.0,1,362,1382,Medium,1,1,29
4769,2017-08-18,2017-08-20,3.0,Heavy Rain,Himachal Pradesh,1.0,0.0,2017.0,8.0,18.0,3.0,4.0,33,Monsoon,3.0,1,362,1382,Low,0,1,29
4770,2017-04-22,2017-04-22,1.0,Landslide,Jammu & Kashmir,2.0,2.0,2017.0,4.0,22.0,2.0,5.0,16,Summer,1.0,1,109,171,Low,0,0,32
4771,2017-06-21,2017-06-21,1.0,Heavy Rains & Flash flood,Jammu & Kashmir,0.0,0.0,2017.0,6.0,21.0,2.0,2.0,25,Monsoon,1.0,1,109,1071,No Fatality,0,1,32
4772,2017-07-17,2017-07-17,1.0,Flash Floods,Jammu & Kashmir,2.0,0.0,2017.0,7.0,17.0,3.0,0.0,29,Monsoon,1.0,1,109,1709,Low,0,1,32
4773,2017-07-18,2017-07-18,1.0,Flash flood caused by Cloud Burst,Jammu & Kashmir,0.0,0.0,2017.0,7.0,18.0,3.0,1.0,29,Monsoon,1.0,1,109,1709,No Fatality,0,1,32
4774,2017-07-20,2017-07-20,1.0,Flash flood & Cloud Burst,Jammu & Kashmir,8.0,11.0,2017.0,7.0,20.0,3.0,3.0,29,Monsoon,1.0,1,109,1709,Low,0,1,32
4775,2017-02-08,2017-02-08,1.0,Heavy Rains,Jammu & Kashmir,0.0,0.0,2017.0,2.0,8.0,1.0,2.0,6,Winter,1.0,1,109,66,No Fatality,0,0,32
4776,2017-10-09,2017-10-09,1.0,Flash flood caused by Cloud Burst,Jammu & Kashmir,1.0,0.0,2017.0,10.0,9.0,4.0,0.0,41,Post-Monsoon,1.0,1,109,501,Low,0,0,32
4777,2017-10-05,2017-10-05,1.0,Heavy Rains,Karnataka,0.0,0.0,2017.0,10.0,5.0,4.0,3.0,40,Post-Monsoon,1.0,1,491,501,No Fatality,0,0,37
4778,2017-05-18,2017-05-18,1.0,Heavy Rains,Karnataka,0.0,3.0,2017.0,5.0,18.0,2.0,3.0,20,Summer,1.0,1,491,479,No Fatality,0,0,37
4779,2017-05-24,2017-05-24,1.0,Heavy Rains,Karnataka,3.0,0.0,2017.0,5.0,24.0,2.0,2.0,21,Summer,1.0,1,491,479,Low,0,0,37
4780,2017-05-27,2017-05-27,1.0,Heavy Rains,Karnataka,1.0,0.0,2017.0,5.0,27.0,2.0,5.0,21,Summer,1.0,1,491,479,Low,0,0,37
4781,2017-07-06,2017-07-06,1.0,Heavy rains & Floods,Karnataka,1.0,0.0,2017.0,7.0,6.0,3.0,3.0,27,Monsoon,1.0,1,491,1709,Low,0,1,37
4782,2017-11-06,2017-12-06,2.0,Heavy Rains,Karnataka,1.0,0.0,2017.0,11.0,6.0,4.0,0.0,45,Post-Monsoon,31.0,1,491,194,Low,0,0,37
4783,2017-06-17,2017-06-17,1.0,Heavy Rains,Karnataka,0.0,0.0,2017.0,6.0,17.0,2.0,5.0,24,Monsoon,1.0,1,491,1071,No Fatality,0,1,37
4784,2017-06-21,2017-06-27,7.0,Heavy Rains,Karnataka,1.0,5.0,2017.0,6.0,21.0,2.0,2.0,25,Monsoon,7.0,1,491,1071,Low,0,1,37
4785,2017-07-19,2017-07-19,1.0,Heavy Rains,Karnataka,1.0,0.0,2017.0,7.0,19.0,3.0,2.0,29,Monsoon,1.0,1,491,1709,Low,0,1,37
4786,2017-07-21,2017-07-21,1.0,Heavy Rains,Karnataka,1.0,0.0,2017.0,7.0,21.0,3.0,4.0,29,Monsoon,1.0,1,491,1709,Low,0,1,37
4787,2017-10-08,2017-11-08,2.0,Heavy Rains,Karnataka,2.0,0.0,2017.0,10.0,8.0,4.0,6.0,40,Post-Monsoon,32.0,1,491,501,Low,0,0,37
4788,2017-08-14,2017-08-15,2.0,Heavy Rains,Karnataka,2.0,0.0,2017.0,8.0,14.0,3.0,0.0,33,Monsoon,2.0,1,491,1382,Low,0,1,37
4789,2017-08-17,2017-08-17,1.0,Heavy Rains,Karnataka,0.0,0.0,2017.0,8.0,17.0,3.0,3.0,33,Monsoon,1.0,1,491,1382,No Fatality,0,1,37
4790,2017-08-26,2017-08-27,2.0,Heavy Rains,Karnataka,2.0,0.0,2017.0,8.0,26.0,3.0,5.0,34,Monsoon,2.0,1,491,1382,Low,0,1,37
4791,2017-08-28,2017-08-28,1.0,Heavy Rains,Karnataka,3.0,0.0,2017.0,8.0,28.0,3.0,0.0,35,Monsoon,1.0,1,491,1382,Low,0,1,37
4792,2017-08-29,2017-08-30,2.0,Heavy Rains,Karnataka,0.0,0.0,2017.0,8.0,29.0,3.0,1.0,35,Monsoon,2.0,1,491,1382,No Fatality,0,1,37
4793,2017-05-09,2017-06-09,2.0,Heavy Rains,Karnataka,5.0,0.0,2017.0,5.0,9.0,2.0,1.0,19,Summer,32.0,1,491,479,Low,0,0,37
4794,2017-08-09,2017-10-09,3.0,Heavy Rains,Karnataka,12.0,2.0,2017.0,8.0,9.0,3.0,2.0,32,Monsoon,62.0,1,491,1382,Medium,1,1,37
4795,2017-09-13,2017-09-15,3.0,Heavy Rains,Karnataka,5.0,9.0,2017.0,9.0,13.0,3.0,2.0,37,Monsoon,3.0,1,491,938,Low,0,1,37
4796,2017-09-17,2017-09-17,1.0,Heavy Rains,Karnataka,1.0,0.0,2017.0,9.0,17.0,3.0,6.0,37,Monsoon,1.0,1,491,938,Low,0,1,37
4797,2017-09-26,2017-09-28,3.0,Heavy Rains,Karnataka,4.0,0.0,2017.0,9.0,26.0,3.0,1.0,39,Monsoon,3.0,1,491,938,Low,0,1,37
4798,2017-09-29,2017-09-30,2.0,Heavy Rains,Karnataka,2.0,0.0,2017.0,9.0,29.0,3.0,4.0,39,Monsoon,2.0,1,491,938,Low,0,1,37
4799,2017-05-10,2017-08-10,4.0,Heavy Rains            ,Karnataka,0.0,0.0,2017.0,5.0,10.0,2.0,2.0,19,Summer,93.0,1,491,479,No Fatality,0,0,37
4800,2017-10-13,2017-10-15,3.0,Heavy Rains,Karnataka,10.0,2.0,2017.0,10.0,13.0,4.0,4.0,41,Post-Monsoon,3.0,1,491,501,Low,0,0,37
4801,2017-01-12,2017-01-12,1.0,Heavy Rains,Karnataka,0.0,0.0,2017.0,1.0,12.0,1.0,3.0,2,Winter,1.0,1,491,108,No Fatality,0,0,37
4802,2017-03-15,2017-03-16,2.0,Heavy Rains,Kerala,0.0,0.0,2017.0,3.0,15.0,1.0,2.0,11,Summer,2.0,1,604,166,No Fatality,0,0,39
4803,2017-03-06,2017-03-06,1.0,Heavy Rains,Kerala,0.0,0.0,2017.0,3.0,6.0,1.0,0.0,10,Summer,1.0,1,604,166,No Fatality,0,0,39
4804,2017-05-06,2017-05-06,1.0,Landslide,Kerala,0.0,1.0,2017.0,5.0,6.0,2.0,5.0,18,Summer,1.0,1,604,479,No Fatality,0,0,39
4805,2017-04-08,2017-04-08,1.0,Heavy Rains,Kerala,1.0,0.0,2017.0,4.0,8.0,2.0,5.0,14,Summer,1.0,1,604,171,Low,0,0,39
4806,2017-06-08,2017-06-08,2.0,Heavy Rains,Kerala,2.0,0.0,2017.0,6.0,8.0,2.0,3.0,23,Monsoon,1.0,1,604,1071,Low,0,1,39
4807,2017-08-28,2017-08-28,1.0,Heavy Rains,Kerala,0.0,0.0,2017.0,8.0,28.0,3.0,0.0,35,Monsoon,1.0,1,604,1382,No Fatality,0,1,39
4808,2017-05-09,2017-07-09,3.0,Heavy Rains,Kerala,0.0,0.0,2017.0,5.0,9.0,2.0,1.0,19,Summer,62.0,1,604,479,No Fatality,0,0,39
4809,2017-08-09,2017-10-09,3.0,Heavy Rains,Kerala,6.0,0.0,2017.0,8.0,9.0,3.0,2.0,32,Monsoon,62.0,1,604,1382,Low,0,1,39
4810,2017-09-17,2017-09-17,1.0,Heavy rains & landslide,Kerala,4.0,0.0,2017.0,9.0,17.0,3.0,6.0,37,Monsoon,1.0,1,604,938,Low,0,1,39
4811,2017-09-18,2017-09-19,2.0,Heavy rains & landslide,Kerala,5.0,2.0,2017.0,9.0,18.0,3.0,0.0,38,Monsoon,2.0,1,604,938,Low,0,1,39
4812,2017-10-22,2017-10-22,1.0,Heavy Rains,Kerala,0.0,1.0,2017.0,10.0,22.0,4.0,6.0,42,Post-Monsoon,1.0,1,604,501,No Fatality,0,0,39
4813,2017-02-11,2017-03-11,2.0,Heavy Rains,Kerala,0.0,0.0,2017.0,2.0,11.0,1.0,5.0,6,Winter,29.0,1,604,66,No Fatality,0,0,39
4814,2017-05-11,2017-06-11,2.0,Heavy Rains,Kerala,0.0,0.0,2017.0,5.0,11.0,2.0,3.0,19,Summer,32.0,1,604,479,No Fatality,0,0,39
4815,2017-03-05,2017-03-05,1.0,Heavy Rains,Maharashtra,1.0,3.0,2017.0,3.0,5.0,1.0,6.0,9,Summer,1.0,1,1011,166,Low,0,0,47
4816,2017-06-24,2017-06-24,1.0,Heavy Rains,Maharashtra,2.0,2.0,2017.0,6.0,24.0,2.0,5.0,25,Monsoon,1.0,1,1011,1071,Low,0,1,47
4817,2017-06-26,2017-06-26,1.0,Heavy Rains,Maharashtra,0.0,2.0,2017.0,6.0,26.0,2.0,0.0,26,Monsoon,1.0,1,1011,1071,No Fatality,0,1,47
4818,2017-07-16,2017-07-16,1.0,Heavy Rains,Maharashtra,1.0,0.0,2017.0,7.0,16.0,3.0,6.0,28,Monsoon,1.0,1,1011,1709,Low,0,1,47
4819,2017-07-17,2017-07-17,1.0,Flood in Bhav river,Maharashtra,1.0,0.0,2017.0,7.0,17.0,3.0,0.0,29,Monsoon,1.0,1,1011,1709,Low,0,1,47
4820,2017-07-18,2017-07-18,1.0,Heavy rains & Floods,Maharashtra,1.0,0.0,2017.0,7.0,18.0,3.0,1.0,29,Monsoon,1.0,1,1011,1709,Low,0,1,47
4821,2017-07-19,2017-07-19,1.0,Heavy Rains,Maharashtra,1.0,0.0,2017.0,7.0,19.0,3.0,2.0,29,Monsoon,1.0,1,1011,1709,Low,0,1,47
4822,2017-09-08,2017-10-08,2.0,Heavy Rains,Maharashtra,0.0,0.0,2017.0,9.0,8.0,3.0,4.0,36,Monsoon,31.0,1,1011,938,No Fatality,0,1,47
4823,2017-08-20,2017-08-20,1.0,Heavy Rains,Maharashtra,5.0,0.0,2017.0,8.0,20.0,3.0,6.0,33,Monsoon,1.0,1,1011,1382,Low,0,1,47
4824,2017-08-21,2017-08-21,1.0,Landslide,Maharashtra,3.0,0.0,2017.0,8.0,21.0,3.0,0.0,34,Monsoon,1.0,1,1011,1382,Low,0,1,47
4825,2017-08-29,2017-08-29,1.0,Heavy Rains,Maharashtra,2.0,0.0,2017.0,8.0,29.0,3.0,1.0,35,Monsoon,1.0,1,1011,1382,Low,0,1,47
4826,2017-08-30,2017-08-30,1.0,Heavy Rains,Maharashtra,15.0,0.0,2017.0,8.0,30.0,3.0,2.0,35,Monsoon,1.0,1,1011,1382,Medium,1,1,47
4827,2017-05-29,2017-05-31,3.0,Heavy rains & Floods,Manipur,2.0,0.0,2017.0,5.0,29.0,2.0,0.0,22,Summer,3.0,1,20,479,Low,0,0,50
4828,2017-06-17,2017-06-17,1.0,Heavy rains & landslide,Meghalaya,5.0,0.0,2017.0,6.0,17.0,2.0,5.0,24,Monsoon,1.0,1,57,1071,Low,0,1,51
4829,2017-08-26,2017-08-26,1.0,Landslide,Mizoram,0.0,0.0,2017.0,8.0,26.0,3.0,5.0,34,Monsoon,1.0,1,27,1382,No Fatality,0,1,52
4830,2017-02-06,2017-02-06,1.0,Heavy rains & Flood in Tizu river,Nagaland,2.0,2.0,2017.0,2.0,6.0,1.0,0.0,6,Winter,1.0,1,18,66,Low,0,0,53
4831,2017-07-15,2017-07-19,5.0,Heavy Rains,Odisha,3.0,0.0,2017.0,7.0,15.0,3.0,5.0,28,Monsoon,5.0,1,144,1709,Low,0,1,55
4832,2017-02-08,2017-02-08,1.0,Heavy Rains/Floods,Odisha,1.0,0.0,2017.0,2.0,8.0,1.0,2.0,6,Winter,1.0,1,144,66,Low,0,0,55
4833,2017-05-23,2017-05-23,1.0,Heavy Rains,Rajasthan,1.0,0.0,2017.0,5.0,23.0,2.0,1.0,21,Summer,1.0,1,259,479,Low,0,0,62
4834,2017-01-07,2017-01-07,1.0,Heavy Rains,Rajasthan,1.0,0.0,2017.0,1.0,7.0,1.0,5.0,1,Winter,1.0,1,259,108,Low,0,0,62
4835,2017-07-14,2017-07-14,1.0,Heavy Rains,Rajasthan,1.0,0.0,2017.0,7.0,14.0,3.0,4.0,28,Monsoon,1.0,1,259,1709,Low,0,1,62
4836,2017-07-24,2017-07-28,5.0,Heavy Rains,Rajasthan,17.0,0.0,2017.0,7.0,24.0,3.0,0.0,30,Monsoon,5.0,1,259,1709,Medium,1,1,62
4837,2017-07-30,2017-07-30,1.0,Heavy Rains,Rajasthan,3.0,0.0,2017.0,7.0,30.0,3.0,6.0,30,Monsoon,1.0,1,259,1709,Low,0,1,62
4838,2017-08-08,2017-08-08,1.0,Heavy Rains,Rajasthan,8.0,0.0,2017.0,8.0,8.0,3.0,1.0,32,Monsoon,1.0,1,259,1382,Low,0,1,62
4839,2017-12-09,2017-12-09,1.0,Heavy Rains,Rajasthan,2.0,0.0,2017.0,12.0,9.0,4.0,5.0,49,Winter,1.0,1,259,71,Low,0,0,62
4840,2017-09-20,2017-09-20,1.0,Heavy Rains,Sikkim,3.0,2.0,2017.0,9.0,20.0,3.0,2.0,38,Monsoon,1.0,1,64,938,Low,0,1,65
4841,2017-05-28,2017-05-28,1.0,Heavy Rains,Tamil Nadu,0.0,0.0,2017.0,5.0,28.0,2.0,6.0,21,Summer,1.0,1,188,479,No Fatality,0,0,66
4842,2017-01-09,2017-01-09,1.0,Heavy Rains,Tamil Nadu,0.0,0.0,2017.0,1.0,9.0,1.0,0.0,2,Winter,1.0,1,188,108,No Fatality,0,0,66
4843,2017-06-09,2017-06-09,1.0,Floods & Heavy Rains,Tamil Nadu,3.0,1.0,2017.0,6.0,9.0,2.0,4.0,23,Monsoon,1.0,1,188,1071,Low,0,1,66
4844,2017-04-10,2017-05-10,2.0,Heavy Rains,Tamil Nadu,5.0,0.0,2017.0,4.0,10.0,2.0,0.0,15,Summer,31.0,1,188,171,Low,0,0,66
4845,2017-12-10,2017-12-10,1.0,Heavy rains & Flood in Palar river,Tamil Nadu,2.0,0.0,2017.0,12.0,10.0,4.0,6.0,49,Winter,1.0,1,188,71,Low,0,0,66
4846,2017-02-11,2017-04-11,3.0,Heavy Rains,Tamil Nadu,10.0,0.0,2017.0,2.0,11.0,1.0,5.0,6,Winter,60.0,1,188,66,Low,0,0,66
4847,2017-03-17,2017-03-17,1.0,Heavy Rains,Telangana,0.0,0.0,2017.0,3.0,17.0,1.0,4.0,11,Summer,1.0,1,148,166,No Fatality,0,0,67
4848,2017-07-05,2017-07-05,1.0,Heavy Rains,Telangana,0.0,0.0,2017.0,7.0,5.0,3.0,2.0,27,Monsoon,1.0,1,148,1709,No Fatality,0,1,67
4849,2017-02-06,2017-02-06,1.0,Unknown,Tripura,0.0,0.0,2017.0,2.0,6.0,1.0,0.0,6,Winter,1.0,1,47,66,No Fatality,0,0,68
4850,2017-04-06,2017-04-06,1.0,Landslide,Tripura,5.0,0.0,2017.0,4.0,6.0,2.0,3.0,14,Summer,1.0,1,47,171,Low,0,0,68
4851,2017-06-15,2017-06-19,5.0,Flash Floods,Tripura,0.0,0.0,2017.0,6.0,15.0,2.0,3.0,24,Monsoon,5.0,1,47,1071,No Fatality,0,1,68
4852,2017-11-08,2017-08-13,3.0,Heavy Rains,Tripura,3.0,13.0,2017.0,11.0,8.0,4.0,2.0,45,Post-Monsoon,-86.0,1,47,194,Low,0,0,68
4853,2017-08-07,2017-08-07,1.0,Heavy Rains,Uttar Pradesh,2.0,0.0,2017.0,8.0,7.0,3.0,0.0,32,Monsoon,1.0,1,448,1382,Low,0,1,69
4854,2017-11-07,2017-11-07,1.0,Heavy Rains,Uttar Pradesh,10.0,12.0,2017.0,11.0,7.0,4.0,1.0,45,Post-Monsoon,1.0,1,448,194,Low,0,0,69
4855,2017-08-14,2017-07-16,3.0,"Floods in Ghaghara, Rapti & Gandak ri vers",Uttar Pradesh,16.0,0.0,2017.0,8.0,14.0,3.0,0.0,33,Monsoon,-28.0,1,448,1382,Medium,1,1,69
4856,2017-04-09,2017-10-09,7.0,"Heavy rain & flood in Ghaghara, Gomati & Rapti rivers",Uttar Pradesh,110.0,0.0,2017.0,4.0,9.0,2.0,6.0,14,Summer,184.0,1,448,171,High,1,0,69
4857,2017-05-20,2017-05-20,1.0,Landslide,Uttarakhand,13.0,0.0,2017.0,5.0,20.0,2.0,5.0,20,Summer,1.0,1,107,479,Medium,1,0,78
4858,2017-08-13,2017-08-13,1.0,Landslide,Uttarakhand,1.0,0.0,2017.0,8.0,13.0,3.0,6.0,32,Monsoon,1.0,1,107,1382,Low,0,1,78
4859,2017-07-21,2017-07-31,11.0,Flood,West Bengal,46.0,0.0,2017.0,7.0,21.0,3.0,4.0,29,Monsoon,11.0,1,330,1709,Medium,1,1,79
4860,2017-08-08,2017-08-14,7.0,Flood,West Bengal,32.0,0.0,2017.0,8.0,8.0,3.0,1.0,32,Monsoon,7.0,1,330,1382,Medium,1,1,79
4861,2018-03-19,2018-03-19,1.0,Heavy Rains,Andhra Pradesh,0.0,0.0,2018.0,3.0,19.0,1.0,0.0,12,Summer,1.0,1,150,166,No Fatality,0,0,1
4862,2018-01-05,2018-01-05,1.0,Heavy Rains & Cloudburst,Andhra Pradesh,6.0,0.0,2018.0,1.0,5.0,1.0,4.0,1,Winter,1.0,1,150,108,Low,0,0,1
4863,2018-08-20,2018-08-21,2.0,"Heavy Rains & Floods (Krishna,Godavari rivers)",Andhra Pradesh,4.0,0.0,2018.0,8.0,20.0,3.0,0.0,34,Monsoon,2.0,1,150,1382,Low,0,1,1
4864,2018-09-14,2018-09-14,1.0,Flash Flood,Arunachal Pradesh,4.0,0.0,2018.0,9.0,14.0,3.0,4.0,37,Monsoon,1.0,1,150,938,Low,0,1,4
4865,2018-06-14,2018-06-29,16.0,"Flood (Brahmaputra,tributaries)",Assam,32.0,0.0,2018.0,6.0,14.0,2.0,3.0,24,Monsoon,16.0,1,908,1071,Medium,1,1,5
4866,2018-07-29,2018-07-31,3.0,"Flood (Brahmaputra,tributaries)",Assam,2.0,0.0,2018.0,7.0,29.0,3.0,6.0,30,Monsoon,3.0,1,908,1709,Low,0,1,5
4867,2018-01-08,2018-08-31,31.0,Flood & Landslide,Assam,14.0,0.0,2018.0,1.0,8.0,1.0,0.0,2,Winter,236.0,1,908,108,Medium,1,0,5
4868,2018-01-09,2018-09-30,30.0,"Heavy rains/Flood (Brahmaputra,tributaries)",Assam,3.0,0.0,2018.0,1.0,9.0,1.0,1.0,2,Winter,265.0,1,908,108,Low,0,0,5
4869,2018-06-25,2018-06-26,2.0,Heavy rains,Gujarat,4.0,0.0,2018.0,6.0,25.0,2.0,0.0,26,Monsoon,2.0,1,168,1071,Low,0,1,26
4870,2018-07-13,2018-07-13,1.0,Heavy rains,Gujarat,1.0,0.0,2018.0,7.0,13.0,3.0,4.0,28,Monsoon,1.0,1,168,1709,Low,0,1,26
4871,2018-07-17,2018-07-17,1.0,Heavy rains / Flood,Gujarat,27.0,0.0,2018.0,7.0,17.0,3.0,1.0,29,Monsoon,1.0,1,168,1709,Medium,1,1,26
4872,2018-12-08,2018-08-13,2.0,Heavy rains & Landslide,Himachal Pradesh,16.0,0.0,2018.0,12.0,8.0,4.0,5.0,49,Winter,-116.0,1,362,71,Medium,1,0,29
4873,2018-09-23,2018-09-23,1.0,Heavy rains / Flood (Beas river),Himachal Pradesh,8.0,0.0,2018.0,9.0,23.0,3.0,6.0,38,Monsoon,1.0,1,362,938,Low,0,1,29
4874,2018-09-05,2018-09-05,1.0,Cloudburst,Jammu & Kashmir,0.0,0.0,2018.0,9.0,5.0,3.0,2.0,36,Monsoon,1.0,1,109,938,No Fatality,0,1,32
4875,2018-03-07,2018-03-07,1.0,"Heavy rains & Landslide, Flash Flood",Jammu & Kashmir,3.0,4.0,2018.0,3.0,7.0,1.0,2.0,10,Summer,1.0,1,109,166,Low,0,0,32
4876,2018-07-23,2018-07-25,3.0,Heavy rains & Cloudburst,Jammu & Kashmir,0.0,0.0,2018.0,7.0,23.0,3.0,0.0,30,Monsoon,3.0,1,109,1709,No Fatality,0,1,32
4877,2018-09-08,2018-09-08,1.0,Heavy rains & Cloudburst,Jammu & Kashmir,0.0,0.0,2018.0,9.0,8.0,3.0,5.0,36,Monsoon,1.0,1,109,938,No Fatality,0,1,32
4878,2018-08-14,2018-08-14,1.0,Cloudburst & Flash Floods,Jammu & Kashmir,6.0,3.0,2018.0,8.0,14.0,3.0,1.0,33,Monsoon,1.0,1,109,1382,Low,0,1,32
4879,2018-09-24,2018-09-24,1.0,Landslide,Jammu & Kashmir,5.0,0.0,2018.0,9.0,24.0,3.0,0.0,39,Monsoon,1.0,1,109,938,Low,0,1,32
4880,2018-03-11,2018-03-11,1.0,Landslide,Jammu & Kashmir,1.0,4.0,2018.0,3.0,11.0,1.0,6.0,10,Summer,1.0,1,109,166,Low,0,0,32
4881,2018-05-11,2018-05-11,1.0,Landslide,Jammu & Kashmir,3.0,0.0,2018.0,5.0,11.0,2.0,4.0,19,Summer,1.0,1,109,479,Low,0,0,32
4882,2018-10-05,2018-10-05,1.0,Heavy rains,Karnataka,0.0,0.0,2018.0,10.0,5.0,4.0,4.0,40,Post-Monsoon,1.0,1,491,501,No Fatality,0,0,37
4883,2018-05-29,2018-05-29,1.0,Heavy rains,Karnataka,1.0,0.0,2018.0,5.0,29.0,2.0,1.0,22,Summer,1.0,1,491,479,Low,0,0,37
4884,2018-02-06,2018-02-06,1.0,Heavy rains,Karnataka,2.0,3.0,2018.0,2.0,6.0,1.0,1.0,6,Winter,1.0,1,491,66,Low,0,0,37
4885,2018-03-06,2018-04-06,2.0,Heavy rains,Karnataka,0.0,0.0,2018.0,3.0,6.0,1.0,1.0,10,Summer,32.0,1,491,166,No Fatality,0,0,37
4886,2018-08-06,2018-11-06,4.0,Heavy rains,Karnataka,2.0,5.0,2018.0,8.0,6.0,3.0,0.0,32,Monsoon,93.0,1,491,1382,Low,0,1,37
4887,2018-12-06,2018-06-14,3.0,Heavy rains,Karnataka,0.0,4.0,2018.0,12.0,6.0,4.0,3.0,49,Winter,-174.0,1,491,71,No Fatality,0,0,37
4888,2018-06-28,2018-06-28,1.0,Heavy rains,Karnataka,0.0,0.0,2018.0,6.0,28.0,2.0,3.0,26,Monsoon,1.0,1,491,1071,No Fatality,0,1,37
4889,2018-01-08,2018-08-22,22.0,Heavy rains / Floods,Karnataka,8.0,0.0,2018.0,1.0,8.0,1.0,0.0,2,Winter,227.0,1,491,108,Low,0,0,37
4890,2018-03-18,2018-03-18,1.0,Heavy rains,Kerala,0.0,0.0,2018.0,3.0,18.0,1.0,6.0,11,Summer,1.0,1,604,166,No Fatality,0,0,39
4891,2018-04-22,2018-04-22,1.0,Heavy rains,Kerala,0.0,0.0,2018.0,4.0,22.0,2.0,6.0,16,Summer,1.0,1,604,171,No Fatality,0,0,39
4892,2018-05-13,2018-05-14,2.0,Heavy rains,Kerala,0.0,0.0,2018.0,5.0,13.0,2.0,6.0,19,Summer,2.0,1,604,479,No Fatality,0,0,39
4893,2018-05-16,2018-05-17,2.0,Heavy rains,Kerala,0.0,0.0,2018.0,5.0,16.0,2.0,2.0,20,Summer,2.0,1,604,479,No Fatality,0,0,39
4894,2018-05-21,2018-05-21,1.0,Heavy rains / Floods,Kerala,1.0,0.0,2018.0,5.0,21.0,2.0,0.0,21,Summer,1.0,1,604,479,Low,0,0,39
4895,2018-05-29,2018-07-31,34.0,Heavy rains / Floods,Kerala,138.0,0.0,2018.0,5.0,29.0,2.0,1.0,22,Summer,64.0,1,604,479,High,1,0,39
4896,2018-01-08,2018-08-30,30.0,Heavy rains / Floods,Kerala,339.0,0.0,2018.0,1.0,8.0,1.0,0.0,2,Winter,235.0,1,604,108,High,1,0,39
4897,2018-10-21,2018-10-21,1.0,Heavy rains,Kerala,0.0,0.0,2018.0,10.0,21.0,4.0,6.0,42,Post-Monsoon,1.0,1,604,501,No Fatality,0,0,39
4898,2018-11-16,2018-11-16,1.0,Heavy rains,Kerala,0.0,0.0,2018.0,11.0,16.0,4.0,4.0,46,Post-Monsoon,1.0,1,604,194,No Fatality,0,0,39
4899,2018-11-17,2018-11-17,1.0,Heavy rains,Kerala,0.0,0.0,2018.0,11.0,17.0,4.0,5.0,46,Post-Monsoon,1.0,1,604,194,No Fatality,0,0,39
4900,2018-12-28,2018-12-28,1.0,Heavy rains,Kerala,0.0,0.0,2018.0,12.0,28.0,4.0,4.0,52,Winter,1.0,1,604,71,No Fatality,0,0,39
4901,2018-06-22,2018-06-22,1.0,Heavy rains,Madhya Pradesh,1.0,0.0,2018.0,6.0,22.0,2.0,4.0,25,Monsoon,1.0,1,238,1071,Low,0,1,43
4902,2018-12-07,2018-12-07,1.0,Heavy rains,Madhya Pradesh,1.0,0.0,2018.0,12.0,7.0,4.0,4.0,49,Winter,1.0,1,238,71,Low,0,0,43
4903,2018-07-17,2018-07-17,1.0,Heavy rains,Madhya Pradesh,1.0,0.0,2018.0,7.0,17.0,3.0,1.0,29,Monsoon,1.0,1,238,1709,Low,0,1,43
4904,2018-04-09,2018-04-09,1.0,Flood in Besla river,Madhya Pradesh,4.0,0.0,2018.0,4.0,9.0,2.0,0.0,15,Summer,1.0,1,238,171,Low,0,0,43
4905,2018-09-22,2018-09-22,1.0,Floods & Heavy rains,Madhya Pradesh,1.0,0.0,2018.0,9.0,22.0,3.0,5.0,38,Monsoon,1.0,1,238,938,Low,0,1,43
4906,2018-12-02,2018-12-02,1.0,Floods & Heavy rains,Maharashtra,0.0,0.0,2018.0,12.0,2.0,4.0,6.0,48,Winter,1.0,1,1011,71,No Fatality,0,0,47
4907,2018-04-15,2018-04-15,1.0,Heavy rains,Maharashtra,0.0,0.0,2018.0,4.0,15.0,2.0,6.0,15,Summer,1.0,1,1011,171,No Fatality,0,0,47
4908,2018-05-27,2018-05-27,1.0,Heavy rains,Maharashtra,1.0,5.0,2018.0,5.0,27.0,2.0,6.0,21,Summer,1.0,1,1011,479,Low,0,0,47
4909,2018-01-06,2018-02-06,2.0,Heavy rains,Maharashtra,0.0,0.0,2018.0,1.0,6.0,1.0,5.0,1,Winter,32.0,1,1011,108,No Fatality,0,0,47
4910,2018-06-06,2018-06-06,1.0,Heavy rains,Maharashtra,1.0,0.0,2018.0,6.0,6.0,2.0,2.0,23,Monsoon,1.0,1,1011,1071,Low,0,1,47
4911,2018-10-06,2018-10-06,1.0,Heavy rains,Maharashtra,5.0,0.0,2018.0,10.0,6.0,4.0,5.0,40,Post-Monsoon,1.0,1,1011,501,Low,0,0,47
4912,2018-11-06,2018-11-06,1.0,Floods & Heavy rains,Maharashtra,0.0,0.0,2018.0,11.0,6.0,4.0,1.0,45,Post-Monsoon,1.0,1,1011,194,No Fatality,0,0,47
4913,2018-06-25,2018-06-25,1.0,Heavy rains,Maharashtra,8.0,0.0,2018.0,6.0,25.0,2.0,0.0,26,Monsoon,1.0,1,1011,1071,Low,0,1,47
4914,2018-03-07,2018-03-07,1.0,Floods & Heavy rains,Maharashtra,1.0,5.0,2018.0,3.0,7.0,1.0,2.0,10,Summer,1.0,1,1011,166,Low,0,0,47
4915,2018-07-07,2018-07-07,1.0,Floods & Heavy rains,Maharashtra,4.0,0.0,2018.0,7.0,7.0,3.0,5.0,27,Monsoon,1.0,1,1011,1709,Low,0,1,47
4916,2018-08-07,2018-08-07,1.0,Floods & Heavy rains,Maharashtra,3.0,2.0,2018.0,8.0,7.0,3.0,1.0,32,Monsoon,1.0,1,1011,1382,Low,0,1,47
4917,2018-10-07,2018-10-07,1.0,Floods & Heavy rains,Maharashtra,1.0,0.0,2018.0,10.0,7.0,4.0,6.0,40,Post-Monsoon,1.0,1,1011,501,Low,0,0,47
4918,2018-11-07,2018-11-07,1.0,Floods & Heavy rains,Maharashtra,4.0,0.0,2018.0,11.0,7.0,4.0,2.0,45,Post-Monsoon,1.0,1,1011,194,Low,0,0,47
4919,2018-07-21,2018-07-21,1.0,Floods & Heavy rains,Maharashtra,0.0,0.0,2018.0,7.0,21.0,3.0,5.0,29,Monsoon,1.0,1,1011,1709,No Fatality,0,1,47
4920,2018-08-17,2018-08-18,2.0,Floods & Heavy rains,Maharashtra,5.0,0.0,2018.0,8.0,17.0,3.0,4.0,33,Monsoon,2.0,1,1011,1382,Low,0,1,47
4921,2018-08-19,2018-08-19,1.0,Heavy rains & Floods (Mutha river),Maharashtra,1.0,0.0,2018.0,8.0,19.0,3.0,6.0,33,Monsoon,1.0,1,1011,1382,Low,0,1,47
4922,2018-08-20,2018-08-21,2.0,Unknown,Maharashtra,11.0,4.0,2018.0,8.0,20.0,3.0,0.0,34,Monsoon,2.0,1,1011,1382,Medium,1,1,47
4923,2018-11-07,2018-11-07,1.0,Landslide,Manipur,5.0,0.0,2018.0,11.0,7.0,4.0,2.0,45,Post-Monsoon,1.0,1,20,194,Low,0,0,50
4924,2018-05-13,2018-05-13,1.0,Landslide,Mizoram,1.0,0.0,2018.0,5.0,13.0,2.0,6.0,19,Summer,1.0,1,27,479,Low,0,0,52
4925,2018-01-08,2018-08-31,31.0,Heavy Rains & Flash floods,Nagaland,12.0,0.0,2018.0,1.0,8.0,1.0,0.0,2,Winter,236.0,1,18,108,Medium,1,0,53
4926,2018-07-15,2018-07-24,6.0,Unknown,Odisha,12.0,0.0,2018.0,7.0,15.0,3.0,6.0,28,Monsoon,10.0,1,144,1709,Medium,1,1,55
4927,2018-08-14,2018-08-20,5.0,Unknown,Odisha,9.0,0.0,2018.0,8.0,14.0,3.0,1.0,33,Monsoon,7.0,1,144,1382,Low,0,1,55
4928,2018-09-23,2018-09-23,1.0,Floods & Heavy Rains,Punjab,6.0,0.0,2018.0,9.0,23.0,3.0,6.0,38,Monsoon,1.0,1,171,938,Low,0,1,61
4929,2018-09-24,2018-09-24,1.0,Floods & Heavy Rains,Punjab,7.0,0.0,2018.0,9.0,24.0,3.0,0.0,39,Monsoon,1.0,1,171,938,Low,0,1,61
4930,2018-06-28,2018-06-28,1.0,Heavy rains,Rajasthan,4.0,0.0,2018.0,6.0,28.0,2.0,3.0,26,Monsoon,1.0,1,259,1071,Low,0,1,62
4931,2018-07-24,2018-07-24,1.0,Heavy rains / Floods,Rajasthan,4.0,0.0,2018.0,7.0,24.0,3.0,1.0,30,Monsoon,1.0,1,259,1709,Low,0,1,62
4932,2018-07-25,2018-07-25,1.0,Heavy rains / Floods,Rajasthan,5.0,0.0,2018.0,7.0,25.0,3.0,2.0,30,Monsoon,1.0,1,259,1709,Low,0,1,62
4933,2018-08-20,2018-08-20,1.0,Heavy rains / Floods,Rajasthan,4.0,5.0,2018.0,8.0,20.0,3.0,0.0,34,Monsoon,1.0,1,259,1382,Low,0,1,62
4934,2018-08-22,2018-08-22,1.0,Heavy rains / Floods,Rajasthan,4.0,0.0,2018.0,8.0,22.0,3.0,2.0,34,Monsoon,1.0,1,259,1382,Low,0,1,62
4935,2018-08-09,2018-08-09,1.0,Heavy rains,Rajasthan,3.0,0.0,2018.0,8.0,9.0,3.0,3.0,32,Monsoon,1.0,1,259,1382,Low,0,1,62
4936,2018-09-09,2018-09-09,1.0,Heavy rains / Floods,Rajasthan,2.0,0.0,2018.0,9.0,9.0,3.0,6.0,36,Monsoon,1.0,1,259,938,Low,0,1,62
4937,2018-03-14,2018-03-16,3.0,Heavy rain,Tamil Nadu,0.0,0.0,2018.0,3.0,14.0,1.0,2.0,11,Summer,3.0,1,188,166,No Fatality,0,0,66
4938,2018-05-20,2018-05-20,1.0,Heavy rain,Tamil Nadu,1.0,0.0,2018.0,5.0,20.0,2.0,6.0,20,Summer,1.0,1,188,479,Low,0,0,66
4939,2018-09-15,2018-09-15,1.0,Heavy rain,Tamil Nadu,0.0,0.0,2018.0,9.0,15.0,3.0,5.0,37,Monsoon,1.0,1,188,938,No Fatality,0,1,66
4940,2018-11-22,2018-11-22,1.0,Heavy rain,Tamil Nadu,3.0,0.0,2018.0,11.0,22.0,4.0,3.0,47,Post-Monsoon,1.0,1,188,194,Low,0,0,66
4941,2018-11-24,2018-11-24,1.0,Heavy rain,Tamil Nadu,2.0,0.0,2018.0,11.0,24.0,4.0,5.0,47,Post-Monsoon,1.0,1,188,194,Low,0,0,66
4942,2018-03-19,2018-03-19,1.0,Heavy rain,Telangana,0.0,0.0,2018.0,3.0,19.0,1.0,0.0,12,Summer,1.0,1,148,166,No Fatality,0,0,67
4943,2018-05-20,2018-05-20,1.0,Flash floods & Landslide,Tripura,6.0,3.0,2018.0,5.0,20.0,2.0,6.0,20,Summer,1.0,1,47,479,Low,0,0,68
4944,2018-06-04,2018-06-04,1.0,Heavy Rains,Uttar Pradesh,1.0,0.0,2018.0,6.0,4.0,2.0,0.0,23,Monsoon,1.0,1,448,1071,Low,0,1,69
4945,2018-11-04,2018-11-04,1.0,Heavy Rains,Uttar Pradesh,17.0,0.0,2018.0,11.0,4.0,4.0,6.0,44,Post-Monsoon,1.0,1,448,194,Medium,1,0,69
4946,2018-08-06,2018-08-06,1.0,Heavy Rains,Uttar Pradesh,10.0,0.0,2018.0,8.0,6.0,3.0,0.0,32,Monsoon,1.0,1,448,1382,Low,0,1,69
4947,2018-11-07,2018-11-07,1.0,Unknown,Uttar Pradesh,7.0,6.0,2018.0,11.0,7.0,4.0,2.0,45,Post-Monsoon,1.0,1,448,194,Low,0,0,69
4948,2018-07-13,2018-07-13,1.0,Heavy Rains & Floods in Ghagara river,Uttar Pradesh,1.0,0.0,2018.0,7.0,13.0,3.0,4.0,28,Monsoon,1.0,1,448,1709,Low,0,1,69
4949,2018-07-26,2018-07-26,1.0,Heavy Rains & Floods (Ganga & tributaries),Uttar Pradesh,17.0,0.0,2018.0,7.0,26.0,3.0,3.0,30,Monsoon,1.0,1,448,1709,Medium,1,1,69
4950,2018-07-27,2018-07-27,1.0,Heavy Rains & Floods (Ganga & tributaries),Uttar Pradesh,33.0,23.0,2018.0,7.0,27.0,3.0,4.0,30,Monsoon,1.0,1,448,1709,Medium,1,1,69
4951,2018-07-28,2018-07-28,1.0,Heavy Rains & Floods (Ganga & tributaries),Uttar Pradesh,27.0,12.0,2018.0,7.0,28.0,3.0,5.0,30,Monsoon,1.0,1,448,1709,Medium,1,1,69
4952,2018-07-29,2018-07-29,1.0,Heavy Rains & Floods (Ganga & tributaries),Uttar Pradesh,7.0,10.0,2018.0,7.0,29.0,3.0,6.0,30,Monsoon,1.0,1,448,1709,Low,0,1,69
4953,2018-07-30,2018-07-30,1.0,Heavy Rains,Uttar Pradesh,8.0,0.0,2018.0,7.0,30.0,3.0,0.0,31,Monsoon,1.0,1,448,1709,Low,0,1,69
4954,2018-07-31,2018-07-31,1.0,Heavy Rains & Floods (Ganga & tributaries),Uttar Pradesh,19.0,10.0,2018.0,7.0,31.0,3.0,1.0,31,Monsoon,1.0,1,448,1709,Medium,1,1,69
4955,2018-01-08,2018-01-08,1.0,Heavy Rains & Floods (Ganga & tributaries),Uttar Pradesh,13.0,0.0,2018.0,1.0,8.0,1.0,0.0,2,Winter,1.0,1,448,108,Medium,1,0,69
4956,2018-02-08,2018-02-08,1.0,Heavy Rains & Floods (Ganga & tributaries),Uttar Pradesh,11.0,0.0,2018.0,2.0,8.0,1.0,3.0,6,Winter,1.0,1,448,66,Medium,1,0,69
4957,2018-03-08,2018-03-08,1.0,Heavy Rains & Floods (Ganga & tributaries),Uttar Pradesh,10.0,0.0,2018.0,3.0,8.0,1.0,3.0,10,Summer,1.0,1,448,166,Low,0,0,69
4958,2018-04-08,2018-04-08,1.0,Heavy Rains & Floods (Ganga & tributaries),Uttar Pradesh,8.0,0.0,2018.0,4.0,8.0,2.0,6.0,14,Summer,1.0,1,448,171,Low,0,0,69
4959,2018-05-08,2018-05-08,1.0,Heavy Rains & Floods (Ganga & tributaries),Uttar Pradesh,13.0,0.0,2018.0,5.0,8.0,2.0,1.0,19,Summer,1.0,1,448,479,Medium,1,0,69
4960,2018-06-08,2018-06-08,1.0,Heavy Rains & Floods (Rapti river),Uttar Pradesh,2.0,45.0,2018.0,6.0,8.0,2.0,4.0,23,Monsoon,1.0,1,448,1071,Low,0,1,69
4961,2018-12-08,2018-12-08,1.0,Heavy Rains & Floods (Ganga & tributaries),Uttar Pradesh,5.0,4.0,2018.0,12.0,8.0,4.0,5.0,49,Winter,1.0,1,448,71,Low,0,0,69
4962,2018-08-13,2018-08-13,1.0,Heavy Rains & Floods (Ganga & tributaries),Uttar Pradesh,9.0,0.0,2018.0,8.0,13.0,3.0,0.0,33,Monsoon,1.0,1,448,1382,Low,0,1,69
4963,2018-08-14,2018-08-14,1.0,Heavy Rains & Floods (Ganga & tributaries),Uttar Pradesh,2.0,0.0,2018.0,8.0,14.0,3.0,1.0,33,Monsoon,1.0,1,448,1382,Low,0,1,69
4964,2018-08-19,2018-08-19,1.0,Heavy Rains & Floods (Ganga & tributaries),Uttar Pradesh,4.0,0.0,2018.0,8.0,19.0,3.0,6.0,33,Monsoon,1.0,1,448,1382,Low,0,1,69
4965,2018-08-24,2018-08-24,1.0,Heavy Rains & Floods (Ganga & tributaries),Uttar Pradesh,12.0,21.0,2018.0,8.0,24.0,3.0,4.0,34,Monsoon,1.0,1,448,1382,Medium,1,1,69
4966,2018-08-27,2018-08-27,1.0,Heavy Rains & Floods (Ganga & tributaries),Uttar Pradesh,11.0,0.0,2018.0,8.0,27.0,3.0,0.0,35,Monsoon,1.0,1,448,1382,Medium,1,1,69
4967,2018-08-30,2018-08-30,1.0,Heavy Rains,Uttar Pradesh,1.0,2.0,2018.0,8.0,30.0,3.0,3.0,35,Monsoon,1.0,1,448,1382,Low,0,1,69
4968,2018-01-09,2018-01-09,1.0,Heavy Rains & Floods (Ganga & tributaries),Uttar Pradesh,11.0,10.0,2018.0,1.0,9.0,1.0,1.0,2,Winter,1.0,1,448,108,Medium,1,0,69
4969,2018-02-09,2018-02-09,1.0,Heavy Rains & Floods (Ganga & tributaries),Uttar Pradesh,8.0,12.0,2018.0,2.0,9.0,1.0,4.0,6,Winter,1.0,1,448,66,Low,0,0,69
4970,2018-04-09,2018-04-09,1.0,Heavy Rains & Floods (Ganga & tributaries),Uttar Pradesh,11.0,0.0,2018.0,4.0,9.0,2.0,0.0,15,Summer,1.0,1,448,171,Medium,1,0,69
4971,2018-05-09,2018-05-09,1.0,Heavy Rains & Floods (Ganga & tributaries),Uttar Pradesh,18.0,5.0,2018.0,5.0,9.0,2.0,2.0,19,Summer,1.0,1,448,479,Medium,1,0,69
4972,2018-06-09,2018-06-09,1.0,Heavy Rains & Floods (Gaumati River),Uttar Pradesh,0.0,0.0,2018.0,6.0,9.0,2.0,5.0,23,Monsoon,1.0,1,448,1071,No Fatality,0,1,69
4973,2018-07-09,2018-07-09,1.0,Heavy Rains,Uttar Pradesh,2.0,0.0,2018.0,7.0,9.0,3.0,0.0,28,Monsoon,1.0,1,448,1709,Low,0,1,69
4974,2018-09-09,2018-09-09,1.0,Heavy Rains & Floods,Uttar Pradesh,6.0,0.0,2018.0,9.0,9.0,3.0,6.0,36,Monsoon,1.0,1,448,938,Low,0,1,69
4975,2018-09-24,2018-09-24,1.0,Heavy Rains & Floods,Uttar Pradesh,4.0,0.0,2018.0,9.0,24.0,3.0,0.0,39,Monsoon,1.0,1,448,938,Low,0,1,69
4976,2018-11-07,2018-11-07,1.0,Heavy Rains,Uttarakhand,7.0,0.0,2018.0,11.0,7.0,4.0,2.0,45,Post-Monsoon,1.0,1,107,194,Low,0,0,78
4977,2018-08-30,2018-08-30,1.0,Landslide,Uttarakhand,6.0,0.0,2018.0,8.0,30.0,3.0,3.0,35,Monsoon,1.0,1,107,1382,Low,0,1,78
4978,2018-06-25,2018-06-25,1.0,Heavy rains & Floods (Sutunga & Hooghly river),West Bengal,1.0,0.0,2018.0,6.0,25.0,2.0,0.0,26,Monsoon,1.0,1,330,1071,Low,0,1,79
4979,2018-07-23,2018-07-23,1.0,Heavy rains,West Bengal,2.0,0.0,2018.0,7.0,23.0,3.0,0.0,30,Monsoon,1.0,1,330,1709,Low,0,1,79
4980,2019-01-06,2019-06-30,30.0,Heavy rains & floods,Assam,0.0,0.0,2019.0,1.0,6.0,1.0,6.0,1,Winter,176.0,1,908,108,No Fatality,0,0,5
4981,2019-10-07,2019-07-29,20.0,"Heavy rains & Flood (Brahmaputra,tributaries)",Assam,88.0,0.0,2019.0,10.0,7.0,4.0,0.0,41,Post-Monsoon,-69.0,1,908,501,High,1,0,5
4982,2019-01-08,2019-08-16,6.0,Heavy rains & floods,Assam,6.0,0.0,2019.0,1.0,8.0,1.0,1.0,2,Winter,221.0,1,908,108,Low,0,0,5
4983,2019-11-07,2019-11-07,1.0,Heavy Rains,Bihar,4.0,0.0,2019.0,11.0,7.0,4.0,3.0,45,Post-Monsoon,1.0,1,149,194,Low,0,0,9
4984,2019-12-07,2019-07-14,3.0,Heavy rains & floods,Bihar,63.0,0.0,2019.0,12.0,7.0,4.0,5.0,49,Winter,-145.0,1,149,71,High,1,0,9
4985,2019-07-15,2019-07-18,4.0,Heavy rains & floods,Bihar,98.0,0.0,2019.0,7.0,15.0,3.0,0.0,29,Monsoon,4.0,1,149,1709,High,1,1,9
4986,2019-07-22,2019-07-22,1.0,Heavy rains & floods,Bihar,15.0,0.0,2019.0,7.0,22.0,3.0,0.0,30,Monsoon,1.0,1,149,1709,Medium,1,1,9
4987,2019-01-08,2019-01-08,1.0,Heavy Rains,Bihar,1.0,0.0,2019.0,1.0,8.0,1.0,1.0,2,Winter,1.0,1,149,108,Low,0,0,9
4988,2019-08-13,2019-08-13,1.0,Heavy Rains,Bihar,4.0,0.0,2019.0,8.0,13.0,3.0,1.0,33,Monsoon,1.0,1,149,1382,Low,0,1,9
4989,2019-09-17,2019-09-17,1.0,Heavy Rains,Bihar,17.0,0.0,2019.0,9.0,17.0,3.0,1.0,38,Monsoon,1.0,1,149,938,Medium,1,1,9
4990,2019-09-18,2019-09-18,1.0,Heavy Rains,Bihar,23.0,0.0,2019.0,9.0,18.0,3.0,2.0,38,Monsoon,1.0,1,149,938,Medium,1,1,9
4991,2019-09-28,2019-09-28,1.0,Heavy Rains,Bihar,15.0,0.0,2019.0,9.0,28.0,3.0,5.0,39,Monsoon,1.0,1,149,938,Medium,1,1,9
4992,2019-09-30,2019-09-30,1.0,Heavy Rains,Bihar,13.0,0.0,2019.0,9.0,30.0,3.0,0.0,40,Monsoon,1.0,1,149,938,Medium,1,1,9
4993,2019-01-10,2019-01-10,1.0,Heavy Rains,Bihar,42.0,0.0,2019.0,1.0,10.0,1.0,3.0,2,Winter,1.0,1,149,108,Medium,1,0,9
4994,2019-02-10,2019-03-10,2.0,Heavy Rains,Bihar,11.0,0.0,2019.0,2.0,10.0,1.0,6.0,6,Winter,29.0,1,149,66,Medium,1,0,9
4995,2019-07-09,2019-07-09,1.0,Heavy Rains,Chhattisgarh,4.0,0.0,2019.0,7.0,9.0,3.0,1.0,28,Monsoon,1.0,1,52,1709,Low,0,1,17
4996,2019-09-08,2019-09-08,1.0,Heavy Rains & Floods,Goa,1.0,0.0,2019.0,9.0,8.0,3.0,6.0,36,Monsoon,1.0,1,30,938,Low,0,1,22
4997,2019-01-08,2019-01-08,1.0,Heavy Rains & Floods (Vishwamitri river),Gujarat,5.0,0.0,2019.0,1.0,8.0,1.0,1.0,2,Winter,1.0,1,168,108,Low,0,0,26
4998,2019-07-08,2019-08-14,8.0,Heavy Rains & Floods,Gujarat,16.0,0.0,2019.0,7.0,8.0,3.0,0.0,28,Monsoon,38.0,1,168,1709,Medium,1,1,26
4999,2019-09-08,2019-09-08,1.0,Heavy Rains,Gujarat,4.0,5.0,2019.0,9.0,8.0,3.0,6.0,36,Monsoon,1.0,1,168,938,Low,0,1,26
5000,2019-10-08,2019-10-08,1.0,Heavy Rains,Gujarat,4.0,0.0,2019.0,10.0,8.0,4.0,1.0,41,Post-Monsoon,1.0,1,168,501,Low,0,0,26
5001,2019-12-08,2019-12-08,1.0,Heavy Rains & Floods,Gujarat,5.0,0.0,2019.0,12.0,8.0,4.0,6.0,49,Winter,1.0,1,168,71,Low,0,0,26
5002,2019-01-08,2019-08-31,31.0,Heavy Rains & Floods,Gujarat,73.0,0.0,2019.0,1.0,8.0,1.0,1.0,2,Winter,236.0,1,168,108,High,1,0,26
5003,2019-01-09,2019-09-30,30.0,Heavy Rains & Floods,Gujarat,43.0,0.0,2019.0,1.0,9.0,1.0,2.0,2,Winter,265.0,1,168,108,Medium,1,0,26
5004,2019-02-21,2019-02-21,1.0,Landslide,Himachal Pradesh,0.0,0.0,2019.0,2.0,21.0,1.0,3.0,8,Winter,1.0,1,362,66,No Fatality,0,0,29
5005,2019-02-25,2019-02-25,1.0,Landslide,Himachal Pradesh,0.0,0.0,2019.0,2.0,25.0,1.0,0.0,9,Winter,1.0,1,362,66,No Fatality,0,0,29
5006,2019-07-14,2019-07-14,1.0,Heavy Rains,Himachal Pradesh,2.0,0.0,2019.0,7.0,14.0,3.0,6.0,28,Monsoon,1.0,1,362,1709,Low,0,1,29
5007,2019-08-08,2019-08-08,1.0,Cloudburst,Himachal Pradesh,0.0,0.0,2019.0,8.0,8.0,3.0,3.0,32,Monsoon,1.0,1,362,1382,No Fatality,0,1,29
5008,2019-08-17,2019-08-18,2.0,"Heavy Rains & Floods (Rapti,Beas, etc River)",Himachal Pradesh,24.0,12.0,2019.0,8.0,17.0,3.0,5.0,33,Monsoon,2.0,1,362,1382,Medium,1,1,29
5009,2019-10-15,2019-10-15,1.0,Heavy Rains,Himachal Pradesh,0.0,0.0,2019.0,10.0,15.0,4.0,1.0,42,Post-Monsoon,1.0,1,362,501,No Fatality,0,0,29
5010,2019-01-10,2019-02-10,2.0,Heavy Rains,Jharkhand,5.0,0.0,2019.0,1.0,10.0,1.0,3.0,2,Winter,32.0,1,31,108,Low,0,0,36
5011,2019-01-04,2019-01-04,1.0,Heavy Rains,Karnataka,0.0,0.0,2019.0,1.0,4.0,1.0,4.0,1,Winter,1.0,1,491,108,No Fatality,0,0,37
5012,2019-06-05,2019-06-05,1.0,Heavy Rains,Karnataka,0.0,0.0,2019.0,6.0,5.0,2.0,2.0,23,Monsoon,1.0,1,491,1071,No Fatality,0,1,37
5013,2019-05-21,2019-05-21,1.0,Heavy Rains,Karnataka,0.0,1.0,2019.0,5.0,21.0,2.0,1.0,21,Summer,1.0,1,491,479,No Fatality,0,0,37
5014,2019-05-22,2019-05-22,1.0,Heavy Rains,Karnataka,3.0,0.0,2019.0,5.0,22.0,2.0,2.0,21,Summer,1.0,1,491,479,Low,0,0,37
5015,2019-06-22,2019-06-22,1.0,Heavy Rains,Karnataka,0.0,0.0,2019.0,6.0,22.0,2.0,5.0,25,Monsoon,1.0,1,491,1071,No Fatality,0,1,37
5016,2019-06-07,2019-07-07,1.0,Heavy Rains,Karnataka,0.0,0.0,2019.0,6.0,7.0,2.0,4.0,23,Monsoon,31.0,1,491,1071,No Fatality,0,1,37
5017,2019-07-20,2019-07-20,1.0,Heavy Rains,Karnataka,2.0,0.0,2019.0,7.0,20.0,3.0,5.0,29,Monsoon,1.0,1,491,1709,Low,0,1,37
5018,2019-07-24,2019-07-24,1.0,Heavy Rains,Karnataka,1.0,0.0,2019.0,7.0,24.0,3.0,2.0,30,Monsoon,1.0,1,491,1709,Low,0,1,37
5019,2019-01-08,2019-03-08,3.0,Heavy Rains & Floods in Krishna & its tributaries,Karnataka,0.0,0.0,2019.0,1.0,8.0,1.0,1.0,2,Winter,60.0,1,491,108,No Fatality,0,0,37
5020,2019-05-08,2019-08-08,4.0,Heavy Rains & Floods in Krishna & its tributaries,Karnataka,10.0,0.0,2019.0,5.0,8.0,2.0,2.0,19,Summer,93.0,1,491,479,Low,0,0,37
5021,2019-10-08,2019-11-08,2.0,Heavy Rain,Karnataka,0.0,0.0,2019.0,10.0,8.0,4.0,1.0,41,Post-Monsoon,32.0,1,491,501,No Fatality,0,0,37
5022,2019-07-09,2019-07-09,1.0,Heavy Rain,Karnataka,1.0,0.0,2019.0,7.0,9.0,3.0,1.0,28,Monsoon,1.0,1,491,1709,Low,0,1,37
5023,2019-09-23,2019-09-24,2.0,Heavy Rain,Karnataka,2.0,0.0,2019.0,9.0,23.0,3.0,0.0,39,Monsoon,2.0,1,491,938,Low,0,1,37
5024,2019-06-10,2019-06-10,1.0,Heavy Rain,Karnataka,3.0,0.0,2019.0,6.0,10.0,2.0,0.0,24,Monsoon,1.0,1,491,1071,Low,0,1,37
5025,2019-10-15,2019-10-15,1.0,Heavy Rain,Karnataka,3.0,0.0,2019.0,10.0,15.0,4.0,1.0,42,Post-Monsoon,1.0,1,491,501,Low,0,0,37
5026,2019-10-19,2019-10-21,3.0,Heavy Rain,Karnataka,3.0,0.0,2019.0,10.0,19.0,4.0,5.0,42,Post-Monsoon,3.0,1,491,501,Low,0,0,37
5027,2019-10-25,2019-10-25,1.0,Heavy Rain,Karnataka,2.0,0.0,2019.0,10.0,25.0,4.0,4.0,43,Post-Monsoon,1.0,1,491,501,Low,0,0,37
5028,2019-04-19,2019-04-19,1.0,Heavy Rain,Kerala,0.0,0.0,2019.0,4.0,19.0,2.0,4.0,16,Summer,1.0,1,604,171,No Fatality,0,0,39
5029,2019-04-24,2019-04-26,3.0,Heavy Rain,Kerala,3.0,2.0,2019.0,4.0,24.0,2.0,2.0,17,Summer,3.0,1,604,171,Low,0,0,39
5030,2019-04-28,2019-04-29,2.0,Heavy Rain,Kerala,0.0,0.0,2019.0,4.0,28.0,2.0,6.0,17,Summer,2.0,1,604,171,No Fatality,0,0,39
5031,2019-05-16,2019-05-16,1.0,Heavy Rain,Kerala,0.0,0.0,2019.0,5.0,16.0,2.0,3.0,20,Summer,1.0,1,604,479,No Fatality,0,0,39
5032,2019-05-19,2019-05-19,1.0,Heavy Rain,Kerala,0.0,0.0,2019.0,5.0,19.0,2.0,6.0,20,Summer,1.0,1,604,479,No Fatality,0,0,39
5033,2019-05-24,2019-05-24,1.0,Heavy Rain,Kerala,1.0,0.0,2019.0,5.0,24.0,2.0,4.0,21,Summer,1.0,1,604,479,Low,0,0,39
5034,2019-09-06,2019-06-13,5.0,Heavy Rain,Kerala,2.0,0.0,2019.0,9.0,6.0,3.0,4.0,36,Monsoon,-84.0,1,604,938,Low,0,1,39
5035,2019-12-06,2019-12-06,1.0,Heavy Rain,Kerala,0.0,0.0,2019.0,12.0,6.0,4.0,4.0,49,Winter,1.0,1,604,71,No Fatality,0,0,39
5036,2019-06-14,2019-06-14,1.0,Heavy Rain,Kerala,0.0,0.0,2019.0,6.0,14.0,2.0,4.0,24,Monsoon,1.0,1,604,1071,No Fatality,0,1,39
5037,2019-06-20,2019-06-20,1.0,Heavy Rain,Kerala,0.0,0.0,2019.0,6.0,20.0,2.0,3.0,25,Monsoon,1.0,1,604,1071,No Fatality,0,1,39
5038,2019-10-07,2019-10-07,1.0,Landslide,Kerala,0.0,0.0,2019.0,10.0,7.0,4.0,0.0,41,Post-Monsoon,1.0,1,604,501,No Fatality,0,0,39
5039,2019-07-18,2019-07-20,3.0,Heavy rains,Kerala,12.0,1.0,2019.0,7.0,18.0,3.0,3.0,29,Monsoon,3.0,1,604,1709,Medium,1,1,39
5040,2019-07-28,2019-07-28,1.0,Landslip,Kerala,0.0,0.0,2019.0,7.0,28.0,3.0,6.0,30,Monsoon,1.0,1,604,1709,No Fatality,0,1,39
5041,2019-04-08,2019-06-08,3.0,Heavy rains & Landslip,Kerala,0.0,0.0,2019.0,4.0,8.0,2.0,0.0,15,Summer,62.0,1,604,171,No Fatality,0,0,39
5042,2019-07-08,2019-07-08,1.0,Heavy rains,Kerala,0.0,0.0,2019.0,7.0,8.0,3.0,0.0,28,Monsoon,1.0,1,604,1709,No Fatality,0,1,39
5043,2019-08-08,2019-08-08,1.0,"Heavy rains, Floods (Muvattupuzha & Kabani river) & Landslip",Kerala,23.0,10.0,2019.0,8.0,8.0,3.0,3.0,32,Monsoon,1.0,1,604,1382,Medium,1,1,39
5044,2019-09-08,2019-09-08,1.0,Heavy rains & Landslide,Kerala,19.0,2.0,2019.0,9.0,8.0,3.0,6.0,36,Monsoon,1.0,1,604,938,Medium,1,1,39
5045,2019-10-08,2019-10-08,1.0,"Heavy rains, Floods & Landslide",Kerala,8.0,1.0,2019.0,10.0,8.0,4.0,1.0,41,Post-Monsoon,1.0,1,604,501,Low,0,0,39
5046,2019-11-08,2019-08-14,4.0,Heavy rains & Landslide,Kerala,2.0,7.0,2019.0,11.0,8.0,4.0,4.0,45,Post-Monsoon,-85.0,1,604,194,Low,0,0,39
5047,2019-08-19,2019-08-20,2.0,Heavy rains,Kerala,0.0,0.0,2019.0,8.0,19.0,3.0,0.0,34,Monsoon,2.0,1,604,1382,No Fatality,0,1,39
5048,2019-08-22,2019-08-23,2.0,Heavy rains,Kerala,0.0,0.0,2019.0,8.0,22.0,3.0,3.0,34,Monsoon,2.0,1,604,1382,No Fatality,0,1,39
5049,2019-03-09,2019-09-09,2.0,Heavy rains,Kerala,0.0,0.0,2019.0,3.0,9.0,1.0,5.0,10,Summer,185.0,1,604,166,No Fatality,0,0,39
5050,2019-12-09,2019-12-09,1.0,Heavy rains & Landslide,Kerala,0.0,0.0,2019.0,12.0,9.0,4.0,0.0,50,Winter,1.0,1,604,71,No Fatality,0,0,39
5051,2019-09-26,2019-09-26,1.0,Heavy rains,Kerala,0.0,0.0,2019.0,9.0,26.0,3.0,3.0,39,Monsoon,1.0,1,604,938,No Fatality,0,1,39
5052,2019-10-17,2019-10-17,1.0,Heavy rains & Landslide,Kerala,0.0,0.0,2019.0,10.0,17.0,4.0,3.0,42,Post-Monsoon,1.0,1,604,501,No Fatality,0,0,39
5053,2019-10-21,2019-10-21,1.0,Heavy rains & Landslide,Kerala,1.0,0.0,2019.0,10.0,21.0,4.0,0.0,43,Post-Monsoon,1.0,1,604,501,Low,0,0,39
5054,2019-10-22,2019-10-22,1.0,Heavy rains,Kerala,0.0,0.0,2019.0,10.0,22.0,4.0,1.0,43,Post-Monsoon,1.0,1,604,501,No Fatality,0,0,39
5055,2019-10-30,2019-10-31,2.0,Heavy rains,Kerala,0.0,0.0,2019.0,10.0,30.0,4.0,2.0,44,Post-Monsoon,2.0,1,604,501,No Fatality,0,0,39
5056,2019-01-11,2019-02-11,2.0,Heavy rains,Kerala,0.0,0.0,2019.0,1.0,11.0,1.0,4.0,2,Winter,32.0,1,604,108,No Fatality,0,0,39
5057,2019-10-11,2019-10-11,1.0,Heavy rains,Kerala,0.0,1.0,2019.0,10.0,11.0,4.0,4.0,41,Post-Monsoon,1.0,1,604,501,No Fatality,0,0,39
5058,2019-11-11,2019-11-17,2.0,Heavy rains,Kerala,0.0,0.0,2019.0,11.0,11.0,4.0,0.0,46,Post-Monsoon,7.0,1,604,194,No Fatality,0,0,39
5059,2019-11-20,2019-11-20,1.0,Heavy rains,Kerala,3.0,0.0,2019.0,11.0,20.0,4.0,2.0,47,Post-Monsoon,1.0,1,604,194,Low,0,0,39
5060,2019-03-12,2019-03-12,1.0,Heavy rains,Kerala,0.0,0.0,2019.0,3.0,12.0,1.0,1.0,11,Summer,1.0,1,604,166,No Fatality,0,0,39
5061,2019-01-08,2019-01-08,1.0,Heavy Rains & Flood,Madhya Pradesh,1.0,0.0,2019.0,1.0,8.0,1.0,1.0,2,Winter,1.0,1,238,108,Low,0,0,43
5062,2019-08-13,2019-08-13,1.0,Heavy Rains & Flood,Madhya Pradesh,3.0,0.0,2019.0,8.0,13.0,3.0,1.0,33,Monsoon,1.0,1,238,1382,Low,0,1,43
5063,2019-08-18,2019-08-18,1.0,Heavy Rains & Flood,Madhya Pradesh,5.0,0.0,2019.0,8.0,18.0,3.0,6.0,33,Monsoon,1.0,1,238,1382,Low,0,1,43
5064,2019-08-30,2019-08-30,1.0,Heavy Rains & Flood,Madhya Pradesh,1.0,0.0,2019.0,8.0,30.0,3.0,4.0,35,Monsoon,1.0,1,238,1382,Low,0,1,43
5065,2019-08-09,2019-08-09,1.0,Heavy Rains & Flood,Madhya Pradesh,2.0,0.0,2019.0,8.0,9.0,3.0,4.0,32,Monsoon,1.0,1,238,1382,Low,0,1,43
5066,2019-09-09,2019-09-09,1.0,Heavy Rains & Flood,Madhya Pradesh,6.0,0.0,2019.0,9.0,9.0,3.0,0.0,37,Monsoon,1.0,1,238,938,Low,0,1,43
5067,2019-09-28,2019-09-28,1.0,Heavy Rains & Flood,Madhya Pradesh,3.0,0.0,2019.0,9.0,28.0,3.0,5.0,39,Monsoon,1.0,1,238,938,Low,0,1,43
5068,2019-05-21,2019-05-21,1.0,Heavy rains,Maharashtra,1.0,0.0,2019.0,5.0,21.0,2.0,1.0,21,Summer,1.0,1,1011,479,Low,0,0,47
5069,2019-01-07,2019-01-07,1.0,Heavy rains,Maharashtra,12.0,3.0,2019.0,1.0,7.0,1.0,0.0,2,Winter,1.0,1,1011,108,Medium,1,0,47
5070,2019-02-07,2019-02-07,1.0,"Heavy rains , Incessant rains leading to flood-like situation.",Maharashtra,45.0,4.0,2019.0,2.0,7.0,1.0,3.0,6,Winter,1.0,1,1011,66,Medium,1,0,47
5071,2019-07-07,2019-07-07,1.0,Heavy Rains,Maharashtra,0.0,0.0,2019.0,7.0,7.0,3.0,6.0,27,Monsoon,1.0,1,1011,1709,No Fatality,0,1,47
5072,2019-07-28,2019-07-28,1.0,Heavy Rains & Flood,Maharashtra,5.0,0.0,2019.0,7.0,28.0,3.0,6.0,30,Monsoon,1.0,1,1011,1709,Low,0,1,47
5073,2019-07-31,2019-07-31,1.0,Heavy Rains & Flood,Maharashtra,1.0,0.0,2019.0,7.0,31.0,3.0,2.0,31,Monsoon,1.0,1,1011,1709,Low,0,1,47
5074,2019-01-08,2019-01-08,1.0,Heavy Rains,Maharashtra,0.0,0.0,2019.0,1.0,8.0,1.0,1.0,2,Winter,1.0,1,1011,108,No Fatality,0,0,47
5075,2019-02-08,2019-02-08,1.0,Heavy Rains,Maharashtra,1.0,0.0,2019.0,2.0,8.0,1.0,4.0,6,Winter,1.0,1,1011,66,Low,0,0,47
5076,2019-03-08,2019-03-08,1.0,Heavy Rains & Flood,Maharashtra,5.0,0.0,2019.0,3.0,8.0,1.0,4.0,10,Summer,1.0,1,1011,166,Low,0,0,47
5077,2019-04-08,2019-04-08,1.0,Heavy Rains & Flood,Maharashtra,5.0,0.0,2019.0,4.0,8.0,2.0,0.0,15,Summer,1.0,1,1011,171,Low,0,0,47
5078,2019-05-08,2019-05-08,1.0,Heavy Rains & Flood,Maharashtra,2.0,0.0,2019.0,5.0,8.0,2.0,2.0,19,Summer,1.0,1,1011,479,Low,0,0,47
5079,2019-07-08,2019-08-08,2.0,Heavy Rains & Flood,Maharashtra,22.0,0.0,2019.0,7.0,8.0,3.0,0.0,28,Monsoon,32.0,1,1011,1709,Medium,1,1,47
5080,2019-09-08,2019-09-08,1.0,Heavy Rains & Flood,Maharashtra,4.0,0.0,2019.0,9.0,8.0,3.0,6.0,36,Monsoon,1.0,1,1011,938,Low,0,1,47
5081,2019-01-09,2019-01-09,1.0,Heavy Rains & Flood,Maharashtra,2.0,0.0,2019.0,1.0,9.0,1.0,2.0,2,Winter,1.0,1,1011,108,Low,0,0,47
5082,2019-04-09,2019-04-09,1.0,Heavy Rains & Flood,Maharashtra,5.0,0.0,2019.0,4.0,9.0,2.0,1.0,15,Summer,1.0,1,1011,171,Low,0,0,47
5083,2019-05-09,2019-05-09,1.0,Heavy Rains & Flood,Maharashtra,4.0,0.0,2019.0,5.0,9.0,2.0,3.0,19,Summer,1.0,1,1011,479,Low,0,0,47
5084,2019-06-09,2019-06-09,1.0,Heavy Rains & Flood,Maharashtra,1.0,0.0,2019.0,6.0,9.0,2.0,6.0,23,Monsoon,1.0,1,1011,1071,Low,0,1,47
5085,2019-10-09,2019-10-09,1.0,Heavy Rains & Flood,Maharashtra,0.0,0.0,2019.0,10.0,9.0,4.0,2.0,41,Post-Monsoon,1.0,1,1011,501,No Fatality,0,0,47
5086,2019-09-23,2019-09-23,1.0,Heavy Rains & Flood,Maharashtra,1.0,0.0,2019.0,9.0,23.0,3.0,0.0,39,Monsoon,1.0,1,1011,938,Low,0,1,47
5087,2019-09-24,2019-09-24,1.0,Heavy Rains & Flood,Maharashtra,2.0,0.0,2019.0,9.0,24.0,3.0,1.0,39,Monsoon,1.0,1,1011,938,Low,0,1,47
5088,2019-09-25,2019-09-25,1.0,Heavy Rains & Flood,Maharashtra,4.0,0.0,2019.0,9.0,25.0,3.0,2.0,39,Monsoon,1.0,1,1011,938,Low,0,1,47
5089,2019-09-26,2019-09-26,1.0,Heavy Rains & Flood,Maharashtra,20.0,0.0,2019.0,9.0,26.0,3.0,3.0,39,Monsoon,1.0,1,1011,938,Medium,1,1,47
5090,2019-09-10,2019-09-10,1.0,Heavy Rains & Flood,Maharashtra,3.0,0.0,2019.0,9.0,10.0,3.0,1.0,37,Monsoon,1.0,1,1011,938,Low,0,1,47
5091,2019-01-10,2019-10-31,31.0,Heavy Rains & Flood,Maharashtra,0.0,0.0,2019.0,1.0,10.0,1.0,3.0,2,Winter,295.0,1,1011,108,No Fatality,0,0,47
5092,2019-08-07,2019-12-07,5.0,Heavy Rains & Flood (Khawthlangtuipui river),Mizoram,5.0,0.0,2019.0,8.0,7.0,3.0,2.0,32,Monsoon,123.0,1,27,1382,Low,0,1,52
5093,2019-01-08,2019-10-08,10.0,Heavy Rains & Flood,Odisha,3.0,0.0,2019.0,1.0,8.0,1.0,1.0,2,Winter,274.0,1,144,108,Low,0,0,55
5094,2019-11-08,2019-08-20,10.0,Heavy Rains & Flood,Odisha,7.0,0.0,2019.0,11.0,8.0,4.0,4.0,45,Post-Monsoon,-79.0,1,144,194,Low,0,0,55
5095,2019-09-23,2019-09-25,3.0,Heavy Rains,Odisha,0.0,0.0,2019.0,9.0,23.0,3.0,0.0,39,Monsoon,3.0,1,144,938,No Fatality,0,1,55
5096,2019-04-17,2019-04-17,1.0,Heavy Rains,Punjab,0.0,0.0,2019.0,4.0,17.0,2.0,2.0,16,Summer,1.0,1,171,171,No Fatality,0,0,61
5097,2019-01-08,2019-08-26,26.0,Heavy Rains & Flood,Punjab,12.0,0.0,2019.0,1.0,8.0,1.0,1.0,2,Winter,231.0,1,171,108,Medium,1,0,61
5098,2019-01-09,2019-05-09,5.0,Heavy Rains & Flood,Punjab,2.0,0.0,2019.0,1.0,9.0,1.0,2.0,2,Winter,121.0,1,171,108,Low,0,0,61
5099,2019-07-25,2019-07-29,5.0,Heavy Rains & Flood,Rajasthan,14.0,0.0,2019.0,7.0,25.0,3.0,3.0,30,Monsoon,5.0,1,259,1709,Medium,1,1,62
5100,2019-07-31,2019-07-31,1.0,Heavy Rains & Flood,Rajasthan,1.0,0.0,2019.0,7.0,31.0,3.0,2.0,31,Monsoon,1.0,1,259,1709,Low,0,1,62
5101,2019-01-08,2019-01-08,1.0,Heavy rain,Rajasthan,3.0,0.0,2019.0,1.0,8.0,1.0,1.0,2,Winter,1.0,1,259,108,Low,0,0,62
5102,2019-05-08,2019-05-08,1.0,Heavy rain,Rajasthan,2.0,0.0,2019.0,5.0,8.0,2.0,2.0,19,Summer,1.0,1,259,479,Low,0,0,62
5103,2019-07-08,2019-08-08,1.0,Heavy rain,Rajasthan,4.0,0.0,2019.0,7.0,8.0,3.0,0.0,28,Monsoon,32.0,1,259,1709,Low,0,1,62
5104,2019-08-14,2019-08-14,1.0,Heavy rain,Rajasthan,1.0,0.0,2019.0,8.0,14.0,3.0,2.0,33,Monsoon,1.0,1,259,1382,Low,0,1,62
5105,2019-08-16,2019-08-19,4.0,Heavy rains & Flood,Rajasthan,35.0,0.0,2019.0,8.0,16.0,3.0,4.0,33,Monsoon,4.0,1,259,1382,Medium,1,1,62
5106,2019-08-27,2019-08-27,1.0,Heavy rains & Flood,Rajasthan,1.0,0.0,2019.0,8.0,27.0,3.0,1.0,35,Monsoon,1.0,1,259,1382,Low,0,1,62
5107,2019-09-13,2019-09-13,1.0,Heavy rain,Rajasthan,2.0,0.0,2019.0,9.0,13.0,3.0,4.0,37,Monsoon,1.0,1,259,938,Low,0,1,62
5108,2019-09-16,2019-09-17,2.0,Heavy rains & Flood,Rajasthan,19.0,0.0,2019.0,9.0,16.0,3.0,0.0,38,Monsoon,2.0,1,259,938,Medium,1,1,62
5109,2019-06-07,2019-10-07,5.0,Heavy rains & Landslide,Sikkim,0.0,0.0,2019.0,6.0,7.0,2.0,4.0,23,Monsoon,123.0,1,64,1071,No Fatality,0,1,65
5110,2019-07-13,2019-07-13,1.0,Heavy Rains,Sikkim,0.0,0.0,2019.0,7.0,13.0,3.0,5.0,28,Monsoon,1.0,1,64,1709,No Fatality,0,1,65
5111,2019-07-15,2019-07-25,11.0,Heavy Rains & Landslide,Sikkim,0.0,0.0,2019.0,7.0,15.0,3.0,0.0,29,Monsoon,11.0,1,64,1709,No Fatality,0,1,65
5112,2019-09-16,2019-09-16,1.0,Landslide,Sikkim,1.0,0.0,2019.0,9.0,16.0,3.0,0.0,38,Monsoon,1.0,1,64,938,Low,0,1,65
5113,2019-01-05,2019-03-05,3.0,Heavy rain,Tamil Nadu,1.0,0.0,2019.0,1.0,5.0,1.0,5.0,1,Winter,60.0,1,188,108,Low,0,0,66
5114,2019-11-30,2019-11-30,1.0,Heavy rain,Tamil Nadu,1.0,0.0,2019.0,11.0,30.0,4.0,5.0,48,Post-Monsoon,1.0,1,188,194,Low,0,0,66
5115,2019-01-12,2019-01-12,1.0,Heavy rain,Tamil Nadu,1.0,0.0,2019.0,1.0,12.0,1.0,5.0,2,Winter,1.0,1,188,108,Low,0,0,66
5116,2019-02-12,2019-02-12,1.0,Heavy rains & Flood,Tamil Nadu,17.0,0.0,2019.0,2.0,12.0,1.0,1.0,7,Winter,1.0,1,188,66,Medium,1,0,66
5117,2019-10-04,2019-10-04,1.0,Landslide,Telangana,10.0,0.0,2019.0,10.0,4.0,4.0,4.0,40,Post-Monsoon,1.0,1,148,501,Low,0,0,67
5118,2019-01-04,2019-04-04,4.0,Heavy rains & Floods,Tripura,0.0,0.0,2019.0,1.0,4.0,1.0,4.0,1,Winter,91.0,1,47,108,No Fatality,0,0,68
5119,2019-05-24,2019-05-26,3.0,Heavy rains & Floods,Tripura,0.0,0.0,2019.0,5.0,24.0,2.0,4.0,21,Summer,3.0,1,47,479,No Fatality,0,0,68
5120,2019-07-15,2019-07-15,1.0,Heavy rains & Floods,Tripura,2.0,0.0,2019.0,7.0,15.0,3.0,0.0,29,Monsoon,1.0,1,47,1709,Low,0,1,68
5121,2019-01-22,2019-01-22,1.0,Heavy rains,Uttar Pradesh,0.0,0.0,2019.0,1.0,22.0,1.0,1.0,4,Winter,1.0,1,448,108,No Fatality,0,0,69
5122,2019-01-24,2019-01-24,1.0,Heavy rains,Uttar Pradesh,0.0,3.0,2019.0,1.0,24.0,1.0,3.0,4,Winter,1.0,1,448,108,No Fatality,0,0,69
5123,2019-02-22,2019-02-22,1.0,Heavy rains,Uttar Pradesh,0.0,0.0,2019.0,2.0,22.0,1.0,4.0,8,Winter,1.0,1,448,66,No Fatality,0,0,69
5124,2019-09-26,2019-09-26,1.0,Heavy rains,Uttar Pradesh,17.0,0.0,2019.0,9.0,26.0,3.0,3.0,39,Monsoon,1.0,1,448,938,Medium,1,1,69
5125,2019-02-10,2019-02-10,1.0,Heavy rains,Uttar Pradesh,1.0,0.0,2019.0,2.0,10.0,1.0,6.0,6,Winter,1.0,1,448,66,Low,0,0,69
5126,2019-02-06,2019-02-06,1.0,Flash floods,Uttarakhand,1.0,0.0,2019.0,2.0,6.0,1.0,2.0,6,Winter,1.0,1,107,66,Low,0,0,78
5127,2019-06-21,2019-06-21,1.0,Heavy rains & flash flood as a result of cloud burst,Uttarakhand,1.0,4.0,2019.0,6.0,21.0,2.0,4.0,25,Monsoon,1.0,1,107,1071,Low,0,1,78
5128,2019-06-23,2019-06-23,1.0,Floods in Binnu river,Uttarakhand,0.0,0.0,2019.0,6.0,23.0,2.0,6.0,25,Monsoon,1.0,1,107,1071,No Fatality,0,1,78
5129,2019-04-07,2019-04-07,1.0,Heavy rains,Uttarakhand,0.0,0.0,2019.0,4.0,7.0,2.0,6.0,14,Summer,1.0,1,107,171,No Fatality,0,0,78
5130,2019-06-08,2019-06-08,1.0,Heavy rains & flash flood as a result of cloud burst,Uttarakhand,0.0,0.0,2019.0,6.0,8.0,2.0,5.0,23,Monsoon,1.0,1,107,1071,No Fatality,0,1,78
5131,2019-08-08,2019-09-08,2.0,"Heavy rains, flash flood as a result of cloud burst",Uttarakhand,5.0,5.0,2019.0,8.0,8.0,3.0,3.0,32,Monsoon,32.0,1,107,1382,Low,0,1,78
5132,2019-12-08,2019-12-08,1.0,"Heavy rains, flash floods & Landslide",Uttarakhand,6.0,0.0,2019.0,12.0,8.0,4.0,6.0,49,Winter,1.0,1,107,71,Low,0,0,78
5133,2019-08-18,2019-08-18,1.0,"Heavy rains & flash floods (in Tons, Pabbar River) & Landslide",Uttarakhand,19.0,0.0,2019.0,8.0,18.0,3.0,6.0,33,Monsoon,1.0,1,107,1382,Medium,1,1,78
5134,2019-02-09,2019-02-09,1.0,Cloud Burst,Uttarakhand,0.0,0.0,2019.0,2.0,9.0,1.0,5.0,6,Winter,1.0,1,107,66,No Fatality,0,0,78
5135,2019-06-09,2019-08-09,3.0,Heavy rains & flash flood as a result of cloud burst,Uttarakhand,1.0,3.0,2019.0,6.0,9.0,2.0,6.0,23,Monsoon,62.0,1,107,1071,Low,0,1,78
5136,2019-09-27,2019-09-27,1.0,Heavy rains & flash flood,Uttarakhand,0.0,0.0,2019.0,9.0,27.0,3.0,4.0,39,Monsoon,1.0,1,107,938,No Fatality,0,1,78
5137,2019-09-07,2019-09-07,1.0,Landslide,West Bengal,2.0,0.0,2019.0,9.0,7.0,3.0,5.0,36,Monsoon,1.0,1,330,938,Low,0,1,79
5138,2019-07-14,2019-07-14,1.0,Heavy Rains,West Bengal,1.0,0.0,2019.0,7.0,14.0,3.0,6.0,28,Monsoon,1.0,1,330,1709,Low,0,1,79
5139,2019-01-08,2019-09-30,61.0,Unknown,West Bengal,220.0,0.0,2019.0,1.0,8.0,1.0,1.0,2,Winter,266.0,1,330,108,High,1,0,79
5140,2019-03-13,2019-03-13,1.0,Landslide,Jammu & Kashmir,0.0,0.0,2019.0,3.0,13.0,1.0,2.0,11,Summer,1.0,1,109,166,No Fatality,0,0,32
5141,2019-03-17,2019-03-17,1.0,Landslide,Jammu & Kashmir,2.0,0.0,2019.0,3.0,17.0,1.0,6.0,11,Summer,1.0,1,109,166,Low,0,0,32
5142,2019-03-23,2019-09-23,1.0,Landslide,Jammu & Kashmir,2.0,0.0,2019.0,3.0,23.0,1.0,5.0,12,Summer,185.0,1,109,166,Low,0,0,32
5143,2019-03-29,2019-03-29,1.0,Landslide,Jammu & Kashmir,1.0,0.0,2019.0,3.0,29.0,1.0,4.0,13,Summer,1.0,1,109,166,Low,0,0,32
5144,2019-04-22,2019-04-24,2.0,Landslide,Jammu & Kashmir,5.0,9.0,2019.0,4.0,22.0,2.0,0.0,17,Summer,3.0,1,109,171,Low,0,0,32
5145,2019-05-13,2019-05-13,1.0,Cloud burst,Jammu & Kashmir,2.0,0.0,2019.0,5.0,13.0,2.0,0.0,20,Summer,1.0,1,109,479,Low,0,0,32
5146,2019-12-06,2019-12-06,1.0,Flash floods & Cloud burst,Jammu & Kashmir,0.0,4.0,2019.0,12.0,6.0,4.0,4.0,49,Winter,1.0,1,109,71,No Fatality,0,0,32
5147,2019-05-07,2019-05-07,1.0,Landslide,Jammu & Kashmir,2.0,0.0,2019.0,5.0,7.0,2.0,1.0,19,Summer,1.0,1,109,479,Low,0,0,32
5148,2019-09-07,2019-09-07,1.0,Flash flood in Aans river,Jammu & Kashmir,1.0,0.0,2019.0,9.0,7.0,3.0,5.0,36,Monsoon,1.0,1,109,938,Low,0,1,32
5149,2019-07-15,2019-07-15,1.0,Heavy rains,Jammu & Kashmir,0.0,0.0,2019.0,7.0,15.0,3.0,0.0,29,Monsoon,1.0,1,109,1709,No Fatality,0,1,32
5150,2019-07-24,2019-07-24,1.0,Heavy rain & Flash floods,Jammu & Kashmir,1.0,0.0,2019.0,7.0,24.0,3.0,2.0,30,Monsoon,1.0,1,109,1709,Low,0,1,32
5151,2019-07-25,2019-07-25,1.0,Heavy rain / Flash floods,Jammu & Kashmir,1.0,0.0,2019.0,7.0,25.0,3.0,3.0,30,Monsoon,1.0,1,109,1709,Low,0,1,32
5152,2019-07-26,2019-07-26,1.0,Heavy rain & Flash floods,Jammu & Kashmir,1.0,0.0,2019.0,7.0,26.0,3.0,4.0,30,Monsoon,1.0,1,109,1709,Low,0,1,32
5153,2019-07-27,2019-07-27,1.0,"Cloud burst, Landslide",Jammu & Kashmir,2.0,0.0,2019.0,7.0,27.0,3.0,5.0,30,Monsoon,1.0,1,109,1709,Low,0,1,32
5154,2019-07-31,2019-07-31,1.0,Heavy rain,Jammu & Kashmir,1.0,0.0,2019.0,7.0,31.0,3.0,2.0,31,Monsoon,1.0,1,109,1709,Low,0,1,32
5155,2019-03-08,2019-03-08,1.0,Cloud burst,Jammu & Kashmir,0.0,0.0,2019.0,3.0,8.0,1.0,4.0,10,Summer,1.0,1,109,166,No Fatality,0,0,32
5156,2019-11-19,2019-11-19,1.0,Landslide,Jammu & Kashmir,1.0,0.0,2019.0,11.0,19.0,4.0,1.0,47,Post-Monsoon,1.0,1,109,194,Low,0,0,32
5157,2020-06-28,2020-06-30,3.0,Heavy rains,Andhra Pradesh,2.0,0.0,2020.0,6.0,28.0,2.0,6.0,26,Monsoon,3.0,1,150,1071,Low,0,1,1
5158,2020-03-09,2020-03-09,1.0,Heavy Rains & Flood (Godavari River),Andhra Pradesh,0.0,0.0,2020.0,3.0,9.0,1.0,0.0,11,Summer,1.0,1,150,166,No Fatality,0,0,1
5159,2020-09-13,2020-09-13,1.0,Heavy Rains & Flood,Andhra Pradesh,1.0,0.0,2020.0,9.0,13.0,3.0,6.0,37,Monsoon,1.0,1,150,938,Low,0,1,1
5160,2020-09-14,2020-09-14,1.0,Heavy Rains & Flood,Andhra Pradesh,3.0,0.0,2020.0,9.0,14.0,3.0,0.0,38,Monsoon,1.0,1,150,938,Low,0,1,1
5161,2020-09-25,2020-09-25,1.0,Heavy Rains,Andhra Pradesh,1.0,0.0,2020.0,9.0,25.0,3.0,4.0,39,Monsoon,1.0,1,150,938,Low,0,1,1
5162,2020-09-26,2020-09-26,1.0,Flash flood,Andhra Pradesh,1.0,0.0,2020.0,9.0,26.0,3.0,5.0,39,Monsoon,1.0,1,150,938,Low,0,1,1
5163,2020-10-13,2020-10-14,2.0,Heavy Rains & Flood,Andhra Pradesh,9.0,0.0,2020.0,10.0,13.0,4.0,1.0,42,Post-Monsoon,2.0,1,150,501,Low,0,0,1
5164,2020-10-24,2020-10-24,1.0,Heavy Rains & Flood,Andhra Pradesh,3.0,0.0,2020.0,10.0,24.0,4.0,5.0,43,Post-Monsoon,1.0,1,150,501,Low,0,0,1
5165,2020-05-25,2020-05-25,1.0,Landslide,Arunachal Pradesh,3.0,0.0,2020.0,5.0,25.0,2.0,0.0,22,Summer,1.0,1,150,479,Low,0,0,4
5166,2020-06-23,2020-06-25,3.0,Landslide,Arunachal Pradesh,1.0,0.0,2020.0,6.0,23.0,2.0,1.0,26,Monsoon,3.0,1,150,1071,Low,0,1,4
5167,2020-10-07,2020-10-07,1.0,Heavy rain triggered landslips,Arunachal Pradesh,8.0,0.0,2020.0,10.0,7.0,4.0,2.0,41,Post-Monsoon,1.0,1,150,501,Low,0,0,4
5168,2020-05-25,2020-05-31,7.0,Floods & Heavy rains,Assam,6.0,0.0,2020.0,5.0,25.0,2.0,0.0,22,Summer,7.0,1,908,479,Low,0,0,5
5169,2020-01-06,2020-06-30,30.0,"Heavy Rains & Flood (Brahmaputra,tributaries)",Assam,27.0,0.0,2020.0,1.0,6.0,1.0,0.0,2,Winter,177.0,1,908,108,Medium,1,0,5
5170,2020-01-07,2020-07-31,31.0,"Heavy Rains & Flood (Brahmaputra,tributaries)",Assam,81.0,0.0,2020.0,1.0,7.0,1.0,1.0,2,Winter,207.0,1,908,108,High,1,0,5
5171,2020-01-08,2020-08-31,31.0,"Heavy Rains & Flood (Brahmaputra,tributaries)",Assam,4.0,0.0,2020.0,1.0,8.0,1.0,2.0,2,Winter,237.0,1,908,108,Low,0,0,5
5172,2020-01-09,2020-09-30,30.0,"Heavy Rains & Flood (Brahmaputra,tributaries)",Assam,7.0,0.0,2020.0,1.0,9.0,1.0,3.0,2,Winter,266.0,1,908,108,Low,0,0,5
5173,2020-01-10,2020-10-31,31.0,"Heavy Rains & Flood (Brahmaputra,tributaries)",Assam,4.0,0.0,2020.0,1.0,10.0,1.0,4.0,2,Winter,296.0,1,908,108,Low,0,0,5
5174,2020-07-26,2020-07-26,1.0,Heavy Rains & flood,Bihar,27.0,0.0,2020.0,7.0,26.0,3.0,6.0,30,Monsoon,1.0,1,149,1709,Medium,1,1,9
5175,2020-01-08,2020-08-20,20.0,Heavy Rains & floods in Ganga & tributaries,Bihar,27.0,0.0,2020.0,1.0,8.0,1.0,2.0,2,Winter,226.0,1,149,108,Medium,1,0,9
5176,2020-06-18,2020-06-18,1.0,Heavy Rains,Chhattisgarh,0.0,0.0,2020.0,6.0,18.0,2.0,3.0,25,Monsoon,1.0,1,52,1071,No Fatality,0,1,17
5177,2020-08-26,2020-08-27,2.0,Heavy Rains & Floods (Mahanadi),Chhattisgarh,0.0,0.0,2020.0,8.0,26.0,3.0,2.0,35,Monsoon,2.0,1,52,1382,No Fatality,0,1,17
5178,2020-01-06,2020-07-07,37.0,Heavy Rains & Floods,Gujarat,74.0,0.0,2020.0,1.0,6.0,1.0,0.0,2,Winter,184.0,1,168,108,High,1,0,26
5179,2020-08-15,2020-08-16,2.0,Heavy Rains & Floods,Gujarat,7.0,0.0,2020.0,8.0,15.0,3.0,5.0,33,Monsoon,2.0,1,168,1382,Low,0,1,26
5180,2020-08-24,2020-08-24,1.0,Heavy Rains & Floods,Gujarat,9.0,0.0,2020.0,8.0,24.0,3.0,0.0,35,Monsoon,1.0,1,168,1382,Low,0,1,26
5181,2020-08-29,2020-08-29,1.0,Heavy Rains & Floods,Gujarat,12.0,0.0,2020.0,8.0,29.0,3.0,5.0,35,Monsoon,1.0,1,168,1382,Medium,1,1,26
5182,2020-08-30,2020-08-30,1.0,Heavy Rains & Floods,Gujarat,2.0,0.0,2020.0,8.0,30.0,3.0,6.0,35,Monsoon,1.0,1,168,1382,Low,0,1,26
5183,2020-10-22,2020-10-22,1.0,Heavy Rains & Floods,Gujarat,2.0,0.0,2020.0,10.0,22.0,4.0,3.0,43,Post-Monsoon,1.0,1,168,501,Low,0,0,26
5184,2020-08-19,2020-08-19,1.0,Heavy Rains,Haryana,1.0,0.0,2020.0,8.0,19.0,3.0,2.0,34,Monsoon,1.0,1,60,1382,Low,0,1,27
5185,2020-06-24,2020-09-30,99.0,Heavy Rains & Landslide,Himachal Pradesh,32.0,0.0,2020.0,6.0,24.0,2.0,2.0,26,Monsoon,99.0,1,362,1071,Medium,1,1,29
5186,2020-06-28,2020-06-28,1.0,Landslide,Himachal Pradesh,2.0,0.0,2020.0,6.0,28.0,2.0,6.0,26,Monsoon,1.0,1,362,1071,Low,0,1,29
5187,2020-08-14,2020-08-14,1.0,Landslide,Himachal Pradesh,2.0,2.0,2020.0,8.0,14.0,3.0,4.0,33,Monsoon,1.0,1,362,1382,Low,0,1,29
5188,2020-08-14,2020-08-15,2.0,Heavy Rains,Himachal Pradesh,0.0,0.0,2020.0,8.0,14.0,3.0,4.0,33,Monsoon,2.0,1,362,1382,No Fatality,0,1,29
5189,2020-08-18,2020-08-18,1.0,Heavy Rains & Landslide,Himachal Pradesh,2.0,0.0,2020.0,8.0,18.0,3.0,1.0,34,Monsoon,1.0,1,362,1382,Low,0,1,29
5190,2020-03-14,2020-03-14,1.0,Heavy rains,Jharkhand,4.0,5.0,2020.0,3.0,14.0,1.0,5.0,11,Summer,1.0,1,31,166,Low,0,0,36
5191,2020-04-10,2020-04-10,1.0,Heavy rains,Jharkhand,0.0,0.0,2020.0,4.0,10.0,2.0,4.0,15,Summer,1.0,1,31,171,No Fatality,0,0,36
5192,2020-06-10,2020-06-10,1.0,Heavy rains,Jharkhand,0.0,0.0,2020.0,6.0,10.0,2.0,2.0,24,Monsoon,1.0,1,31,1071,No Fatality,0,1,36
5193,2020-01-04,2020-04-30,30.0,Heavy rains & Flood,Karnataka,12.0,0.0,2020.0,1.0,4.0,1.0,5.0,1,Winter,118.0,1,491,108,Medium,1,0,37
5194,2020-01-05,2020-05-31,31.0,Heavy rains & Flood,Karnataka,32.0,0.0,2020.0,1.0,5.0,1.0,6.0,1,Winter,148.0,1,491,108,Medium,1,0,37
5195,2020-01-06,2020-06-30,30.0,Heavy rains & Flood,Karnataka,11.0,0.0,2020.0,1.0,6.0,1.0,0.0,2,Winter,177.0,1,491,108,Medium,1,0,37
5196,2020-01-07,2020-07-31,31.0,Heavy rains & Flood,Karnataka,23.0,0.0,2020.0,1.0,7.0,1.0,1.0,2,Winter,207.0,1,491,108,Medium,1,0,37
5197,2020-01-08,2020-08-31,31.0,Heavy rains & Flood,Karnataka,43.0,0.0,2020.0,1.0,8.0,1.0,2.0,2,Winter,237.0,1,491,108,Medium,1,0,37
5198,2020-01-09,2020-09-30,30.0,Heavy rains & Flood,Karnataka,22.0,0.0,2020.0,1.0,9.0,1.0,3.0,2,Winter,266.0,1,491,108,Medium,1,0,37
5199,2020-01-10,2020-10-31,31.0,Heavy rains & Flood,Karnataka,5.0,0.0,2020.0,1.0,10.0,1.0,4.0,2,Winter,296.0,1,491,108,Low,0,0,37
5200,2020-02-01,2020-03-01,2.0,Heavy Rains,Kerala,0.0,0.0,2020.0,2.0,1.0,1.0,5.0,5,Winter,30.0,1,604,66,No Fatality,0,0,39
5201,2020-04-24,2020-04-28,2.0,Heavy Rains,Kerala,0.0,0.0,2020.0,4.0,24.0,2.0,4.0,17,Summer,5.0,1,604,171,No Fatality,0,0,39
5202,2020-03-05,2020-03-05,1.0,Heavy Rains,Kerala,0.0,0.0,2020.0,3.0,5.0,1.0,3.0,10,Summer,1.0,1,604,166,No Fatality,0,0,39
5203,2020-07-05,2020-08-05,2.0,Heavy Rains,Kerala,0.0,0.0,2020.0,7.0,5.0,3.0,6.0,27,Monsoon,32.0,1,604,1709,No Fatality,0,1,39
5204,2020-05-16,2020-05-18,2.0,Heavy Rains,Kerala,0.0,0.0,2020.0,5.0,16.0,2.0,5.0,20,Summer,3.0,1,604,479,No Fatality,0,0,39
5205,2020-05-22,2020-05-22,1.0,"Heavy Rains & Floods (Killi,Karamana rivers)",Kerala,0.0,0.0,2020.0,5.0,22.0,2.0,4.0,21,Summer,1.0,1,604,479,No Fatality,0,0,39
5206,2020-02-06,2020-05-06,3.0,Heavy Rains & Floods,Kerala,0.0,2.0,2020.0,2.0,6.0,1.0,3.0,6,Winter,91.0,1,604,66,No Fatality,0,0,39
5207,2020-03-07,2020-03-07,1.0,Flash flood,Kerala,1.0,0.0,2020.0,3.0,7.0,1.0,5.0,10,Summer,1.0,1,604,166,Low,0,0,39
5208,2020-05-08,2020-05-08,1.0,Heavy Rains & Floods,Kerala,2.0,0.0,2020.0,5.0,8.0,2.0,4.0,19,Summer,1.0,1,604,479,Low,0,0,39
5209,2020-06-08,2020-06-08,1.0,Landslide,Kerala,65.0,0.0,2020.0,6.0,8.0,2.0,0.0,24,Monsoon,1.0,1,604,1071,High,1,1,39
5210,2020-06-08,2020-06-08,1.0,Heavy Rains & Landslide,Kerala,0.0,0.0,2020.0,6.0,8.0,2.0,0.0,24,Monsoon,1.0,1,604,1071,No Fatality,0,1,39
5211,2020-07-08,2020-07-08,1.0,Heavy Rains & Floods,Kerala,2.0,0.0,2020.0,7.0,8.0,3.0,2.0,28,Monsoon,1.0,1,604,1709,Low,0,1,39
5212,2020-08-08,2020-08-08,1.0,Heavy Rains & Floods,Kerala,0.0,0.0,2020.0,8.0,8.0,3.0,5.0,32,Monsoon,1.0,1,604,1382,No Fatality,0,1,39
5213,2020-09-08,2020-09-08,1.0,Heavy Rains & Floods,Kerala,2.0,0.0,2020.0,9.0,8.0,3.0,1.0,37,Monsoon,1.0,1,604,938,Low,0,1,39
5214,2020-10-08,2020-10-08,1.0,Heavy Rains & Floods,Kerala,0.0,0.0,2020.0,10.0,8.0,4.0,3.0,41,Post-Monsoon,1.0,1,604,501,No Fatality,0,0,39
5215,2020-11-08,2020-11-08,1.0,Heavy Rains & Floods,Kerala,0.0,0.0,2020.0,11.0,8.0,4.0,6.0,45,Post-Monsoon,1.0,1,604,194,No Fatality,0,0,39
5216,2020-12-08,2020-12-08,1.0,Heavy Rains & Floods,Kerala,0.0,0.0,2020.0,12.0,8.0,4.0,1.0,50,Winter,1.0,1,604,71,No Fatality,0,0,39
5217,2020-06-09,2020-06-09,1.0,Heavy Rains,Kerala,0.0,0.0,2020.0,6.0,9.0,2.0,1.0,24,Monsoon,1.0,1,604,1071,No Fatality,0,1,39
5218,2020-06-09,2020-08-09,2.0,Heavy Rains & Flood,Kerala,0.0,0.0,2020.0,6.0,9.0,2.0,1.0,24,Monsoon,62.0,1,604,1071,No Fatality,0,1,39
5219,2020-11-09,2020-11-09,1.0,Heavy Rains & Flood,Kerala,0.0,0.0,2020.0,11.0,9.0,4.0,0.0,46,Post-Monsoon,1.0,1,604,194,No Fatality,0,0,39
5220,2020-09-20,2020-09-20,1.0,Heavy Rains & Flood,Kerala,0.0,0.0,2020.0,9.0,20.0,3.0,6.0,38,Monsoon,1.0,1,604,938,No Fatality,0,1,39
5221,2020-09-21,2020-09-21,1.0,Heavy Rains & Flood,Kerala,2.0,0.0,2020.0,9.0,21.0,3.0,0.0,39,Monsoon,1.0,1,604,938,Low,0,1,39
5222,2020-09-22,2020-09-22,1.0,Heavy Rains & Flood,Kerala,1.0,3.0,2020.0,9.0,22.0,3.0,1.0,39,Monsoon,1.0,1,604,938,Low,0,1,39
5223,2020-09-23,2020-09-23,1.0,Heavy Rains & Flood,Kerala,0.0,2.0,2020.0,9.0,23.0,3.0,2.0,39,Monsoon,1.0,1,604,938,No Fatality,0,1,39
5224,2020-09-10,2020-09-10,1.0,Heavy Rains & Flood,Kerala,0.0,0.0,2020.0,9.0,10.0,3.0,3.0,37,Monsoon,1.0,1,604,938,No Fatality,0,1,39
5225,2020-10-29,2020-10-29,1.0,Heavy Rains,Kerala,1.0,0.0,2020.0,10.0,29.0,4.0,3.0,44,Post-Monsoon,1.0,1,604,501,Low,0,0,39
5226,2020-08-28,2020-08-31,4.0,Heavy Rains & Floods in Narmada & tributaries,Madhya Pradesh,10.0,0.0,2020.0,8.0,28.0,3.0,4.0,35,Monsoon,4.0,1,238,1382,Low,0,1,43
5227,2020-12-09,2020-09-14,2.0,Heavy Rains,Madhya Pradesh,0.0,0.0,2020.0,12.0,9.0,4.0,2.0,50,Winter,-85.0,1,238,71,No Fatality,0,0,43
5228,2020-09-19,2020-09-19,1.0,Heavy Rains,Madhya Pradesh,0.0,0.0,2020.0,9.0,19.0,3.0,5.0,38,Monsoon,1.0,1,238,938,No Fatality,0,1,43
5229,2020-09-23,2020-09-23,1.0,Heavy Rains,Madhya Pradesh,0.0,0.0,2020.0,9.0,23.0,3.0,2.0,39,Monsoon,1.0,1,238,938,No Fatality,0,1,43
5230,2020-03-02,2020-03-02,1.0,Heavy Rains,Maharashtra,0.0,0.0,2020.0,3.0,2.0,1.0,0.0,10,Summer,1.0,1,1011,166,No Fatality,0,0,47
5231,2020-01-03,2020-01-03,1.0,Heavy Rains,Maharashtra,0.0,0.0,2020.0,1.0,3.0,1.0,4.0,1,Winter,1.0,1,1011,108,No Fatality,0,0,47
5232,2020-10-05,2020-10-05,1.0,Heavy Rains,Maharashtra,0.0,0.0,2020.0,10.0,5.0,4.0,0.0,41,Post-Monsoon,1.0,1,1011,501,No Fatality,0,0,47
5233,2020-06-18,2020-06-18,1.0,Heavy Rains,Maharashtra,1.0,0.0,2020.0,6.0,18.0,2.0,3.0,25,Monsoon,1.0,1,1011,1071,Low,0,1,47
5234,2020-06-28,2020-06-28,1.0,Heavy Rains,Maharashtra,0.0,0.0,2020.0,6.0,28.0,2.0,6.0,26,Monsoon,1.0,1,1011,1071,No Fatality,0,1,47
5235,2020-03-07,2020-04-07,2.0,Heavy Rains,Maharashtra,0.0,0.0,2020.0,3.0,7.0,1.0,5.0,10,Summer,32.0,1,1011,166,No Fatality,0,0,47
5236,2020-07-14,2020-07-16,3.0,Heavy Rains,Maharashtra,0.0,0.0,2020.0,7.0,14.0,3.0,1.0,29,Monsoon,3.0,1,1011,1709,No Fatality,0,1,47
5237,2020-07-16,2020-07-16,1.0,Heavy Rains,Maharashtra,4.0,6.0,2020.0,7.0,16.0,3.0,3.0,29,Monsoon,1.0,1,1011,1709,Low,0,1,47
5238,2020-07-20,2020-07-20,1.0,Landslide,Maharashtra,0.0,1.0,2020.0,7.0,20.0,3.0,0.0,30,Monsoon,1.0,1,1011,1709,No Fatality,0,1,47
5239,2020-07-20,2020-07-22,3.0,Heavy Rains,Maharashtra,0.0,0.0,2020.0,7.0,20.0,3.0,0.0,30,Monsoon,3.0,1,1011,1709,No Fatality,0,1,47
5240,2020-07-24,2020-07-28,2.0,Heavy Rains,Maharashtra,0.0,0.0,2020.0,7.0,24.0,3.0,4.0,30,Monsoon,5.0,1,1011,1709,No Fatality,0,1,47
5241,2020-04-08,2020-06-08,3.0,Heavy Rains & Landslide,Maharashtra,2.0,0.0,2020.0,4.0,8.0,2.0,2.0,15,Summer,62.0,1,1011,171,Low,0,0,47
5242,2020-08-14,2020-08-15,2.0,Heavy Rains ,Maharashtra,0.0,0.0,2020.0,8.0,14.0,3.0,4.0,33,Monsoon,2.0,1,1011,1382,No Fatality,0,1,47
5243,2020-08-18,2020-08-21,2.0,Heavy Rains ,Maharashtra,0.0,0.0,2020.0,8.0,18.0,3.0,1.0,34,Monsoon,4.0,1,1011,1382,No Fatality,0,1,47
5244,2020-08-24,2020-08-27,4.0,Heavy Rains ,Maharashtra,0.0,0.0,2020.0,8.0,24.0,3.0,0.0,35,Monsoon,4.0,1,1011,1382,No Fatality,0,1,47
5245,2020-08-29,2020-08-31,3.0,Heavy Rains & Floods,Maharashtra,1.0,0.0,2020.0,8.0,29.0,3.0,5.0,35,Monsoon,3.0,1,1011,1382,Low,0,1,47
5246,2020-01-09,2020-01-09,1.0,Heavy Rains,Maharashtra,0.0,0.0,2020.0,1.0,9.0,1.0,3.0,2,Winter,1.0,1,1011,108,No Fatality,0,0,47
5247,2020-03-09,2020-07-09,5.0,Heavy Rains,Maharashtra,0.0,0.0,2020.0,3.0,9.0,1.0,0.0,11,Summer,123.0,1,1011,166,No Fatality,0,0,47
5248,2020-05-09,2020-08-09,4.0,Heavy Rains,Maharashtra,0.0,2.0,2020.0,5.0,9.0,2.0,5.0,19,Summer,93.0,1,1011,479,No Fatality,0,0,47
5249,2020-09-09,2020-09-09,1.0,Heavy Rains,Maharashtra,0.0,0.0,2020.0,9.0,9.0,3.0,2.0,37,Monsoon,1.0,1,1011,938,No Fatality,0,1,47
5250,2020-11-09,2020-09-17,7.0,Heavy Rains,Maharashtra,0.0,0.0,2020.0,11.0,9.0,4.0,0.0,46,Post-Monsoon,-52.0,1,1011,194,No Fatality,0,0,47
5251,2020-09-15,2020-09-15,1.0,Heavy Rains,Maharashtra,0.0,0.0,2020.0,9.0,15.0,3.0,1.0,38,Monsoon,1.0,1,1011,938,No Fatality,0,1,47
5252,2020-09-19,2020-09-24,6.0,Heavy Rains & Floods,Maharashtra,10.0,0.0,2020.0,9.0,19.0,3.0,5.0,38,Monsoon,6.0,1,1011,938,Low,0,1,47
5253,2020-09-22,2020-09-22,1.0,Heavy Rains,Maharashtra,1.0,0.0,2020.0,9.0,22.0,3.0,1.0,39,Monsoon,1.0,1,1011,938,Low,0,1,47
5254,2020-09-26,2020-09-26,1.0,Heavy Rains,Maharashtra,0.0,0.0,2020.0,9.0,26.0,3.0,5.0,39,Monsoon,1.0,1,1011,938,No Fatality,0,1,47
5255,2020-09-28,2020-09-29,2.0,Heavy Rains,Maharashtra,0.0,0.0,2020.0,9.0,28.0,3.0,0.0,40,Monsoon,2.0,1,1011,938,No Fatality,0,1,47
5256,2020-02-10,2020-02-10,1.0,Heavy Rains,Maharashtra,0.0,0.0,2020.0,2.0,10.0,1.0,0.0,7,Winter,1.0,1,1011,66,No Fatality,0,0,47
5257,2020-07-10,2020-09-10,3.0,Heavy Rains,Maharashtra,0.0,0.0,2020.0,7.0,10.0,3.0,4.0,28,Monsoon,63.0,1,1011,1709,No Fatality,0,1,47
5258,2020-10-10,2020-12-10,2.0,Heavy Rains,Maharashtra,1.0,0.0,2020.0,10.0,10.0,4.0,5.0,41,Post-Monsoon,62.0,1,1011,501,Low,0,0,47
5259,2020-10-10,2020-10-15,6.0,Heavy Rains,Maharashtra,0.0,0.0,2020.0,10.0,10.0,4.0,5.0,41,Post-Monsoon,6.0,1,1011,501,No Fatality,0,0,47
5260,2020-10-14,2020-10-14,1.0,Heavy rains & Floods,Maharashtra,7.0,0.0,2020.0,10.0,14.0,4.0,2.0,42,Post-Monsoon,1.0,1,1011,501,Low,0,0,47
5261,2020-10-15,2020-10-15,1.0,Heavy rains & Floods,Maharashtra,0.0,0.0,2020.0,10.0,15.0,4.0,3.0,42,Post-Monsoon,1.0,1,1011,501,No Fatality,0,0,47
5262,2020-10-15,2020-10-15,1.0,Heavy rains & Floods,Maharashtra,3.0,0.0,2020.0,10.0,15.0,4.0,3.0,42,Post-Monsoon,1.0,1,1011,501,Low,0,0,47
5263,2020-10-16,2020-10-16,1.0,Heavy rains & Floods,Maharashtra,29.0,0.0,2020.0,10.0,16.0,4.0,4.0,42,Post-Monsoon,1.0,1,1011,501,Medium,1,0,47
5264,2020-10-17,2020-10-17,1.0,Heavy Rains,Maharashtra,0.0,0.0,2020.0,10.0,17.0,4.0,5.0,42,Post-Monsoon,1.0,1,1011,501,No Fatality,0,0,47
5265,2020-10-18,2020-10-20,2.0,Heavy rains & Floods,Maharashtra,0.0,0.0,2020.0,10.0,18.0,4.0,6.0,42,Post-Monsoon,3.0,1,1011,501,No Fatality,0,0,47
5266,2020-10-20,2020-10-23,4.0,Heavy rains,Maharashtra,0.0,0.0,2020.0,10.0,20.0,4.0,1.0,43,Post-Monsoon,4.0,1,1011,501,No Fatality,0,0,47
5267,2020-05-25,2020-05-25,1.0,Heavy rains & Floods,Meghalaya,1.0,0.0,2020.0,5.0,25.0,2.0,0.0,22,Summer,1.0,1,57,479,Low,0,0,51
5268,2020-09-22,2020-09-22,1.0,Heavy rains & Floods,Meghalaya,5.0,0.0,2020.0,9.0,22.0,3.0,1.0,39,Monsoon,1.0,1,57,938,Low,0,1,51
5269,2020-09-22,2020-09-26,1.0,"Heavy rains, Floods & Landslide",Meghalaya,2.0,2.0,2020.0,9.0,22.0,3.0,1.0,39,Monsoon,5.0,1,57,938,Low,0,1,51
5270,2020-09-25,2020-09-25,1.0,Landslide,Meghalaya,2.0,0.0,2020.0,9.0,25.0,3.0,4.0,39,Monsoon,1.0,1,57,938,Low,0,1,51
5271,2020-10-25,2020-10-25,1.0,Heavy rains & Floods,Meghalaya,2.0,3.0,2020.0,10.0,25.0,4.0,6.0,43,Post-Monsoon,1.0,1,57,501,Low,0,0,51
5272,2020-03-07,2020-06-07,4.0,Heavy rains & Floods,Nagaland,7.0,0.0,2020.0,3.0,7.0,1.0,5.0,10,Summer,93.0,1,18,166,Low,0,0,53
5273,2020-07-23,2020-03-09,16.0,Heavy rains & Floods,Odisha,38.0,0.0,2020.0,7.0,23.0,3.0,3.0,30,Monsoon,-135.0,1,144,1709,Medium,1,1,55
5274,2020-10-14,2020-10-14,1.0,Heavy rains,Odisha,0.0,0.0,2020.0,10.0,14.0,4.0,2.0,42,Post-Monsoon,1.0,1,144,501,No Fatality,0,0,55
5275,2020-01-07,2020-07-07,7.0,Unknown,Punjab,2.0,0.0,2020.0,1.0,7.0,1.0,1.0,2,Winter,183.0,1,171,108,Low,0,0,61
5276,2020-05-08,2020-05-08,1.0,Heavy rains,Rajasthan,2.0,0.0,2020.0,5.0,8.0,2.0,4.0,19,Summer,1.0,1,259,479,Low,0,0,62
5277,2020-08-14,2020-08-14,1.0,Heavy rains,Rajasthan,5.0,0.0,2020.0,8.0,14.0,3.0,4.0,33,Monsoon,1.0,1,259,1382,Low,0,1,62
5278,2020-08-16,2020-08-16,1.0,Heavy rains,Rajasthan,7.0,0.0,2020.0,8.0,16.0,3.0,6.0,33,Monsoon,1.0,1,259,1382,Low,0,1,62
5279,2020-08-22,2020-08-22,1.0,Heavy rains,Rajasthan,4.0,0.0,2020.0,8.0,22.0,3.0,5.0,34,Monsoon,1.0,1,259,1382,Low,0,1,62
5280,2020-09-19,2020-09-19,1.0,Heavy rains,Rajasthan,0.0,0.0,2020.0,9.0,19.0,3.0,5.0,38,Monsoon,1.0,1,259,938,No Fatality,0,1,62
5281,2020-05-24,2020-05-24,1.0,Landslide,Sikkim,1.0,2.0,2020.0,5.0,24.0,2.0,6.0,21,Summer,1.0,1,64,479,Low,0,0,65
5282,2020-06-06,2020-06-06,1.0,Landslide,Sikkim,2.0,0.0,2020.0,6.0,6.0,2.0,5.0,23,Monsoon,1.0,1,64,1071,Low,0,1,65
5283,2020-06-27,2020-06-29,3.0,Heavy Rains & Landslide,Sikkim,0.0,0.0,2020.0,6.0,27.0,2.0,5.0,26,Monsoon,3.0,1,64,1071,No Fatality,0,1,65
5284,2020-06-09,2020-06-09,1.0,Heavy Rains & Landslide,Sikkim,0.0,0.0,2020.0,6.0,9.0,2.0,1.0,24,Monsoon,1.0,1,64,1071,No Fatality,0,1,65
5285,2020-02-10,2020-02-10,1.0,Landslide,Sikkim,2.0,3.0,2020.0,2.0,10.0,1.0,0.0,7,Winter,1.0,1,64,66,Low,0,0,65
5286,2020-08-15,2020-08-15,1.0,Heavy rains,Telangana,1.0,0.0,2020.0,8.0,15.0,3.0,5.0,33,Monsoon,1.0,1,148,1382,Low,0,1,67
5287,2020-09-20,2020-09-20,1.0,Heavy rains,Telangana,0.0,0.0,2020.0,9.0,20.0,3.0,6.0,38,Monsoon,1.0,1,148,938,No Fatality,0,1,67
5288,2020-09-25,2020-09-25,1.0,Heavy rains,Telangana,1.0,0.0,2020.0,9.0,25.0,3.0,4.0,39,Monsoon,1.0,1,148,938,Low,0,1,67
5289,2020-01-10,2020-10-20,20.0,"Heavy Rains,Floods",Telangana,61.0,0.0,2020.0,1.0,10.0,1.0,4.0,2,Winter,285.0,1,148,108,High,1,0,67
5290,2020-06-23,2020-06-23,1.0,Heavy rains,Uttar Pradesh,3.0,0.0,2020.0,6.0,23.0,2.0,1.0,26,Monsoon,1.0,1,448,1071,Low,0,1,69
5291,2020-06-25,2020-06-26,2.0,Heavy rains,Uttar Pradesh,7.0,0.0,2020.0,6.0,25.0,2.0,3.0,26,Monsoon,2.0,1,448,1071,Low,0,1,69
5292,2020-08-08,2020-08-08,1.0,"Heavy rains & Floods in Sharada, Rapti, Sharayu & Ghagara River",Uttar Pradesh,0.0,0.0,2020.0,8.0,8.0,3.0,5.0,32,Monsoon,1.0,1,448,1382,No Fatality,0,1,69
5293,2020-08-18,2020-08-18,1.0,"Heavy rains & Floods in Sharada, Rapti, Sharayu & Ghagara River",Uttar Pradesh,14.0,0.0,2020.0,8.0,18.0,3.0,1.0,34,Monsoon,1.0,1,448,1382,Medium,1,1,69
5294,2020-07-15,2020-07-15,1.0,Heavy Rains,Uttarakhand,4.0,2.0,2020.0,7.0,15.0,3.0,2.0,29,Monsoon,1.0,1,107,1709,Low,0,1,78
5295,2020-07-18,2020-07-19,2.0,Heavy Rains & Cloud Burst,Uttarakhand,3.0,0.0,2020.0,7.0,18.0,3.0,5.0,29,Monsoon,2.0,1,107,1709,Low,0,1,78
5296,2020-08-25,2020-08-25,1.0,Heavy Rains & Cloud Burst,Uttarakhand,1.0,3.0,2020.0,8.0,25.0,3.0,1.0,35,Monsoon,1.0,1,107,1382,Low,0,1,78
5297,2020-03-14,2020-03-14,1.0,Landslide,West Bengal,3.0,0.0,2020.0,3.0,14.0,1.0,5.0,11,Summer,1.0,1,330,166,Low,0,0,79
5298,2020-01-06,2020-07-07,37.0,Heavy rains & Floods,West Bengal,90.0,0.0,2020.0,1.0,6.0,1.0,0.0,2,Winter,184.0,1,330,108,High,1,0,79
5299,2020-08-07,2020-07-20,13.0,Heavy rains & Floods,West Bengal,52.0,0.0,2020.0,8.0,7.0,3.0,4.0,32,Monsoon,-17.0,1,330,1382,High,1,1,79
5300,2020-07-19,2020-07-19,1.0,Heavy rain,New Delhi,1.0,0.0,2020.0,7.0,19.0,3.0,6.0,29,Monsoon,1.0,1,1,1709,Low,0,1,54
5301,2020-03-29,2020-03-29,1.0,Massive Landslide,Jammu & Kashmir,0.0,0.0,2020.0,3.0,29.0,1.0,6.0,13,Summer,1.0,1,109,166,No Fatality,0,0,32
5302,2020-04-19,2020-04-19,1.0,Rains,Jammu & Kashmir,2.0,0.0,2020.0,4.0,19.0,2.0,6.0,16,Summer,1.0,1,109,171,Low,0,0,32
5303,2020-04-27,2020-04-27,1.0,flash floods,Jammu & Kashmir,4.0,0.0,2020.0,4.0,27.0,2.0,0.0,18,Summer,1.0,1,109,171,Low,0,0,32
5304,2020-02-05,2020-02-05,1.0,Cloudburst,Jammu & Kashmir,2.0,0.0,2020.0,2.0,5.0,1.0,2.0,6,Winter,1.0,1,109,66,Low,0,0,32
5305,2020-03-06,2020-03-06,1.0,Heavy rains,Jammu & Kashmir,0.0,0.0,2020.0,3.0,6.0,1.0,4.0,10,Summer,1.0,1,109,166,No Fatality,0,0,32
5306,2020-06-06,2020-06-06,1.0,Heavy rains,Jammu & Kashmir,0.0,0.0,2020.0,6.0,6.0,2.0,5.0,23,Monsoon,1.0,1,109,1071,No Fatality,0,1,32
5307,2020-09-08,2020-09-08,1.0,Cloudburst / flash floods,Jammu & Kashmir,1.0,4.0,2020.0,9.0,8.0,3.0,1.0,37,Monsoon,1.0,1,109,938,Low,0,1,32
5308,2020-08-26,2020-08-26,1.0,Heavy rains & Landslide,Jammu & Kashmir,2.0,0.0,2020.0,8.0,26.0,3.0,2.0,35,Monsoon,1.0,1,109,1382,Low,0,1,32
5309,2020-08-27,2020-08-27,1.0,Unknown,Jammu & Kashmir,2.0,0.0,2020.0,8.0,27.0,3.0,3.0,35,Monsoon,1.0,1,109,1382,Low,0,1,32
5310,2021-09-06,2021-09-06,1.0,Heavy rains & Floods  ,Andhra Pradesh,2.0,0.0,2021.0,9.0,6.0,3.0,0.0,36,Monsoon,1.0,1,150,938,Low,0,1,1
5311,2021-11-08,2021-11-21,14.0,Heavy rains & Floods  ,Andhra Pradesh,7.0,0.0,2021.0,11.0,8.0,4.0,0.0,45,Post-Monsoon,14.0,1,150,194,Low,0,0,1
5312,2021-11-08,2021-11-21,14.0,Heavy rains & Floods  ,Andhra Pradesh,13.0,0.0,2021.0,11.0,8.0,4.0,0.0,45,Post-Monsoon,14.0,1,150,194,Medium,1,0,1
5313,2021-11-08,2021-11-21,14.0,Heavy rains & Floods  ,Andhra Pradesh,13.0,0.0,2021.0,11.0,8.0,4.0,0.0,45,Post-Monsoon,14.0,1,150,194,Medium,1,0,1
5314,2021-11-08,2021-11-21,14.0,Heavy rains & Floods  ,Andhra Pradesh,3.0,0.0,2021.0,11.0,8.0,4.0,0.0,45,Post-Monsoon,14.0,1,150,194,Low,0,0,1
5315,2021-11-08,2021-11-21,14.0,Heavy rains & Floods  ,Andhra Pradesh,0.0,0.0,2021.0,11.0,8.0,4.0,0.0,45,Post-Monsoon,14.0,1,150,194,No Fatality,0,0,1
5316,2021-11-08,2021-11-21,14.0,Heavy rains & Floods  ,Andhra Pradesh,8.0,0.0,2021.0,11.0,8.0,4.0,0.0,45,Post-Monsoon,14.0,1,150,194,Low,0,0,1
5317,2021-06-01,2021-06-30,30.0,"Heavy Rains  & Flood (Brahmaputra,tributaries)",Assam,0.0,0.0,2021.0,6.0,1.0,2.0,1.0,22,Monsoon,30.0,1,908,1071,No Fatality,0,1,5
5318,2021-08-30,2021-08-30,1.0,"Heavy Rains  & Flood (Brahmaputra,tributaries)",Assam,0.0,0.0,2021.0,8.0,30.0,3.0,0.0,35,Monsoon,1.0,1,908,1382,No Fatality,0,1,5
5319,2021-08-30,2021-08-30,1.0,"Heavy Rains  & Flood (Brahmaputra,tributaries)",Assam,1.0,0.0,2021.0,8.0,30.0,3.0,0.0,35,Monsoon,1.0,1,908,1382,Low,0,1,5
5320,2021-08-30,2021-08-30,1.0,"Heavy Rains  & Flood (Brahmaputra,tributaries)",Assam,1.0,0.0,2021.0,8.0,30.0,3.0,0.0,35,Monsoon,1.0,1,908,1382,Low,0,1,5
5321,2021-08-31,2021-08-31,1.0,"Heavy Rains  & Flood (Brahmaputra,tributaries)",Assam,0.0,0.0,2021.0,8.0,31.0,3.0,1.0,35,Monsoon,1.0,1,908,1382,No Fatality,0,1,5
5322,2021-08-31,2021-08-31,1.0,"Heavy Rains  & Flood (Brahmaputra,tributaries)",Assam,1.0,0.0,2021.0,8.0,31.0,3.0,1.0,35,Monsoon,1.0,1,908,1382,Low,0,1,5
5323,2021-08-25,2021-08-31,7.0,"Heavy Rains  & Flood (Brahmaputra,tributaries)",Assam,0.0,0.0,2021.0,8.0,25.0,3.0,2.0,34,Monsoon,7.0,1,908,1382,No Fatality,0,1,5
5324,2021-09-01,2021-09-01,1.0,"Heavy Rains  & Flood (Brahmaputra,tributaries)",Assam,0.0,0.0,2021.0,9.0,1.0,3.0,2.0,35,Monsoon,1.0,1,908,938,No Fatality,0,1,5
5325,2021-09-01,2021-09-01,1.0,"Heavy Rains  & Flood (Brahmaputra,tributaries)",Assam,1.0,0.0,2021.0,9.0,1.0,3.0,2.0,35,Monsoon,1.0,1,908,938,Low,0,1,5
5326,2021-09-01,2021-09-01,1.0,"Heavy Rains  & Flood (Brahmaputra,tributaries)",Assam,1.0,0.0,2021.0,9.0,1.0,3.0,2.0,35,Monsoon,1.0,1,908,938,Low,0,1,5
5327,2021-09-02,2021-09-02,1.0,"Heavy Rains  & Flood (Brahmaputra,tributaries)",Assam,0.0,0.0,2021.0,9.0,2.0,3.0,3.0,35,Monsoon,1.0,1,908,938,No Fatality,0,1,5
5328,2021-09-02,2021-09-02,1.0,"Heavy Rains  & Flood (Brahmaputra,tributaries)",Assam,1.0,0.0,2021.0,9.0,2.0,3.0,3.0,35,Monsoon,1.0,1,908,938,Low,0,1,5
5329,2021-09-02,2021-09-02,1.0,"Heavy Rains  & Flood (Brahmaputra,tributaries)",Assam,1.0,0.0,2021.0,9.0,2.0,3.0,3.0,35,Monsoon,1.0,1,908,938,Low,0,1,5
5330,2021-09-03,2021-09-03,1.0,"Heavy Rains  & Flood (Brahmaputra,tributaries)",Assam,0.0,0.0,2021.0,9.0,3.0,3.0,4.0,35,Monsoon,1.0,1,908,938,No Fatality,0,1,5
5331,2021-09-03,2021-09-03,1.0,"Heavy Rains  & Flood (Brahmaputra,tributaries)",Assam,1.0,0.0,2021.0,9.0,3.0,3.0,4.0,35,Monsoon,1.0,1,908,938,Low,0,1,5
5332,2021-09-04,2021-09-04,1.0,"Heavy Rains  & Flood (Brahmaputra,tributaries)",Assam,0.0,0.0,2021.0,9.0,4.0,3.0,5.0,35,Monsoon,1.0,1,908,938,No Fatality,0,1,5
5333,2021-09-04,2021-09-04,1.0,"Heavy Rains  & Flood (Brahmaputra,tributaries)",Assam,3.0,0.0,2021.0,9.0,4.0,3.0,5.0,35,Monsoon,1.0,1,908,938,Low,0,1,5
5334,2021-09-05,2021-09-05,1.0,"Heavy Rains  & Flood (Brahmaputra,tributaries)",Assam,0.0,0.0,2021.0,9.0,5.0,3.0,6.0,35,Monsoon,1.0,1,908,938,No Fatality,0,1,5
5335,2021-09-05,2021-09-05,1.0,"Heavy Rains  & Flood (Brahmaputra,tributaries)",Assam,1.0,0.0,2021.0,9.0,5.0,3.0,6.0,35,Monsoon,1.0,1,908,938,Low,0,1,5
5336,2021-09-06,2021-09-06,1.0,"Heavy Rains  & Flood (Brahmaputra,tributaries)",Assam,1.0,0.0,2021.0,9.0,6.0,3.0,0.0,36,Monsoon,1.0,1,908,938,Low,0,1,5
5337,2021-09-06,2021-09-06,1.0,"Heavy Rains  & Flood (Brahmaputra,tributaries)",Assam,0.0,0.0,2021.0,9.0,6.0,3.0,0.0,36,Monsoon,1.0,1,908,938,No Fatality,0,1,5
5338,2021-09-07,2021-09-07,1.0,"Heavy Rains  & Flood (Brahmaputra,tributaries)",Assam,0.0,0.0,2021.0,9.0,7.0,3.0,1.0,36,Monsoon,1.0,1,908,938,No Fatality,0,1,5
5339,2021-09-07,2021-09-07,1.0,"Heavy Rains  & Flood (Brahmaputra,tributaries)",Assam,1.0,0.0,2021.0,9.0,7.0,3.0,1.0,36,Monsoon,1.0,1,908,938,Low,0,1,5
5340,2021-06-28,2021-06-28,1.0,Heavy Rains & flood,Bihar,0.0,0.0,2021.0,6.0,28.0,2.0,0.0,26,Monsoon,1.0,1,149,1071,No Fatality,0,1,9
5341,2021-08-07,2021-08-17,11.0,Heavy Rains & floods in Ganga & tributaries,Bihar,12.0,0.0,2021.0,8.0,7.0,3.0,5.0,31,Monsoon,11.0,1,149,1382,Medium,1,1,9
5342,2021-07-10,2021-07-10,1.0,Heavy Rains,Gujarat,0.0,0.0,2021.0,7.0,10.0,3.0,5.0,27,Monsoon,1.0,1,168,1709,No Fatality,0,1,26
5343,2021-09-07,2021-09-14,8.0,Heavy Rains & Floods,Gujarat,7.0,0.0,2021.0,9.0,7.0,3.0,1.0,36,Monsoon,8.0,1,168,938,Low,0,1,26
5344,2021-07-22,2021-07-22,1.0,Heavy Rains & Floods,Goa,0.0,0.0,2021.0,7.0,22.0,3.0,3.0,29,Monsoon,1.0,1,30,1709,No Fatality,0,1,22
5345,2021-07-22,2021-07-22,1.0,Heavy Rains & Floods,Goa,1.0,0.0,2021.0,7.0,22.0,3.0,3.0,29,Monsoon,1.0,1,30,1709,Low,0,1,22
5346,2021-07-12,2021-07-12,1.0,Cloud Burst & Floods (Manjhi River),Himachal Pradesh,2.0,0.0,2021.0,7.0,12.0,3.0,0.0,28,Monsoon,1.0,1,362,1709,Low,0,1,29
5347,2021-07-12,2021-07-12,1.0,Landslide,Himachal Pradesh,6.0,0.0,2021.0,7.0,12.0,3.0,0.0,28,Monsoon,1.0,1,362,1709,Low,0,1,29
5348,2021-07-19,2021-07-19,1.0,"Heavy Rains, Floods (Ravi river) & Landslide at Balogi",Himachal Pradesh,4.0,0.0,2021.0,7.0,19.0,3.0,0.0,29,Monsoon,1.0,1,362,1709,Low,0,1,29
5349,2021-07-25,2021-07-25,1.0,Landslide,Himachal Pradesh,9.0,0.0,2021.0,7.0,25.0,3.0,6.0,29,Monsoon,1.0,1,362,1709,Low,0,1,29
5350,2021-07-27,2021-07-27,1.0,Flash Floods triggered by Cloudburst,Himachal Pradesh,2.0,0.0,2021.0,7.0,27.0,3.0,1.0,30,Monsoon,1.0,1,362,1709,Low,0,1,29
5351,2021-07-27,2021-07-27,1.0,Flash Floods triggered by Cloudburst,Himachal Pradesh,4.0,0.0,2021.0,7.0,27.0,3.0,1.0,30,Monsoon,1.0,1,362,1709,Low,0,1,29
5352,2021-07-27,2021-07-27,1.0,Flash Floods triggered by Cloudburst,Himachal Pradesh,8.0,2.0,2021.0,7.0,27.0,3.0,1.0,30,Monsoon,1.0,1,362,1709,Low,0,1,29
5353,2021-08-03,2021-08-03,1.0,Landslide,Himachal Pradesh,1.0,0.0,2021.0,8.0,3.0,3.0,1.0,31,Monsoon,1.0,1,362,1382,Low,0,1,29
5354,2021-08-11,2021-08-11,1.0,Landslide,Himachal Pradesh,25.0,13.0,2021.0,8.0,11.0,3.0,2.0,32,Monsoon,1.0,1,362,1382,Medium,1,1,29
5355,2021-09-20,2021-09-20,1.0,Heavy Rains,Himachal Pradesh,0.0,0.0,2021.0,9.0,20.0,3.0,0.0,38,Monsoon,1.0,1,362,938,No Fatality,0,1,29
5356,2021-04-06,2021-04-06,1.0,Heavy rains,Karnataka,0.0,1.0,2021.0,4.0,6.0,2.0,1.0,14,Summer,1.0,1,491,171,No Fatality,0,0,37
5357,2021-04-11,2021-04-12,2.0,Heavy rains,Karnataka,0.0,0.0,2021.0,4.0,11.0,2.0,6.0,14,Summer,2.0,1,491,171,No Fatality,0,0,37
5358,2021-04-11,2021-04-12,2.0,Heavy rains,Karnataka,1.0,0.0,2021.0,4.0,11.0,2.0,6.0,14,Summer,2.0,1,491,171,Low,0,0,37
5359,2021-07-22,2021-07-24,3.0,"Heavy rains, Flood & Landslides",Karnataka,2.0,0.0,2021.0,7.0,22.0,3.0,3.0,29,Monsoon,3.0,1,491,1709,Low,0,1,37
5360,2021-07-22,2021-07-24,3.0,"Heavy rains, Flood & Landslides",Karnataka,1.0,0.0,2021.0,7.0,22.0,3.0,3.0,29,Monsoon,3.0,1,491,1709,Low,0,1,37
5361,2021-07-22,2021-07-24,3.0,"Heavy rains, Flood & Landslides",Karnataka,1.0,0.0,2021.0,7.0,22.0,3.0,3.0,29,Monsoon,3.0,1,491,1709,Low,0,1,37
5362,2021-07-22,2021-07-24,3.0,"Heavy rains, Flood & Landslides",Karnataka,1.0,0.0,2021.0,7.0,22.0,3.0,3.0,29,Monsoon,3.0,1,491,1709,Low,0,1,37
5363,2021-07-22,2021-07-24,3.0,"Heavy rains, Flood & Landslides",Karnataka,4.0,0.0,2021.0,7.0,22.0,3.0,3.0,29,Monsoon,3.0,1,491,1709,Low,0,1,37
5364,2021-07-22,2021-07-24,3.0,"Heavy rains, Flood & Landslides",Karnataka,0.0,0.0,2021.0,7.0,22.0,3.0,3.0,29,Monsoon,3.0,1,491,1709,No Fatality,0,1,37
5365,2021-10-03,2021-10-06,4.0,Heavy Rains,Karnataka,7.0,0.0,2021.0,10.0,3.0,4.0,6.0,39,Post-Monsoon,4.0,1,491,501,Low,0,0,37
5366,2021-10-03,2021-10-06,4.0,Heavy Rains,Karnataka,1.0,1.0,2021.0,10.0,3.0,4.0,6.0,39,Post-Monsoon,4.0,1,491,501,Low,0,0,37
5367,2021-11-15,2021-11-20,6.0,Heavy Rains & Floods,Karnataka,6.0,0.0,2021.0,11.0,15.0,4.0,0.0,46,Post-Monsoon,6.0,1,491,194,Low,0,0,37
5368,2021-11-15,2021-11-20,6.0,Heavy Rains & Floods,Karnataka,1.0,0.0,2021.0,11.0,15.0,4.0,0.0,46,Post-Monsoon,6.0,1,491,194,Low,0,0,37
5369,2021-11-15,2021-11-20,6.0,Heavy Rains & Floods,Karnataka,1.0,0.0,2021.0,11.0,15.0,4.0,0.0,46,Post-Monsoon,6.0,1,491,194,Low,0,0,37
5370,2021-11-15,2021-11-20,6.0,Heavy Rains & Floods,Karnataka,7.0,0.0,2021.0,11.0,15.0,4.0,0.0,46,Post-Monsoon,6.0,1,491,194,Low,0,0,37
5371,2021-01-03,2021-01-03,1.0,Heavy   Rains,Kerala,0.0,0.0,2021.0,1.0,3.0,1.0,6.0,53,Winter,1.0,1,604,108,No Fatality,0,0,39
5372,2021-01-10,2021-01-10,1.0,Heavy   Rains,Kerala,0.0,0.0,2021.0,1.0,10.0,1.0,6.0,1,Winter,1.0,1,604,108,No Fatality,0,0,39
5373,2021-04-02,2021-04-02,1.0,Heavy   Rains & Mudslide,Kerala,0.0,0.0,2021.0,4.0,2.0,2.0,4.0,13,Summer,1.0,1,604,171,No Fatality,0,0,39
5374,2021-04-10,2021-04-10,1.0,Heavy   Rains,Kerala,0.0,0.0,2021.0,4.0,10.0,2.0,5.0,14,Summer,1.0,1,604,171,No Fatality,0,0,39
5375,2021-04-11,2021-04-12,2.0,Heavy   Rains,Kerala,0.0,0.0,2021.0,4.0,11.0,2.0,6.0,14,Summer,2.0,1,604,171,No Fatality,0,0,39
5376,2021-04-13,2021-04-13,1.0,Heavy   Rains,Kerala,0.0,6.0,2021.0,4.0,13.0,2.0,1.0,15,Summer,1.0,1,604,171,No Fatality,0,0,39
5377,2021-04-18,2021-04-18,1.0,Heavy   Rains,Kerala,0.0,0.0,2021.0,4.0,18.0,2.0,6.0,15,Summer,1.0,1,604,171,No Fatality,0,0,39
5378,2021-04-19,2021-04-19,1.0,Heavy   Rains,Kerala,0.0,0.0,2021.0,4.0,19.0,2.0,0.0,16,Summer,1.0,1,604,171,No Fatality,0,0,39
5379,2021-04-20,2021-04-21,2.0,Heavy   Rains,Kerala,0.0,0.0,2021.0,4.0,20.0,2.0,1.0,16,Summer,2.0,1,604,171,No Fatality,0,0,39
5380,2021-04-22,2021-04-22,1.0,Heavy   Rains,Kerala,0.0,0.0,2021.0,4.0,22.0,2.0,3.0,16,Summer,1.0,1,604,171,No Fatality,0,0,39
5381,2021-05-12,2021-05-12,1.0,Heavy rains & Flood,Kerala,0.0,0.0,2021.0,5.0,12.0,2.0,2.0,19,Summer,1.0,1,604,479,No Fatality,0,0,39
5382,2021-05-18,2021-05-18,1.0,Heavy rains & Flood,Kerala,0.0,0.0,2021.0,5.0,18.0,2.0,1.0,20,Summer,1.0,1,604,479,No Fatality,0,0,39
5383,2021-05-20,2021-05-20,1.0,Heavy rains & Flood,Kerala,0.0,0.0,2021.0,5.0,20.0,2.0,3.0,20,Summer,1.0,1,604,479,No Fatality,0,0,39
5384,2021-05-23,2021-05-25,3.0,"Heavy rains, Flood & Mudslide",Kerala,3.0,0.0,2021.0,5.0,23.0,2.0,6.0,20,Summer,3.0,1,604,479,Low,0,0,39
5385,2021-06-05,2021-06-05,1.0,Landslides,Kerala,0.0,0.0,2021.0,6.0,5.0,2.0,5.0,22,Monsoon,1.0,1,604,1071,No Fatality,0,1,39
5386,2021-06-16,2021-06-17,2.0,Heavy rains,Kerala,0.0,0.0,2021.0,6.0,16.0,2.0,2.0,24,Monsoon,2.0,1,604,1071,No Fatality,0,1,39
5387,2021-06-21,2021-06-25,3.0,Heavy rains,Kerala,0.0,0.0,2021.0,6.0,21.0,2.0,0.0,25,Monsoon,5.0,1,604,1071,No Fatality,0,1,39
5388,2021-07-14,2021-07-15,2.0,Heavy rains,Kerala,1.0,1.0,2021.0,7.0,14.0,3.0,2.0,28,Monsoon,2.0,1,604,1709,Low,0,1,39
5389,2021-07-17,2021-07-18,2.0,Heavy rains & Landslide,Kerala,0.0,0.0,2021.0,7.0,17.0,3.0,5.0,28,Monsoon,2.0,1,604,1709,No Fatality,0,1,39
5390,2021-07-21,2021-07-21,1.0,Heavy rains,Kerala,0.0,0.0,2021.0,7.0,21.0,3.0,2.0,29,Monsoon,1.0,1,604,1709,No Fatality,0,1,39
5391,2021-08-03,2021-08-03,1.0,Heavy rains,Kerala,0.0,0.0,2021.0,8.0,3.0,3.0,1.0,31,Monsoon,1.0,1,604,1382,No Fatality,0,1,39
5392,2021-09-27,2021-09-28,2.0,Heavy rains,Kerala,0.0,0.0,2021.0,9.0,27.0,3.0,0.0,39,Monsoon,2.0,1,604,938,No Fatality,0,1,39
5393,2021-10-02,2021-10-02,1.0,Heavy rains,Kerala,0.0,0.0,2021.0,10.0,2.0,4.0,5.0,39,Post-Monsoon,1.0,1,604,501,No Fatality,0,0,39
5394,2021-10-05,2021-10-05,1.0,Heavy rains & Landslips,Kerala,0.0,0.0,2021.0,10.0,5.0,4.0,1.0,40,Post-Monsoon,1.0,1,604,501,No Fatality,0,0,39
5395,2021-10-09,2021-10-09,1.0,Heavy rains,Kerala,0.0,0.0,2021.0,10.0,9.0,4.0,5.0,40,Post-Monsoon,1.0,1,604,501,No Fatality,0,0,39
5396,2021-10-11,2021-10-11,1.0,Heavy Rains & Mudslide ,Kerala,1.0,0.0,2021.0,10.0,11.0,4.0,0.0,41,Post-Monsoon,1.0,1,604,501,Low,0,0,39
5397,2021-10-11,2021-10-11,1.0,Heavy Rains & Mudslide ,Kerala,2.0,0.0,2021.0,10.0,11.0,4.0,0.0,41,Post-Monsoon,1.0,1,604,501,Low,0,0,39
5398,2021-10-12,2021-10-12,1.0,"Heavy Rains, Floods & Landslides",Kerala,0.0,0.0,2021.0,10.0,12.0,4.0,1.0,41,Post-Monsoon,1.0,1,604,501,No Fatality,0,0,39
5399,2021-10-12,2021-10-12,1.0,"Heavy Rains, Floods & Landslides",Kerala,0.0,0.0,2021.0,10.0,12.0,4.0,1.0,41,Post-Monsoon,1.0,1,604,501,No Fatality,0,0,39
5400,2021-10-12,2021-10-12,1.0,"Heavy Rains, Floods & Landslides",Kerala,0.0,0.0,2021.0,10.0,12.0,4.0,1.0,41,Post-Monsoon,1.0,1,604,501,No Fatality,0,0,39
5401,2021-10-12,2021-10-12,1.0,"Heavy Rains, Floods & Landslides",Kerala,0.0,1.0,2021.0,10.0,12.0,4.0,1.0,41,Post-Monsoon,1.0,1,604,501,No Fatality,0,0,39
5402,2021-10-12,2021-10-12,1.0,"Heavy Rains, Floods & Landslides",Kerala,1.0,0.0,2021.0,10.0,12.0,4.0,1.0,41,Post-Monsoon,1.0,1,604,501,Low,0,0,39
5403,2021-10-12,2021-10-12,1.0,"Heavy Rains, Floods & Landslides",Kerala,0.0,0.0,2021.0,10.0,12.0,4.0,1.0,41,Post-Monsoon,1.0,1,604,501,No Fatality,0,0,39
5404,2021-10-12,2021-10-12,1.0,"Heavy Rains, Floods & Landslides",Kerala,1.0,0.0,2021.0,10.0,12.0,4.0,1.0,41,Post-Monsoon,1.0,1,604,501,Low,0,0,39
5405,2021-10-12,2021-10-12,1.0,"Heavy Rains, Floods & Landslides",Kerala,0.0,0.0,2021.0,10.0,12.0,4.0,1.0,41,Post-Monsoon,1.0,1,604,501,No Fatality,0,0,39
5406,2021-10-12,2021-10-12,1.0,"Heavy Rains, Floods & Landslides",Kerala,0.0,0.0,2021.0,10.0,12.0,4.0,1.0,41,Post-Monsoon,1.0,1,604,501,No Fatality,0,0,39
5407,2021-10-16,2021-10-16,1.0,"Heavy Rains, Floods & Landslips",Kerala,0.0,0.0,2021.0,10.0,16.0,4.0,5.0,41,Post-Monsoon,1.0,1,604,501,No Fatality,0,0,39
5408,2021-10-16,2021-10-16,1.0,"Heavy Rains, Floods & Landslips",Kerala,0.0,0.0,2021.0,10.0,16.0,4.0,5.0,41,Post-Monsoon,1.0,1,604,501,No Fatality,0,0,39
5409,2021-10-16,2021-10-16,1.0,"Heavy Rains, Floods & Landslips",Kerala,0.0,0.0,2021.0,10.0,16.0,4.0,5.0,41,Post-Monsoon,1.0,1,604,501,No Fatality,0,0,39
5410,2021-10-16,2021-10-16,1.0,"Heavy Rains, Floods & Landslips",Kerala,11.0,0.0,2021.0,10.0,16.0,4.0,5.0,41,Post-Monsoon,1.0,1,604,501,Medium,1,0,39
5411,2021-10-16,2021-10-16,1.0,"Heavy Rains, Floods & Landslips",Kerala,1.0,0.0,2021.0,10.0,16.0,4.0,5.0,41,Post-Monsoon,1.0,1,604,501,Low,0,0,39
5412,2021-10-16,2021-10-16,1.0,"Heavy Rains, Floods & Landslips",Kerala,14.0,0.0,2021.0,10.0,16.0,4.0,5.0,41,Post-Monsoon,1.0,1,604,501,Medium,1,0,39
5413,2021-10-16,2021-10-16,1.0,"Heavy Rains, Floods & Landslips",Kerala,1.0,0.0,2021.0,10.0,16.0,4.0,5.0,41,Post-Monsoon,1.0,1,604,501,Low,0,0,39
5414,2021-10-16,2021-10-16,1.0,"Heavy Rains, Floods & Landslips",Kerala,2.0,0.0,2021.0,10.0,16.0,4.0,5.0,41,Post-Monsoon,1.0,1,604,501,Low,0,0,39
5415,2021-10-17,2021-10-17,1.0,Heavy Rains & Floods,Kerala,2.0,0.0,2021.0,10.0,17.0,4.0,6.0,41,Post-Monsoon,1.0,1,604,501,Low,0,0,39
5416,2021-10-18,2021-10-18,1.0,Heavy Rains & Floods (Kallar river),Kerala,0.0,0.0,2021.0,10.0,18.0,4.0,0.0,42,Post-Monsoon,1.0,1,604,501,No Fatality,0,0,39
5417,2021-10-11,2021-10-19,9.0,"Heavy rains, Floods & Landslides",Kerala,0.0,0.0,2021.0,10.0,11.0,4.0,0.0,41,Post-Monsoon,9.0,1,604,501,No Fatality,0,0,39
5418,2021-10-11,2021-10-19,9.0,"Heavy rains, Floods & Landslides",Kerala,2.0,0.0,2021.0,10.0,11.0,4.0,0.0,41,Post-Monsoon,9.0,1,604,501,Low,0,0,39
5419,2021-10-11,2021-10-19,9.0,"Heavy rains, Floods & Landslides",Kerala,2.0,0.0,2021.0,10.0,11.0,4.0,0.0,41,Post-Monsoon,9.0,1,604,501,Low,0,0,39
5420,2021-10-11,2021-10-19,9.0,"Heavy rains, Floods & Landslides",Kerala,1.0,0.0,2021.0,10.0,11.0,4.0,0.0,41,Post-Monsoon,9.0,1,604,501,Low,0,0,39
5421,2021-10-20,2021-10-20,1.0,Heavy Rains & Floods,Kerala,0.0,0.0,2021.0,10.0,20.0,4.0,2.0,42,Post-Monsoon,1.0,1,604,501,No Fatality,0,0,39
5422,2021-10-20,2021-10-20,1.0,Heavy Rains & Floods,Kerala,0.0,0.0,2021.0,10.0,20.0,4.0,2.0,42,Post-Monsoon,1.0,1,604,501,No Fatality,0,0,39
5423,2021-10-20,2021-10-20,1.0,Heavy Rains & Floods,Kerala,0.0,0.0,2021.0,10.0,20.0,4.0,2.0,42,Post-Monsoon,1.0,1,604,501,No Fatality,0,0,39
5424,2021-10-23,2021-10-23,1.0,Heavy Rains & Landslips,Kerala,0.0,0.0,2021.0,10.0,23.0,4.0,5.0,42,Post-Monsoon,1.0,1,604,501,No Fatality,0,0,39
5425,2021-10-23,2021-10-23,1.0,Heavy Rains & Landslips,Kerala,0.0,0.0,2021.0,10.0,23.0,4.0,5.0,42,Post-Monsoon,1.0,1,604,501,No Fatality,0,0,39
5426,2021-11-02,2021-11-02,1.0,Landslip,Kerala,0.0,0.0,2021.0,11.0,2.0,4.0,1.0,44,Post-Monsoon,1.0,1,604,194,No Fatality,0,0,39
5427,2021-11-05,2021-11-05,1.0,Heavy Rains & Floods,Kerala,0.0,0.0,2021.0,11.0,5.0,4.0,4.0,44,Post-Monsoon,1.0,1,604,194,No Fatality,0,0,39
5428,2021-11-13,2021-11-13,1.0,Heavy Rains & Landslip,Kerala,0.0,0.0,2021.0,11.0,13.0,4.0,5.0,45,Post-Monsoon,1.0,1,604,194,No Fatality,0,0,39
5429,2021-11-14,2021-11-14,1.0,Heavy Rains & Floods,Kerala,1.0,0.0,2021.0,11.0,14.0,4.0,6.0,45,Post-Monsoon,1.0,1,604,194,Low,0,0,39
5430,2021-11-14,2021-11-14,1.0,Heavy Rains & Floods,Kerala,2.0,2.0,2021.0,11.0,14.0,4.0,6.0,45,Post-Monsoon,1.0,1,604,194,Low,0,0,39
5431,2021-11-14,2021-11-14,1.0,Heavy Rains & Floods,Kerala,1.0,0.0,2021.0,11.0,14.0,4.0,6.0,45,Post-Monsoon,1.0,1,604,194,Low,0,0,39
5432,2021-11-10,2021-11-15,6.0,Heavy Rains,Kerala,0.0,0.0,2021.0,11.0,10.0,4.0,2.0,45,Post-Monsoon,6.0,1,604,194,No Fatality,0,0,39
5433,2021-11-10,2021-11-15,6.0,Heavy Rains,Kerala,1.0,0.0,2021.0,11.0,10.0,4.0,2.0,45,Post-Monsoon,6.0,1,604,194,Low,0,0,39
5434,2021-11-15,2021-11-16,2.0,Heavy Rains & Floods,Kerala,0.0,0.0,2021.0,11.0,15.0,4.0,0.0,46,Post-Monsoon,2.0,1,604,194,No Fatality,0,0,39
5435,2021-11-15,2021-11-16,2.0,Heavy Rains & Floods,Kerala,1.0,0.0,2021.0,11.0,15.0,4.0,0.0,46,Post-Monsoon,2.0,1,604,194,Low,0,0,39
5436,2021-11-17,2021-11-17,1.0,Heavy Rains & Floods,Kerala,1.0,0.0,2021.0,11.0,17.0,4.0,2.0,46,Post-Monsoon,1.0,1,604,194,Low,0,0,39
5437,2021-11-17,2021-11-17,1.0,Heavy Rains & Floods,Kerala,1.0,0.0,2021.0,11.0,17.0,4.0,2.0,46,Post-Monsoon,1.0,1,604,194,Low,0,0,39
5438,2021-11-30,2021-11-30,1.0,Heavy rains,Kerala,0.0,0.0,2021.0,11.0,30.0,4.0,1.0,48,Post-Monsoon,1.0,1,604,194,No Fatality,0,0,39
5439,2021-07-22,2021-07-22,1.0,"Heavy Rains & Floods (Kanthen, Jawar river)  ",Madhya Pradesh,1.0,0.0,2021.0,7.0,22.0,3.0,3.0,29,Monsoon,1.0,1,238,1709,Low,0,1,43
5440,2021-07-24,2021-07-24,1.0,Heavy Rains & Floods (Siwani river),Madhya Pradesh,1.0,0.0,2021.0,7.0,24.0,3.0,5.0,29,Monsoon,1.0,1,238,1709,Low,0,1,43
5441,2021-07-30,2021-07-30,1.0,Heavy Rains,Madhya Pradesh,0.0,0.0,2021.0,7.0,30.0,3.0,4.0,30,Monsoon,1.0,1,238,1709,No Fatality,0,1,43
5442,2021-08-01,2021-08-07,7.0,Heavy Rains & Floods,Madhya Pradesh,1.0,0.0,2021.0,8.0,1.0,3.0,6.0,30,Monsoon,7.0,1,238,1382,Low,0,1,43
5443,2021-08-01,2021-08-07,7.0,Heavy Rains & Floods,Madhya Pradesh,2.0,0.0,2021.0,8.0,1.0,3.0,6.0,30,Monsoon,7.0,1,238,1382,Low,0,1,43
5444,2021-08-01,2021-08-07,7.0,Heavy Rains & Floods,Madhya Pradesh,4.0,0.0,2021.0,8.0,1.0,3.0,6.0,30,Monsoon,7.0,1,238,1382,Low,0,1,43
5445,2021-08-01,2021-08-07,7.0,Heavy Rains & Floods,Madhya Pradesh,1.0,0.0,2021.0,8.0,1.0,3.0,6.0,30,Monsoon,7.0,1,238,1382,Low,0,1,43
5446,2021-08-01,2021-08-07,7.0,Heavy Rains & Floods,Madhya Pradesh,1.0,0.0,2021.0,8.0,1.0,3.0,6.0,30,Monsoon,7.0,1,238,1382,Low,0,1,43
5447,2021-08-01,2021-08-07,7.0,Heavy Rains & Floods,Madhya Pradesh,2.0,0.0,2021.0,8.0,1.0,3.0,6.0,30,Monsoon,7.0,1,238,1382,Low,0,1,43
5448,2021-08-01,2021-08-07,7.0,Heavy Rains & Floods,Madhya Pradesh,19.0,0.0,2021.0,8.0,1.0,3.0,6.0,30,Monsoon,7.0,1,238,1382,Medium,1,1,43
5449,2021-08-30,2021-08-30,1.0,Floods & Heavy Rains,Madhya Pradesh,2.0,0.0,2021.0,8.0,30.0,3.0,0.0,35,Monsoon,1.0,1,238,1382,Low,0,1,43
5450,2021-01-07,2021-01-08,2.0,Heavy Rains,Maharashtra,0.0,0.0,2021.0,1.0,7.0,1.0,3.0,1,Winter,2.0,1,1011,108,No Fatality,0,0,47
5451,2021-01-07,2021-01-08,2.0,Heavy Rains,Maharashtra,0.0,0.0,2021.0,1.0,7.0,1.0,3.0,1,Winter,2.0,1,1011,108,No Fatality,0,0,47
5452,2021-01-30,2021-01-30,1.0,Heavy Rains,Maharashtra,0.0,0.0,2021.0,1.0,30.0,1.0,5.0,4,Winter,1.0,1,1011,108,No Fatality,0,0,47
5453,2021-02-17,2021-02-19,3.0,Heavy Rains,Maharashtra,0.0,0.0,2021.0,2.0,17.0,1.0,2.0,7,Winter,3.0,1,1011,66,No Fatality,0,0,47
5454,2021-02-18,2021-02-19,2.0,Unseasonal Heavy rains,Maharashtra,0.0,0.0,2021.0,2.0,18.0,1.0,3.0,7,Winter,2.0,1,1011,66,No Fatality,0,0,47
5455,2021-02-19,2021-02-21,3.0,Heavy Rains,Maharashtra,0.0,0.0,2021.0,2.0,19.0,1.0,4.0,7,Winter,3.0,1,1011,66,No Fatality,0,0,47
5456,2021-03-19,2021-03-20,2.0,Heavy rains,Maharashtra,0.0,0.0,2021.0,3.0,19.0,1.0,4.0,11,Summer,2.0,1,1011,166,No Fatality,0,0,47
5457,2021-04-14,2021-04-14,1.0,Heavy rains,Maharashtra,0.0,0.0,2021.0,4.0,14.0,2.0,2.0,15,Summer,1.0,1,1011,171,No Fatality,0,0,47
5458,2021-05-07,2021-05-07,1.0,Heavy rains,Maharashtra,0.0,0.0,2021.0,5.0,7.0,2.0,4.0,18,Summer,1.0,1,1011,479,No Fatality,0,0,47
5459,2021-05-09,2021-05-09,1.0,Heavy rains,Maharashtra,0.0,0.0,2021.0,5.0,9.0,2.0,6.0,18,Summer,1.0,1,1011,479,No Fatality,0,0,47
5460,2021-05-10,2021-05-30,5.0,Heavy Rains ,Maharashtra,0.0,0.0,2021.0,5.0,10.0,2.0,0.0,19,Summer,21.0,1,1011,479,No Fatality,0,0,47
5461,2021-06-03,2021-06-03,1.0,Heavy rains,Maharashtra,3.0,0.0,2021.0,6.0,3.0,2.0,3.0,22,Monsoon,1.0,1,1011,1071,Low,0,1,47
5462,2021-06-03,2021-06-03,1.0,Heavy Rains ,Maharashtra,0.0,0.0,2021.0,6.0,3.0,2.0,3.0,22,Monsoon,1.0,1,1011,1071,No Fatality,0,1,47
5463,2021-06-03,2021-06-25,5.0,Heavy Rains ,Maharashtra,0.0,0.0,2021.0,6.0,3.0,2.0,3.0,22,Monsoon,23.0,1,1011,1071,No Fatality,0,1,47
5464,2021-06-09,2021-06-09,1.0,Heavy rains,Maharashtra,0.0,0.0,2021.0,6.0,9.0,2.0,2.0,23,Monsoon,1.0,1,1011,1071,No Fatality,0,1,47
5465,2021-06-09,2021-06-09,1.0,Heavy rains,Maharashtra,11.0,17.0,2021.0,6.0,9.0,2.0,2.0,23,Monsoon,1.0,1,1011,1071,Medium,1,1,47
5466,2021-07-08,2021-07-08,1.0,Heavy Rains ,Maharashtra,0.0,0.0,2021.0,7.0,8.0,3.0,3.0,27,Monsoon,1.0,1,1011,1709,No Fatality,0,1,47
5467,2021-07-09,2021-07-09,1.0,Heavy rains & floods,Maharashtra,2.0,0.0,2021.0,7.0,9.0,3.0,4.0,27,Monsoon,1.0,1,1011,1709,Low,0,1,47
5468,2021-07-11,2021-07-11,1.0,Heavy rains,Maharashtra,2.0,0.0,2021.0,7.0,11.0,3.0,6.0,27,Monsoon,1.0,1,1011,1709,Low,0,1,47
5469,2021-07-11,2021-07-11,1.0,Heavy rains & floods,Maharashtra,1.0,0.0,2021.0,7.0,11.0,3.0,6.0,27,Monsoon,1.0,1,1011,1709,Low,0,1,47
5470,2021-07-12,2021-07-12,1.0,Heavy rains & Floods,Maharashtra,0.0,0.0,2021.0,7.0,12.0,3.0,0.0,28,Monsoon,1.0,1,1011,1709,No Fatality,0,1,47
5471,2021-07-12,2021-07-12,1.0,Heavy rains & Floods,Maharashtra,2.0,0.0,2021.0,7.0,12.0,3.0,0.0,28,Monsoon,1.0,1,1011,1709,Low,0,1,47
5472,2021-07-12,2021-07-12,1.0,Heavy rains & Floods,Maharashtra,1.0,0.0,2021.0,7.0,12.0,3.0,0.0,28,Monsoon,1.0,1,1011,1709,Low,0,1,47
5473,2021-07-12,2021-07-12,1.0,Heavy rains & Floods,Maharashtra,0.0,0.0,2021.0,7.0,12.0,3.0,0.0,28,Monsoon,1.0,1,1011,1709,No Fatality,0,1,47
5474,2021-07-13,2021-07-15,3.0,"Heavy rains,  Floods & Landslides",Maharashtra,3.0,0.0,2021.0,7.0,13.0,3.0,1.0,28,Monsoon,3.0,1,1011,1709,Low,0,1,47
5475,2021-07-13,2021-07-15,3.0,"Heavy rains,  Floods & Landslides",Maharashtra,3.0,0.0,2021.0,7.0,13.0,3.0,1.0,28,Monsoon,3.0,1,1011,1709,Low,0,1,47
5476,2021-07-17,2021-07-17,1.0,"Heavy rains,  Floods & Landslides",Maharashtra,10.0,0.0,2021.0,7.0,17.0,3.0,5.0,28,Monsoon,1.0,1,1011,1709,Low,0,1,47
5477,2021-07-17,2021-07-17,1.0,"Heavy rains,  Floods & Landslides",Maharashtra,22.0,7.0,2021.0,7.0,17.0,3.0,5.0,28,Monsoon,1.0,1,1011,1709,Medium,1,1,47
5478,2021-07-17,2021-07-17,1.0,"Heavy rains,  Floods & Landslides",Maharashtra,1.0,0.0,2021.0,7.0,17.0,3.0,5.0,28,Monsoon,1.0,1,1011,1709,Low,0,1,47
5479,2021-07-17,2021-07-17,1.0,"Heavy rains,  Floods & Landslides",Maharashtra,0.0,0.0,2021.0,7.0,17.0,3.0,5.0,28,Monsoon,1.0,1,1011,1709,No Fatality,0,1,47
5480,2021-07-17,2021-07-17,1.0,"Heavy rains,  Floods & Landslides",Maharashtra,0.0,0.0,2021.0,7.0,17.0,3.0,5.0,28,Monsoon,1.0,1,1011,1709,No Fatality,0,1,47
5481,2021-07-18,2021-07-18,1.0,Heavy Rains,Maharashtra,0.0,0.0,2021.0,7.0,18.0,3.0,6.0,28,Monsoon,1.0,1,1011,1709,No Fatality,0,1,47
5482,2021-07-19,2021-07-19,1.0,Heavy Rains ,Maharashtra,0.0,0.0,2021.0,7.0,19.0,3.0,0.0,29,Monsoon,1.0,1,1011,1709,No Fatality,0,1,47
5483,2021-07-19,2021-07-19,1.0,Landslide,Maharashtra,5.0,3.0,2021.0,7.0,19.0,3.0,0.0,29,Monsoon,1.0,1,1011,1709,Low,0,1,47
5484,2021-07-20,2021-07-20,1.0,Heavy Rains,Maharashtra,0.0,0.0,2021.0,7.0,20.0,3.0,1.0,29,Monsoon,1.0,1,1011,1709,No Fatality,0,1,47
5485,2021-07-22,2021-07-22,1.0,Landslide,Maharashtra,2.0,0.0,2021.0,7.0,22.0,3.0,3.0,29,Monsoon,1.0,1,1011,1709,Low,0,1,47
5486,2021-07-22,2021-07-22,1.0,Landslide,Maharashtra,52.0,13.0,2021.0,7.0,22.0,3.0,3.0,29,Monsoon,1.0,1,1011,1709,High,1,1,47
5487,2021-07-22,2021-07-22,1.0,Heavy Rains & Floods,Maharashtra,3.0,0.0,2021.0,7.0,22.0,3.0,3.0,29,Monsoon,1.0,1,1011,1709,Low,0,1,47
5488,2021-07-22,2021-07-22,1.0,Heavy Rains & Floods,Maharashtra,1.0,0.0,2021.0,7.0,22.0,3.0,3.0,29,Monsoon,1.0,1,1011,1709,Low,0,1,47
5489,2021-07-22,2021-07-22,1.0,Heavy Rains & Floods,Maharashtra,2.0,0.0,2021.0,7.0,22.0,3.0,3.0,29,Monsoon,1.0,1,1011,1709,Low,0,1,47
5490,2021-07-22,2021-07-23,2.0,"Heavy Rains & Floods, Landslide",Maharashtra,6.0,7.0,2021.0,7.0,22.0,3.0,3.0,29,Monsoon,2.0,1,1011,1709,Low,0,1,47
5491,2021-07-22,2021-07-22,1.0,Landslide,Maharashtra,0.0,3.0,2021.0,7.0,22.0,3.0,3.0,29,Monsoon,1.0,1,1011,1709,No Fatality,0,1,47
5492,2021-07-22,2021-07-22,1.0,Heavy Rains & Floods (Venna river),Maharashtra,4.0,0.0,2021.0,7.0,22.0,3.0,3.0,29,Monsoon,1.0,1,1011,1709,Low,0,1,47
5493,2021-07-23,2021-07-23,1.0,Heavy Rains & Floods,Maharashtra,6.0,0.0,2021.0,7.0,23.0,3.0,4.0,29,Monsoon,1.0,1,1011,1709,Low,0,1,47
5494,2021-07-23,2021-07-23,1.0,Landslide,Maharashtra,2.0,0.0,2021.0,7.0,23.0,3.0,4.0,29,Monsoon,1.0,1,1011,1709,Low,0,1,47
5495,2021-07-23,2021-07-23,1.0,Heavy Rains & Floods,Maharashtra,2.0,0.0,2021.0,7.0,23.0,3.0,4.0,29,Monsoon,1.0,1,1011,1709,Low,0,1,47
5496,2021-07-23,2021-07-23,1.0,Heavy Rains & Floods,Maharashtra,3.0,0.0,2021.0,7.0,23.0,3.0,4.0,29,Monsoon,1.0,1,1011,1709,Low,0,1,47
5497,2021-07-23,2021-07-23,1.0,Landslide,Maharashtra,2.0,0.0,2021.0,7.0,23.0,3.0,4.0,29,Monsoon,1.0,1,1011,1709,Low,0,1,47
5498,2021-07-23,2021-07-23,1.0,Heavy Rains & Floods,Maharashtra,1.0,0.0,2021.0,7.0,23.0,3.0,4.0,29,Monsoon,1.0,1,1011,1709,Low,0,1,47
5499,2021-07-23,2021-07-23,1.0,Heavy rains,Maharashtra,4.0,0.0,2021.0,7.0,23.0,3.0,4.0,29,Monsoon,1.0,1,1011,1709,Low,0,1,47
5500,2021-07-23,2021-07-23,1.0,Landslide,Maharashtra,2.0,0.0,2021.0,7.0,23.0,3.0,4.0,29,Monsoon,1.0,1,1011,1709,Low,0,1,47
5501,2021-07-25,2021-07-25,1.0,Heavy rains,Maharashtra,1.0,0.0,2021.0,7.0,25.0,3.0,6.0,29,Monsoon,1.0,1,1011,1709,Low,0,1,47
5502,2021-07-26,2021-07-26,1.0,Heavy rains & Floods,Maharashtra,1.0,0.0,2021.0,7.0,26.0,3.0,0.0,30,Monsoon,1.0,1,1011,1709,Low,0,1,47
5503,2021-07-22,2021-07-26,5.0,"Heavy Rains & Floods, Landslide",Maharashtra,0.0,0.0,2021.0,7.0,22.0,3.0,3.0,29,Monsoon,5.0,1,1011,1709,No Fatality,0,1,47
5504,2021-07-22,2021-07-26,5.0,"Heavy Rains & Floods, Landslide",Maharashtra,0.0,2.0,2021.0,7.0,22.0,3.0,3.0,29,Monsoon,5.0,1,1011,1709,No Fatality,0,1,47
5505,2021-07-22,2021-07-26,5.0,"Heavy Rains & Floods, Landslide",Maharashtra,0.0,0.0,2021.0,7.0,22.0,3.0,3.0,29,Monsoon,5.0,1,1011,1709,No Fatality,0,1,47
5506,2021-08-30,2021-08-30,1.0,Heavy Rains & Floods,Maharashtra,1.0,0.0,2021.0,8.0,30.0,3.0,0.0,35,Monsoon,1.0,1,1011,1382,Low,0,1,47
5507,2021-08-30,2021-08-30,1.0,Heavy Rains & Floods,Maharashtra,2.0,0.0,2021.0,8.0,30.0,3.0,0.0,35,Monsoon,1.0,1,1011,1382,Low,0,1,47
5508,2021-08-30,2021-08-30,1.0,Heavy Rains & Floods,Maharashtra,2.0,0.0,2021.0,8.0,30.0,3.0,0.0,35,Monsoon,1.0,1,1011,1382,Low,0,1,47
5509,2021-08-31,2021-08-31,1.0,"Heavy Rains, Floods &  Landslide",Maharashtra,0.0,0.0,2021.0,8.0,31.0,3.0,1.0,35,Monsoon,1.0,1,1011,1382,No Fatality,0,1,47
5510,2021-08-31,2021-08-31,1.0,"Heavy Rains, Floods &  Landslide",Maharashtra,1.0,0.0,2021.0,8.0,31.0,3.0,1.0,35,Monsoon,1.0,1,1011,1382,Low,0,1,47
5511,2021-08-31,2021-08-31,1.0,"Heavy Rains, Floods &  Landslide",Maharashtra,1.0,0.0,2021.0,8.0,31.0,3.0,1.0,35,Monsoon,1.0,1,1011,1382,Low,0,1,47
5512,2021-08-31,2021-08-31,1.0,"Heavy Rains, Floods &  Landslide",Maharashtra,2.0,0.0,2021.0,8.0,31.0,3.0,1.0,35,Monsoon,1.0,1,1011,1382,Low,0,1,47
5513,2021-09-01,2021-09-01,1.0,Heavy Rains & Floods,Maharashtra,1.0,0.0,2021.0,9.0,1.0,3.0,2.0,35,Monsoon,1.0,1,1011,938,Low,0,1,47
5514,2021-09-06,2021-09-06,1.0,Heavy Rains & Floods,Maharashtra,3.0,0.0,2021.0,9.0,6.0,3.0,0.0,36,Monsoon,1.0,1,1011,938,Low,0,1,47
5515,2021-09-06,2021-09-06,1.0,Heavy Rains & Floods,Maharashtra,0.0,0.0,2021.0,9.0,6.0,3.0,0.0,36,Monsoon,1.0,1,1011,938,No Fatality,0,1,47
5516,2021-09-07,2021-09-07,1.0,Heavy Rains & Floods,Maharashtra,0.0,0.0,2021.0,9.0,7.0,3.0,1.0,36,Monsoon,1.0,1,1011,938,No Fatality,0,1,47
5517,2021-09-07,2021-09-07,1.0,Heavy Rains & Floods,Maharashtra,2.0,0.0,2021.0,9.0,7.0,3.0,1.0,36,Monsoon,1.0,1,1011,938,Low,0,1,47
5518,2021-09-07,2021-09-07,1.0,Heavy Rains & Floods,Maharashtra,1.0,0.0,2021.0,9.0,7.0,3.0,1.0,36,Monsoon,1.0,1,1011,938,Low,0,1,47
5519,2021-09-07,2021-09-07,1.0,Heavy Rains & Floods,Maharashtra,4.0,0.0,2021.0,9.0,7.0,3.0,1.0,36,Monsoon,1.0,1,1011,938,Low,0,1,47
5520,2021-09-07,2021-09-07,1.0,Heavy Rains & Floods,Maharashtra,2.0,0.0,2021.0,9.0,7.0,3.0,1.0,36,Monsoon,1.0,1,1011,938,Low,0,1,47
5521,2021-09-07,2021-09-07,1.0,Heavy Rains & Floods,Maharashtra,1.0,0.0,2021.0,9.0,7.0,3.0,1.0,36,Monsoon,1.0,1,1011,938,Low,0,1,47
5522,2021-09-07,2021-09-07,1.0,Heavy Rains & Floods,Maharashtra,2.0,0.0,2021.0,9.0,7.0,3.0,1.0,36,Monsoon,1.0,1,1011,938,Low,0,1,47
5523,2021-09-01,2021-09-10,10.0,Heavy Rains & Floods,Maharashtra,0.0,0.0,2021.0,9.0,1.0,3.0,2.0,35,Monsoon,10.0,1,1011,938,No Fatality,0,1,47
5524,2021-09-01,2021-09-10,10.0,Heavy Rains & Floods,Maharashtra,0.0,0.0,2021.0,9.0,1.0,3.0,2.0,35,Monsoon,10.0,1,1011,938,No Fatality,0,1,47
5525,2021-09-08,2021-09-10,3.0,Heavy Rains & Floods,Maharashtra,0.0,0.0,2021.0,9.0,8.0,3.0,2.0,36,Monsoon,3.0,1,1011,938,No Fatality,0,1,47
5526,2021-09-15,2021-09-16,2.0,Heavy Rains & Floods,Maharashtra,0.0,0.0,2021.0,9.0,15.0,3.0,2.0,37,Monsoon,2.0,1,1011,938,No Fatality,0,1,47
5527,2021-09-20,2021-09-21,2.0,Heavy Rains & Floods,Maharashtra,0.0,0.0,2021.0,9.0,20.0,3.0,0.0,38,Monsoon,2.0,1,1011,938,No Fatality,0,1,47
5528,2021-09-20,2021-09-21,2.0,Heavy Rains & Floods,Maharashtra,2.0,0.0,2021.0,9.0,20.0,3.0,0.0,38,Monsoon,2.0,1,1011,938,Low,0,1,47
5529,2021-09-23,2021-09-25,3.0,Heavy Rains & Floods,Maharashtra,0.0,0.0,2021.0,9.0,23.0,3.0,3.0,38,Monsoon,3.0,1,1011,938,No Fatality,0,1,47
5530,2021-09-26,2021-09-26,1.0,Heavy Rains & Floods,Maharashtra,1.0,0.0,2021.0,9.0,26.0,3.0,6.0,38,Monsoon,1.0,1,1011,938,Low,0,1,47
5531,2021-09-27,2021-09-30,4.0,Heavy Rains & Floods,Maharashtra,0.0,0.0,2021.0,9.0,27.0,3.0,0.0,39,Monsoon,4.0,1,1011,938,No Fatality,0,1,47
5532,2021-09-28,2021-09-28,1.0,Heavy Rains & Floods,Maharashtra,0.0,0.0,2021.0,9.0,28.0,3.0,1.0,39,Monsoon,1.0,1,1011,938,No Fatality,0,1,47
5533,2021-09-28,2021-09-28,1.0,Heavy Rains & Floods,Maharashtra,10.0,0.0,2021.0,9.0,28.0,3.0,1.0,39,Monsoon,1.0,1,1011,938,Low,0,1,47
5534,2021-09-28,2021-09-28,1.0,Heavy Rains & Floods,Maharashtra,2.0,0.0,2021.0,9.0,28.0,3.0,1.0,39,Monsoon,1.0,1,1011,938,Low,0,1,47
5535,2021-09-28,2021-09-28,1.0,Heavy Rains & Floods,Maharashtra,1.0,0.0,2021.0,9.0,28.0,3.0,1.0,39,Monsoon,1.0,1,1011,938,Low,0,1,47
5536,2021-09-28,2021-09-28,1.0,Heavy Rains & Floods,Maharashtra,1.0,0.0,2021.0,9.0,28.0,3.0,1.0,39,Monsoon,1.0,1,1011,938,Low,0,1,47
5537,2021-09-28,2021-09-28,1.0,Heavy Rains & Floods,Maharashtra,1.0,0.0,2021.0,9.0,28.0,3.0,1.0,39,Monsoon,1.0,1,1011,938,Low,0,1,47
5538,2021-09-28,2021-09-28,1.0,Heavy Rains & Floods,Maharashtra,2.0,0.0,2021.0,9.0,28.0,3.0,1.0,39,Monsoon,1.0,1,1011,938,Low,0,1,47
5539,2021-09-28,2021-09-28,1.0,Heavy Rains & Floods,Maharashtra,2.0,0.0,2021.0,9.0,28.0,3.0,1.0,39,Monsoon,1.0,1,1011,938,Low,0,1,47
5540,2021-09-28,2021-09-28,1.0,Heavy Rains & Floods,Maharashtra,4.0,0.0,2021.0,9.0,28.0,3.0,1.0,39,Monsoon,1.0,1,1011,938,Low,0,1,47
5541,2021-10-02,2021-10-02,1.0,Heavy Rains,Maharashtra,0.0,0.0,2021.0,10.0,2.0,4.0,5.0,39,Post-Monsoon,1.0,1,1011,501,No Fatality,0,0,47
5542,2021-10-03,2021-10-03,1.0,Heavy Rains,Maharashtra,0.0,0.0,2021.0,10.0,3.0,4.0,6.0,39,Post-Monsoon,1.0,1,1011,501,No Fatality,0,0,47
5543,2021-10-04,2021-10-05,2.0,Heavy Rains,Maharashtra,0.0,0.0,2021.0,10.0,4.0,4.0,0.0,40,Post-Monsoon,2.0,1,1011,501,No Fatality,0,0,47
5544,2021-10-06,2021-10-06,1.0,Heavy Rains & Floods (Girija river),Maharashtra,3.0,0.0,2021.0,10.0,6.0,4.0,2.0,40,Post-Monsoon,1.0,1,1011,501,Low,0,0,47
5545,2021-10-06,2021-10-06,1.0,Heavy Rains & Floods (Girija river),Maharashtra,0.0,0.0,2021.0,10.0,6.0,4.0,2.0,40,Post-Monsoon,1.0,1,1011,501,No Fatality,0,0,47
5546,2021-10-09,2021-10-09,1.0,Heavy Rains & Floods,Maharashtra,1.0,0.0,2021.0,10.0,9.0,4.0,5.0,40,Post-Monsoon,1.0,1,1011,501,Low,0,0,47
5547,2021-10-09,2021-10-09,1.0,Heavy Rains & Floods,Maharashtra,1.0,0.0,2021.0,10.0,9.0,4.0,5.0,40,Post-Monsoon,1.0,1,1011,501,Low,0,0,47
5548,2021-10-09,2021-10-09,1.0,Heavy Rains & Floods,Maharashtra,0.0,0.0,2021.0,10.0,9.0,4.0,5.0,40,Post-Monsoon,1.0,1,1011,501,No Fatality,0,0,47
5549,2021-10-18,2021-10-19,2.0,Heavy Rains,Maharashtra,0.0,0.0,2021.0,10.0,18.0,4.0,0.0,42,Post-Monsoon,2.0,1,1011,501,No Fatality,0,0,47
5550,2021-10-20,2021-10-20,1.0,Heavy Rains,Maharashtra,1.0,0.0,2021.0,10.0,20.0,4.0,2.0,42,Post-Monsoon,1.0,1,1011,501,Low,0,0,47
5551,2021-11-05,2021-11-05,1.0,Heavy Rains,Maharashtra,0.0,0.0,2021.0,11.0,5.0,4.0,4.0,44,Post-Monsoon,1.0,1,1011,194,No Fatality,0,0,47
5552,2021-12-01,2021-12-02,2.0,Heavy Rains,Maharashtra,0.0,0.0,2021.0,12.0,1.0,4.0,2.0,48,Winter,2.0,1,1011,71,No Fatality,0,0,47
5553,2021-12-04,2021-12-04,1.0,Heavy Rains & Floods,Maharashtra,0.0,0.0,2021.0,12.0,4.0,4.0,5.0,48,Winter,1.0,1,1011,71,No Fatality,0,0,47
5554,2021-12-28,2021-12-28,1.0,Heavy Rains & Floods,Maharashtra,0.0,0.0,2021.0,12.0,28.0,4.0,1.0,52,Winter,1.0,1,1011,71,No Fatality,0,0,47
5555,2021-09-12,2021-09-13,2.0,Heavy Rains & Floods,Odisha,0.0,0.0,2021.0,9.0,12.0,3.0,6.0,36,Monsoon,2.0,1,144,938,No Fatality,0,1,55
5556,2021-09-12,2021-09-13,2.0,Heavy Rains & Floods,Odisha,2.0,0.0,2021.0,9.0,12.0,3.0,6.0,36,Monsoon,2.0,1,144,938,Low,0,1,55
5557,2021-09-12,2021-09-13,2.0,Heavy Rains & Floods,Odisha,1.0,0.0,2021.0,9.0,12.0,3.0,6.0,36,Monsoon,2.0,1,144,938,Low,0,1,55
5558,2021-06-20,2021-06-20,1.0,Heavy rains,Rajasthan,3.0,0.0,2021.0,6.0,20.0,2.0,6.0,24,Monsoon,1.0,1,259,1071,Low,0,1,62
5559,2021-08-03,2021-08-03,1.0,Heavy rains,Rajasthan,2.0,0.0,2021.0,8.0,3.0,3.0,1.0,31,Monsoon,1.0,1,259,1382,Low,0,1,62
5560,2021-08-05,2021-08-05,1.0,Heavy rains,Rajasthan,7.0,0.0,2021.0,8.0,5.0,3.0,3.0,31,Monsoon,1.0,1,259,1382,Low,0,1,62
5561,2021-08-05,2021-08-05,1.0,Heavy rains,Rajasthan,2.0,0.0,2021.0,8.0,5.0,3.0,3.0,31,Monsoon,1.0,1,259,1382,Low,0,1,62
5562,2021-04-09,2021-04-09,1.0,Heavy Rains,Sikkim,0.0,0.0,2021.0,4.0,9.0,2.0,4.0,14,Summer,1.0,1,64,171,No Fatality,0,0,65
5563,2021-06-10,2021-06-10,1.0,Landslide,Sikkim,1.0,0.0,2021.0,6.0,10.0,2.0,3.0,23,Monsoon,1.0,1,64,1071,Low,0,1,65
5564,2021-06-17,2021-06-17,1.0,Heavy Rains & Landslide,Sikkim,0.0,0.0,2021.0,6.0,17.0,2.0,3.0,24,Monsoon,1.0,1,64,1071,No Fatality,0,1,65
5565,2021-07-29,2021-07-29,1.0,Heavy Rains,Sikkim,1.0,0.0,2021.0,7.0,29.0,3.0,3.0,30,Monsoon,1.0,1,64,1709,Low,0,1,65
5566,2021-10-17,2021-10-20,4.0,Heavy Rains & Floods (Teesta & Rangpo river),Sikkim,0.0,0.0,2021.0,10.0,17.0,4.0,6.0,41,Post-Monsoon,4.0,1,64,501,No Fatality,0,0,65
5567,2021-07-17,2021-07-17,1.0,Heavy Rains,Tamil Nadu,1.0,0.0,2021.0,7.0,17.0,3.0,5.0,28,Monsoon,1.0,1,188,1709,Low,0,1,66
5568,2021-09-17,2021-09-17,1.0,Heavy Rains,Tamil Nadu,1.0,0.0,2021.0,9.0,17.0,3.0,4.0,37,Monsoon,1.0,1,188,938,Low,0,1,66
5569,2021-11-06,2021-11-21,16.0,Heavy rains & Floods  ,Tamil Nadu,4.0,0.0,2021.0,11.0,6.0,4.0,5.0,44,Post-Monsoon,16.0,1,188,194,Low,0,0,66
5570,2021-11-06,2021-11-21,16.0,Heavy rains & Floods  ,Tamil Nadu,0.0,0.0,2021.0,11.0,6.0,4.0,5.0,44,Post-Monsoon,16.0,1,188,194,No Fatality,0,0,66
5571,2021-11-06,2021-11-21,16.0,Heavy rains & Floods  ,Tamil Nadu,0.0,0.0,2021.0,11.0,6.0,4.0,5.0,44,Post-Monsoon,16.0,1,188,194,No Fatality,0,0,66
5572,2021-11-06,2021-11-21,16.0,Heavy rains & Floods  ,Tamil Nadu,0.0,0.0,2021.0,11.0,6.0,4.0,5.0,44,Post-Monsoon,16.0,1,188,194,No Fatality,0,0,66
5573,2021-11-06,2021-11-21,16.0,Heavy rains & Floods  ,Tamil Nadu,0.0,0.0,2021.0,11.0,6.0,4.0,5.0,44,Post-Monsoon,16.0,1,188,194,No Fatality,0,0,66
5574,2021-11-06,2021-11-21,16.0,Heavy rains & Floods  ,Tamil Nadu,0.0,0.0,2021.0,11.0,6.0,4.0,5.0,44,Post-Monsoon,16.0,1,188,194,No Fatality,0,0,66
5575,2021-11-06,2021-11-21,16.0,Heavy rains & Floods  ,Tamil Nadu,0.0,0.0,2021.0,11.0,6.0,4.0,5.0,44,Post-Monsoon,16.0,1,188,194,No Fatality,0,0,66
5576,2021-11-06,2021-11-21,16.0,Heavy rains & Floods  ,Tamil Nadu,0.0,0.0,2021.0,11.0,6.0,4.0,5.0,44,Post-Monsoon,16.0,1,188,194,No Fatality,0,0,66
5577,2021-11-06,2021-11-21,16.0,Heavy rains & Floods  ,Tamil Nadu,0.0,0.0,2021.0,11.0,6.0,4.0,5.0,44,Post-Monsoon,16.0,1,188,194,No Fatality,0,0,66
5578,2021-11-07,2021-11-07,1.0,Heavy Rains,Tamil Nadu,1.0,0.0,2021.0,11.0,7.0,4.0,6.0,44,Post-Monsoon,1.0,1,188,194,Low,0,0,66
5579,2021-11-10,2021-11-10,1.0,Heavy Rains,Tamil Nadu,2.0,0.0,2021.0,11.0,10.0,4.0,2.0,45,Post-Monsoon,1.0,1,188,194,Low,0,0,66
5580,2021-11-18,2021-11-18,1.0,Heavy Rains,Tamil Nadu,9.0,9.0,2021.0,11.0,18.0,4.0,3.0,46,Post-Monsoon,1.0,1,188,194,Low,0,0,66
5581,2021-11-19,2021-11-19,1.0,Heavy Rains,Tamil Nadu,0.0,0.0,2021.0,11.0,19.0,4.0,4.0,46,Post-Monsoon,1.0,1,188,194,No Fatality,0,0,66
5582,2021-11-19,2021-11-19,1.0,Heavy Rains,Tamil Nadu,3.0,0.0,2021.0,11.0,19.0,4.0,4.0,46,Post-Monsoon,1.0,1,188,194,Low,0,0,66
5583,2021-11-19,2021-11-19,1.0,Heavy Rains,Tamil Nadu,3.0,0.0,2021.0,11.0,19.0,4.0,4.0,46,Post-Monsoon,1.0,1,188,194,Low,0,0,66
5584,2021-11-21,2021-11-21,1.0,Heavy Rains,Tamil Nadu,1.0,0.0,2021.0,11.0,21.0,4.0,6.0,46,Post-Monsoon,1.0,1,188,194,Low,0,0,66
5585,2021-12-30,2021-12-30,1.0,Heavy Rains,Tamil Nadu,3.0,0.0,2021.0,12.0,30.0,4.0,3.0,52,Winter,1.0,1,188,71,Low,0,0,66
5586,2021-07-22,2021-07-22,1.0,Flash Flood,Telangana,1.0,0.0,2021.0,7.0,22.0,3.0,3.0,29,Monsoon,1.0,1,148,1709,Low,0,1,67
5587,2021-08-28,2021-08-28,1.0,Heavy rains & Floods  ,Telangana,1.0,0.0,2021.0,8.0,28.0,3.0,5.0,34,Monsoon,1.0,1,148,1382,Low,0,1,67
5588,2021-08-30,2021-08-30,1.0,Heavy rains & Floods  ,Telangana,1.0,0.0,2021.0,8.0,30.0,3.0,0.0,35,Monsoon,1.0,1,148,1382,Low,0,1,67
5589,2021-08-30,2021-08-30,1.0,Heavy rains & Floods  ,Telangana,4.0,0.0,2021.0,8.0,30.0,3.0,0.0,35,Monsoon,1.0,1,148,1382,Low,0,1,67
5590,2021-08-30,2021-08-30,1.0,Heavy rains & Floods  ,Telangana,2.0,0.0,2021.0,8.0,30.0,3.0,0.0,35,Monsoon,1.0,1,148,1382,Low,0,1,67
5591,2021-08-31,2021-08-31,1.0,Heavy rains & Floods  ,Telangana,1.0,0.0,2021.0,8.0,31.0,3.0,1.0,35,Monsoon,1.0,1,148,1382,Low,0,1,67
5592,2021-09-06,2021-09-06,1.0,Heavy rains & Floods  ,Telangana,0.0,0.0,2021.0,9.0,6.0,3.0,0.0,36,Monsoon,1.0,1,148,938,No Fatality,0,1,67
5593,2021-09-06,2021-09-06,1.0,Heavy rains & Floods  ,Telangana,2.0,0.0,2021.0,9.0,6.0,3.0,0.0,36,Monsoon,1.0,1,148,938,Low,0,1,67
5594,2021-09-06,2021-09-06,1.0,Heavy rains & Floods  ,Telangana,1.0,0.0,2021.0,9.0,6.0,3.0,0.0,36,Monsoon,1.0,1,148,938,Low,0,1,67
5595,2021-10-08,2021-10-08,1.0,Heavy Rains & Floods,Telangana,2.0,0.0,2021.0,10.0,8.0,4.0,4.0,40,Post-Monsoon,1.0,1,148,501,Low,0,0,67
5596,2021-07-19,2021-07-19,1.0,Heavy Rains,Uttar Pradesh,1.0,3.0,2021.0,7.0,19.0,3.0,0.0,29,Monsoon,1.0,1,448,1709,Low,0,1,69
5597,2021-07-19,2021-07-19,1.0,Heavy Rains,Uttar Pradesh,2.0,0.0,2021.0,7.0,19.0,3.0,0.0,29,Monsoon,1.0,1,448,1709,Low,0,1,69
5598,2021-08-01,2021-08-09,9.0, Heavy rains & Floods ,Uttar Pradesh,9.0,0.0,2021.0,8.0,1.0,3.0,6.0,30,Monsoon,9.0,1,448,1382,Low,0,1,69
5599,2021-09-14,2021-09-14,1.0,Heavy rains,Uttar Pradesh,1.0,0.0,2021.0,9.0,14.0,3.0,1.0,37,Monsoon,1.0,1,448,938,Low,0,1,69
5600,2021-09-15,2021-09-15,1.0,Heavy rains,Uttar Pradesh,1.0,3.0,2021.0,9.0,15.0,3.0,2.0,37,Monsoon,1.0,1,448,938,Low,0,1,69
5601,2021-09-15,2021-09-15,1.0,Heavy rains,Uttar Pradesh,2.0,0.0,2021.0,9.0,15.0,3.0,2.0,37,Monsoon,1.0,1,448,938,Low,0,1,69
5602,2021-09-15,2021-09-15,1.0,Heavy rains,Uttar Pradesh,0.0,2.0,2021.0,9.0,15.0,3.0,2.0,37,Monsoon,1.0,1,448,938,No Fatality,0,1,69
5603,2021-09-15,2021-09-15,1.0,Heavy rains,Uttar Pradesh,2.0,0.0,2021.0,9.0,15.0,3.0,2.0,37,Monsoon,1.0,1,448,938,Low,0,1,69
5604,2021-09-15,2021-09-15,1.0,Heavy rains,Uttar Pradesh,3.0,0.0,2021.0,9.0,15.0,3.0,2.0,37,Monsoon,1.0,1,448,938,Low,0,1,69
5605,2021-09-15,2021-09-15,1.0,Heavy rains,Uttar Pradesh,3.0,0.0,2021.0,9.0,15.0,3.0,2.0,37,Monsoon,1.0,1,448,938,Low,0,1,69
5606,2021-09-15,2021-09-15,1.0,Heavy rains,Uttar Pradesh,1.0,1.0,2021.0,9.0,15.0,3.0,2.0,37,Monsoon,1.0,1,448,938,Low,0,1,69
5607,2021-09-15,2021-09-15,1.0,Heavy rains,Uttar Pradesh,2.0,3.0,2021.0,9.0,15.0,3.0,2.0,37,Monsoon,1.0,1,448,938,Low,0,1,69
5608,2021-09-15,2021-09-17,3.0,Heavy Rains & Floods,Uttar Pradesh,7.0,0.0,2021.0,9.0,15.0,3.0,2.0,37,Monsoon,3.0,1,448,938,Low,0,1,69
5609,2021-09-15,2021-09-17,3.0,Heavy Rains & Floods,Uttar Pradesh,2.0,0.0,2021.0,9.0,15.0,3.0,2.0,37,Monsoon,3.0,1,448,938,Low,0,1,69
5610,2021-09-17,2021-09-17,1.0,Heavy Rains & Floods,Uttar Pradesh,1.0,0.0,2021.0,9.0,17.0,3.0,4.0,37,Monsoon,1.0,1,448,938,Low,0,1,69
5611,2021-09-17,2021-09-17,1.0,Heavy Rains & Floods,Uttar Pradesh,1.0,0.0,2021.0,9.0,17.0,3.0,4.0,37,Monsoon,1.0,1,448,938,Low,0,1,69
5612,2021-09-17,2021-09-17,1.0,Heavy Rains & Floods,Uttar Pradesh,1.0,0.0,2021.0,9.0,17.0,3.0,4.0,37,Monsoon,1.0,1,448,938,Low,0,1,69
5613,2021-09-17,2021-09-17,1.0,Heavy Rains & Floods,Uttar Pradesh,1.0,0.0,2021.0,9.0,17.0,3.0,4.0,37,Monsoon,1.0,1,448,938,Low,0,1,69
5614,2021-09-18,2021-09-18,1.0,Heavy Rains & Floods,Uttar Pradesh,2.0,0.0,2021.0,9.0,18.0,3.0,5.0,37,Monsoon,1.0,1,448,938,Low,0,1,69
5615,2021-02-07,2021-02-07,1.0,Nandadevi Glacier breaks off at Joshimath,Uttarakhand,70.0,0.0,2021.0,2.0,7.0,1.0,6.0,5,Winter,1.0,1,107,66,High,1,0,78
5616,2021-05-29,2021-05-29,1.0,Landslide,Uttarakhand,0.0,0.0,2021.0,5.0,29.0,2.0,5.0,21,Summer,1.0,1,107,479,No Fatality,0,0,78
5617,2021-07-11,2021-07-11,1.0,Landslide,Uttarakhand,3.0,0.0,2021.0,7.0,11.0,3.0,6.0,27,Monsoon,1.0,1,107,1709,Low,0,1,78
5618,2021-07-11,2021-07-11,1.0,Landslide,Uttarakhand,3.0,0.0,2021.0,7.0,11.0,3.0,6.0,27,Monsoon,1.0,1,107,1709,Low,0,1,78
5619,2021-07-19,2021-07-19,1.0,Heavy Rains,Uttarakhand,3.0,0.0,2021.0,7.0,19.0,3.0,0.0,29,Monsoon,1.0,1,107,1709,Low,0,1,78
5620,2021-08-29,2021-08-29,1.0, Heavy Rains,Uttarakhand,7.0,2.0,2021.0,8.0,29.0,3.0,6.0,34,Monsoon,1.0,1,107,1382,Low,0,1,78
5621,2021-10-16,2021-10-19,4.0,"Heavy Rain, Landslides & Floods",Uttarakhand,52.0,17.0,2021.0,10.0,16.0,4.0,5.0,41,Post-Monsoon,4.0,1,107,501,High,1,0,78
5622,2021-05-11,2021-05-11,1.0,Heavy rains,West Bengal,1.0,0.0,2021.0,5.0,11.0,2.0,1.0,19,Summer,1.0,1,330,479,Low,0,0,79
5623,2021-05-26,2021-05-26,1.0,Heavy rains,West Bengal,0.0,0.0,2021.0,5.0,26.0,2.0,2.0,21,Summer,1.0,1,330,479,No Fatality,0,0,79
5624,2021-08-02,2021-08-03,2.0,Heavy rains,West Bengal,15.0,0.0,2021.0,8.0,2.0,3.0,0.0,31,Monsoon,2.0,1,330,1382,Medium,1,1,79
5625,2021-09-14,2021-09-18,5.0,Heavy Rains & Floods,West Bengal,10.0,0.0,2021.0,9.0,14.0,3.0,1.0,37,Monsoon,5.0,1,330,938,Low,0,1,79
5626,2021-09-30,2021-09-30,1.0,Heavy rains,West Bengal,3.0,0.0,2021.0,9.0,30.0,3.0,3.0,39,Monsoon,1.0,1,330,938,Low,0,1,79
5627,2021-10-19,2021-10-19,1.0,Landslide,West Bengal,1.0,0.0,2021.0,10.0,19.0,4.0,1.0,42,Post-Monsoon,1.0,1,330,501,Low,0,0,79
5628,2021-10-19,2021-10-19,1.0,Landslide,West Bengal,1.0,0.0,2021.0,10.0,19.0,4.0,1.0,42,Post-Monsoon,1.0,1,330,501,Low,0,0,79
5629,2021-10-19,2021-10-19,1.0,Floods (Torsa River),West Bengal,2.0,0.0,2021.0,10.0,19.0,4.0,1.0,42,Post-Monsoon,1.0,1,330,501,Low,0,0,79
5630,2021-07-19,2021-07-19,1.0,Heavy rains,Delhi,4.0,0.0,2021.0,7.0,19.0,3.0,0.0,29,Monsoon,1.0,1,43,1709,Low,0,1,21
5631,2021-03-26,2021-03-26,1.0,Landslide,Jammu & Kashmir,1.0,2.0,2021.0,3.0,26.0,1.0,4.0,12,Summer,1.0,1,109,166,Low,0,0,32
5632,2021-03-29,2021-03-29,1.0,Flash Floods,Jammu & Kashmir,0.0,0.0,2021.0,3.0,29.0,1.0,0.0,13,Summer,1.0,1,109,166,No Fatality,0,0,32
5633,2021-05-06,2021-05-06,1.0,Flash Floods,Jammu & Kashmir,1.0,0.0,2021.0,5.0,6.0,2.0,3.0,18,Summer,1.0,1,109,479,Low,0,0,32
5634,2021-05-07,2021-05-07,1.0,Cloud burst & Flash Floods,Jammu & Kashmir,0.0,0.0,2021.0,5.0,7.0,2.0,4.0,18,Summer,1.0,1,109,479,No Fatality,0,0,32
5635,2021-06-03,2021-06-03,1.0,Cloud burst,Jammu & Kashmir,0.0,0.0,2021.0,6.0,3.0,2.0,3.0,22,Monsoon,1.0,1,109,1071,No Fatality,0,1,32
5636,2021-07-12,2021-07-12,1.0,Cloud burst & Flash Floods,Jammu & Kashmir,0.0,0.0,2021.0,7.0,12.0,3.0,0.0,28,Monsoon,1.0,1,109,1709,No Fatality,0,1,32
5637,2021-07-19,2021-07-19,1.0,Flash Floods,Jammu & Kashmir,1.0,0.0,2021.0,7.0,19.0,3.0,0.0,29,Monsoon,1.0,1,109,1709,Low,0,1,32
5638,2021-07-28,2021-07-28,1.0,Cloud burst & Flash Floods,Jammu & Kashmir,0.0,0.0,2021.0,7.0,28.0,3.0,2.0,30,Monsoon,1.0,1,109,1709,No Fatality,0,1,32
5639,2021-07-28,2021-07-28,1.0,Cloud burst & Flash Floods,Jammu & Kashmir,7.0,17.0,2021.0,7.0,28.0,3.0,2.0,30,Monsoon,1.0,1,109,1709,Low,0,1,32
5640,2021-07-30,2021-07-30,1.0,Flash Floods,Jammu & Kashmir,0.0,0.0,2021.0,7.0,30.0,3.0,4.0,30,Monsoon,1.0,1,109,1709,No Fatality,0,1,32
5641,2021-08-01,2021-08-01,1.0,Flash Floods,Jammu & Kashmir,0.0,0.0,2021.0,8.0,1.0,3.0,6.0,30,Monsoon,1.0,1,109,1382,No Fatality,0,1,32
5642,2021-09-09,2021-09-10,2.0,Heavy rains & Flash Floods,Jammu & Kashmir,0.0,0.0,2021.0,9.0,9.0,3.0,3.0,36,Monsoon,2.0,1,109,938,No Fatality,0,1,32
5643,2021-09-11,2021-09-12,2.0,Cloud burst,Jammu & Kashmir,5.0,1.0,2021.0,9.0,11.0,3.0,5.0,36,Monsoon,2.0,1,109,938,Low,0,1,32
5644,2021-09-12,2021-09-12,1.0,Flash Floods,Jammu & Kashmir,1.0,0.0,2021.0,9.0,12.0,3.0,6.0,36,Monsoon,1.0,1,109,938,Low,0,1,32
5645,2021-10-01,2021-10-01,1.0,Flash Floods,Jammu & Kashmir,2.0,0.0,2021.0,10.0,1.0,4.0,4.0,39,Post-Monsoon,1.0,1,109,501,Low,0,0,32
5646,2021-10-23,2021-10-23,1.0,Heavy rains & Mudslide,Jammu & Kashmir,3.0,1.0,2021.0,10.0,23.0,4.0,5.0,42,Post-Monsoon,1.0,1,109,501,Low,0,0,32
5647,2021-02-21,2021-02-21,1.0,Heavy rains & Floods,Puducherry,1.0,0.0,2021.0,2.0,21.0,1.0,6.0,7,Winter,1.0,1,6,66,Low,0,0,60
5648,2022-05-04,2022-05-04,1.0,Heavy rains,Andhra Pradesh,0.0,0.0,2022.0,5.0,4.0,2.0,2.0,18,Summer,1.0,1,150,479,No Fatality,0,0,1
5649,2022-05-04,2022-05-04,1.0,Heavy rains,Andhra Pradesh,0.0,0.0,2022.0,5.0,4.0,2.0,2.0,18,Summer,1.0,1,150,479,No Fatality,0,0,1
5650,2022-07-18,2022-07-25,8.0,Heavy rains & Floods (Godavari River),Andhra Pradesh,1.0,0.0,2022.0,7.0,18.0,3.0,0.0,29,Monsoon,8.0,1,150,1709,Low,0,1,1
5651,2022-07-18,2022-07-25,8.0,Heavy rains & Floods (Godavari River),Andhra Pradesh,5.0,0.0,2022.0,7.0,18.0,3.0,0.0,29,Monsoon,8.0,1,150,1709,Low,0,1,1
5652,2022-07-18,2022-07-25,8.0,Heavy rains & Floods (Godavari River),Andhra Pradesh,1.0,0.0,2022.0,7.0,18.0,3.0,0.0,29,Monsoon,8.0,1,150,1709,Low,0,1,1
5653,2022-07-01,2022-07-01,62.0,Heavy rains & Floods (Godavari River),Andhra Pradesh,0.0,0.0,2022.0,7.0,1.0,3.0,4.0,26,Monsoon,1.0,1,150,1709,No Fatality,0,1,1
5654,2022-07-01,2022-07-01,62.0,Heavy rains & Floods (Godavari River),Andhra Pradesh,0.0,0.0,2022.0,7.0,1.0,3.0,4.0,26,Monsoon,1.0,1,150,1709,No Fatality,0,1,1
5655,2022-07-01,2022-07-01,62.0,Heavy rains & Floods (Godavari River),Andhra Pradesh,0.0,0.0,2022.0,7.0,1.0,3.0,4.0,26,Monsoon,1.0,1,150,1709,No Fatality,0,1,1
5656,2022-09-13,2022-09-13,1.0,Heavy rains & Floods,Andhra Pradesh,0.0,0.0,2022.0,9.0,13.0,3.0,1.0,37,Monsoon,1.0,1,150,938,No Fatality,0,1,1
5657,2022-04-06,2022-04-06,1.0,Landslide,Arunachal Pradesh,0.0,0.0,2022.0,4.0,6.0,2.0,2.0,14,Summer,1.0,1,150,171,No Fatality,0,0,4
5658,2022-04-17,2022-04-17,1.0,Landslide,Arunachal Pradesh,3.0,1.0,2022.0,4.0,17.0,2.0,6.0,15,Summer,1.0,1,150,171,Low,0,0,4
5659,2022-05-10,2022-05-11,1.0,Landslide,Arunachal Pradesh,0.0,0.0,2022.0,5.0,10.0,2.0,1.0,19,Summer,2.0,1,150,479,No Fatality,0,0,4
5660,2022-05-13,2022-05-19,7.0,"Heavy Rains, Flood & Landslides",Arunachal Pradesh,0.0,6.0,2022.0,5.0,13.0,2.0,4.0,19,Summer,7.0,1,150,479,No Fatality,0,0,4
5661,2022-05-13,2022-05-19,7.0,"Heavy Rains, Flood & Landslides",Arunachal Pradesh,0.0,0.0,2022.0,5.0,13.0,2.0,4.0,19,Summer,7.0,1,150,479,No Fatality,0,0,4
5662,2022-05-13,2022-05-19,7.0,"Heavy Rains, Flood & Landslides",Arunachal Pradesh,0.0,0.0,2022.0,5.0,13.0,2.0,4.0,19,Summer,7.0,1,150,479,No Fatality,0,0,4
5663,2022-05-13,2022-05-19,7.0,"Heavy Rains, Flood & Landslides",Arunachal Pradesh,0.0,0.0,2022.0,5.0,13.0,2.0,4.0,19,Summer,7.0,1,150,479,No Fatality,0,0,4
5664,2022-05-13,2022-05-19,7.0,"Heavy Rains, Flood & Landslides",Arunachal Pradesh,0.0,0.0,2022.0,5.0,13.0,2.0,4.0,19,Summer,7.0,1,150,479,No Fatality,0,0,4
5665,2022-05-13,2022-05-19,7.0,"Heavy Rains, Flood & Landslides",Arunachal Pradesh,0.0,0.0,2022.0,5.0,13.0,2.0,4.0,19,Summer,7.0,1,150,479,No Fatality,0,0,4
5666,2022-05-13,2022-05-19,7.0,"Heavy Rains, Flood & Landslides",Arunachal Pradesh,0.0,0.0,2022.0,5.0,13.0,2.0,4.0,19,Summer,7.0,1,150,479,No Fatality,0,0,4
5667,2022-05-15,2022-05-15,1.0,Massive Landslide,Arunachal Pradesh,3.0,0.0,2022.0,5.0,15.0,2.0,6.0,19,Summer,1.0,1,150,479,Low,0,0,4
5668,2022-05-16,2022-05-16,1.0,Landslides,Arunachal Pradesh,5.0,5.0,2022.0,5.0,16.0,2.0,0.0,20,Summer,1.0,1,150,479,Low,0,0,4
5669,2022-05-17,2022-05-17,1.0,Landslide,Arunachal Pradesh,3.0,1.0,2022.0,5.0,17.0,2.0,1.0,20,Summer,1.0,1,150,479,Low,0,0,4
5670,2022-05-21,2022-05-22,2.0,"Heavy Rains, Landslides",Arunachal Pradesh,0.0,0.0,2022.0,5.0,21.0,2.0,5.0,20,Summer,2.0,1,150,479,No Fatality,0,0,4
5671,2022-05-21,2022-05-22,2.0,"Heavy Rains, Landslides",Arunachal Pradesh,0.0,0.0,2022.0,5.0,21.0,2.0,5.0,20,Summer,2.0,1,150,479,No Fatality,0,0,4
5672,2022-05-24,2022-05-24,1.0,Floods,Arunachal Pradesh,0.0,0.0,2022.0,5.0,24.0,2.0,1.0,21,Summer,1.0,1,150,479,No Fatality,0,0,4
5673,2022-05-26,2022-05-26,1.0,"Heavy Rains, Landslides",Arunachal Pradesh,0.0,0.0,2022.0,5.0,26.0,2.0,3.0,21,Summer,1.0,1,150,479,No Fatality,0,0,4
5674,2022-05-26,2022-05-26,1.0,"Heavy Rains, Landslides",Arunachal Pradesh,0.0,0.0,2022.0,5.0,26.0,2.0,3.0,21,Summer,1.0,1,150,479,No Fatality,0,0,4
5675,2022-05-26,2022-05-26,1.0,"Heavy Rains, Landslides",Arunachal Pradesh,0.0,0.0,2022.0,5.0,26.0,2.0,3.0,21,Summer,1.0,1,150,479,No Fatality,0,0,4
5676,2022-06-02,2022-06-03,2.0,"Heavy Rains, Landslides",Arunachal Pradesh,0.0,0.0,2022.0,6.0,2.0,2.0,3.0,22,Monsoon,2.0,1,150,1071,No Fatality,0,1,4
5677,2022-06-02,2022-06-03,2.0,"Heavy Rains, Landslides",Arunachal Pradesh,0.0,0.0,2022.0,6.0,2.0,2.0,3.0,22,Monsoon,2.0,1,150,1071,No Fatality,0,1,4
5678,2022-06-18,2022-06-18,1.0,Massive Landslide,Arunachal Pradesh,3.0,0.0,2022.0,6.0,18.0,2.0,5.0,24,Monsoon,1.0,1,150,1071,Low,0,1,4
5679,2022-06-19,2022-06-19,1.0,Landslide,Arunachal Pradesh,1.0,0.0,2022.0,6.0,19.0,2.0,6.0,24,Monsoon,1.0,1,150,1071,Low,0,1,4
5680,2022-06-19,2022-06-19,1.0,Massive Landslide,Arunachal Pradesh,1.0,0.0,2022.0,6.0,19.0,2.0,6.0,24,Monsoon,1.0,1,150,1071,Low,0,1,4
5681,2022-06-21,2022-06-21,1.0,Heavy Rains,Arunachal Pradesh,0.0,0.0,2022.0,6.0,21.0,2.0,1.0,25,Monsoon,1.0,1,150,1071,No Fatality,0,1,4
5682,2022-06-21,2022-06-21,1.0,Heavy Rains,Arunachal Pradesh,0.0,0.0,2022.0,6.0,21.0,2.0,1.0,25,Monsoon,1.0,1,150,1071,No Fatality,0,1,4
5683,2022-06-28,2022-06-28,1.0,Landslide,Arunachal Pradesh,3.0,8.0,2022.0,6.0,28.0,2.0,1.0,26,Monsoon,1.0,1,150,1071,Low,0,1,4
5684,2022-06-28,2022-06-28,1.0,Landslide,Arunachal Pradesh,1.0,3.0,2022.0,6.0,28.0,2.0,1.0,26,Monsoon,1.0,1,150,1071,Low,0,1,4
5685,2022-06-28,2022-06-28,1.0,Flood ,Arunachal Pradesh,0.0,0.0,2022.0,6.0,28.0,2.0,1.0,26,Monsoon,1.0,1,150,1071,No Fatality,0,1,4
5686,2022-06-28,2022-06-28,1.0,Flood ,Arunachal Pradesh,0.0,0.0,2022.0,6.0,28.0,2.0,1.0,26,Monsoon,1.0,1,150,1071,No Fatality,0,1,4
5687,2022-06-28,2022-06-28,1.0,Massive Landslide,Arunachal Pradesh,1.0,0.0,2022.0,6.0,28.0,2.0,1.0,26,Monsoon,1.0,1,150,1071,Low,0,1,4
5688,2022-06-29,2022-06-29,1.0,"Heavy Rains, Landslide",Arunachal Pradesh,2.0,0.0,2022.0,6.0,29.0,2.0,2.0,26,Monsoon,1.0,1,150,1071,Low,0,1,4
5689,2022-06-29,2022-06-29,1.0,"Heavy Rains, Landslide",Arunachal Pradesh,0.0,0.0,2022.0,6.0,29.0,2.0,2.0,26,Monsoon,1.0,1,150,1071,No Fatality,0,1,4
5690,2022-06-29,2022-06-29,1.0,"Heavy Rains, Landslide",Arunachal Pradesh,0.0,0.0,2022.0,6.0,29.0,2.0,2.0,26,Monsoon,1.0,1,150,1071,No Fatality,0,1,4
5691,2022-06-29,2022-06-29,1.0,"Heavy Rains, Landslide",Arunachal Pradesh,0.0,0.0,2022.0,6.0,29.0,2.0,2.0,26,Monsoon,1.0,1,150,1071,No Fatality,0,1,4
5692,2022-06-29,2022-06-29,1.0,"Heavy Rains, Landslide",Arunachal Pradesh,0.0,0.0,2022.0,6.0,29.0,2.0,2.0,26,Monsoon,1.0,1,150,1071,No Fatality,0,1,4
5693,2022-06-29,2022-06-29,1.0,"Heavy Rains, Landslide",Arunachal Pradesh,0.0,0.0,2022.0,6.0,29.0,2.0,2.0,26,Monsoon,1.0,1,150,1071,No Fatality,0,1,4
5694,2022-06-30,2022-06-30,1.0,"Heavy Rains, Flood & Landslides",Arunachal Pradesh,0.0,0.0,2022.0,6.0,30.0,2.0,3.0,26,Monsoon,1.0,1,150,1071,No Fatality,0,1,4
5695,2022-06-30,2022-06-30,1.0,"Heavy Rains, Flood & Landslides",Arunachal Pradesh,0.0,0.0,2022.0,6.0,30.0,2.0,3.0,26,Monsoon,1.0,1,150,1071,No Fatality,0,1,4
5696,2022-06-30,2022-06-30,1.0,"Heavy Rains, Flood & Landslides",Arunachal Pradesh,0.0,0.0,2022.0,6.0,30.0,2.0,3.0,26,Monsoon,1.0,1,150,1071,No Fatality,0,1,4
5697,2022-07-01,2022-07-08,8.0,"Heavy Rains, Flood & Landslides",Arunachal Pradesh,0.0,0.0,2022.0,7.0,1.0,3.0,4.0,26,Monsoon,8.0,1,150,1709,No Fatality,0,1,4
5698,2022-07-01,2022-07-08,8.0,"Heavy Rains, Flood & Landslides",Arunachal Pradesh,0.0,0.0,2022.0,7.0,1.0,3.0,4.0,26,Monsoon,8.0,1,150,1709,No Fatality,0,1,4
5699,2022-07-01,2022-07-08,8.0,"Heavy Rains, Flood & Landslides",Arunachal Pradesh,0.0,0.0,2022.0,7.0,1.0,3.0,4.0,26,Monsoon,8.0,1,150,1709,No Fatality,0,1,4
5700,2022-07-01,2022-07-08,8.0,"Heavy Rains, Flood & Landslides",Arunachal Pradesh,0.0,0.0,2022.0,7.0,1.0,3.0,4.0,26,Monsoon,8.0,1,150,1709,No Fatality,0,1,4
5701,2022-07-01,2022-07-08,8.0,"Heavy Rains, Flood & Landslides",Arunachal Pradesh,0.0,0.0,2022.0,7.0,1.0,3.0,4.0,26,Monsoon,8.0,1,150,1709,No Fatality,0,1,4
5702,2022-07-01,2022-07-08,8.0,"Heavy Rains, Flood & Landslides",Arunachal Pradesh,0.0,0.0,2022.0,7.0,1.0,3.0,4.0,26,Monsoon,8.0,1,150,1709,No Fatality,0,1,4
5703,2022-07-01,2022-07-08,8.0,"Heavy Rains, Flood & Landslides",Arunachal Pradesh,0.0,0.0,2022.0,7.0,1.0,3.0,4.0,26,Monsoon,8.0,1,150,1709,No Fatality,0,1,4
5704,2022-07-01,2022-07-08,8.0,"Heavy Rains, Flood & Landslides",Arunachal Pradesh,0.0,0.0,2022.0,7.0,1.0,3.0,4.0,26,Monsoon,8.0,1,150,1709,No Fatality,0,1,4
5705,2022-07-16,2022-07-16,1.0,Flood,Arunachal Pradesh,0.0,0.0,2022.0,7.0,16.0,3.0,5.0,28,Monsoon,1.0,1,150,1709,No Fatality,0,1,4
5706,2022-07-28,2022-07-29,2.0,Heavy Rains,Arunachal Pradesh,0.0,0.0,2022.0,7.0,28.0,3.0,3.0,30,Monsoon,2.0,1,150,1709,No Fatality,0,1,4
5707,2022-07-28,2022-07-29,2.0,Heavy Rains,Arunachal Pradesh,0.0,0.0,2022.0,7.0,28.0,3.0,3.0,30,Monsoon,2.0,1,150,1709,No Fatality,0,1,4
5708,2022-07-28,2022-07-29,2.0,Heavy Rains,Arunachal Pradesh,0.0,0.0,2022.0,7.0,28.0,3.0,3.0,30,Monsoon,2.0,1,150,1709,No Fatality,0,1,4
5709,2022-08-02,2022-08-04,3.0,Landslides,Arunachal Pradesh,0.0,0.0,2022.0,8.0,2.0,3.0,1.0,31,Monsoon,3.0,1,150,1382,No Fatality,0,1,4
5710,2022-08-02,2022-08-04,3.0,Landslides,Arunachal Pradesh,0.0,0.0,2022.0,8.0,2.0,3.0,1.0,31,Monsoon,3.0,1,150,1382,No Fatality,0,1,4
5711,2022-08-02,2022-08-04,3.0,Landslides,Arunachal Pradesh,0.0,0.0,2022.0,8.0,2.0,3.0,1.0,31,Monsoon,3.0,1,150,1382,No Fatality,0,1,4
5712,2022-08-02,2022-08-04,3.0,Landslides,Arunachal Pradesh,0.0,0.0,2022.0,8.0,2.0,3.0,1.0,31,Monsoon,3.0,1,150,1382,No Fatality,0,1,4
5713,2022-08-05,2022-08-05,1.0,Massive Landslide,Arunachal Pradesh,3.0,1.0,2022.0,8.0,5.0,3.0,4.0,31,Monsoon,1.0,1,150,1382,Low,0,1,4
5714,2022-08-08,2022-08-08,1.0,Landslide,Arunachal Pradesh,1.0,0.0,2022.0,8.0,8.0,3.0,0.0,32,Monsoon,1.0,1,150,1382,Low,0,1,4
5715,2022-08-08,2022-08-10,3.0,"Heavy Rains, Flood & Landslides",Arunachal Pradesh,0.0,0.0,2022.0,8.0,8.0,3.0,0.0,32,Monsoon,3.0,1,150,1382,No Fatality,0,1,4
5716,2022-08-08,2022-08-10,3.0,"Heavy Rains, Flood & Landslides",Arunachal Pradesh,0.0,0.0,2022.0,8.0,8.0,3.0,0.0,32,Monsoon,3.0,1,150,1382,No Fatality,0,1,4
5717,2022-08-08,2022-08-10,3.0,"Heavy Rains, Flood & Landslides",Arunachal Pradesh,0.0,0.0,2022.0,8.0,8.0,3.0,0.0,32,Monsoon,3.0,1,150,1382,No Fatality,0,1,4
5718,2022-08-29,2022-08-30,2.0,Landslides,Arunachal Pradesh,0.0,0.0,2022.0,8.0,29.0,3.0,0.0,35,Monsoon,2.0,1,150,1382,No Fatality,0,1,4
5719,2022-08-29,2022-08-30,2.0,Landslides,Arunachal Pradesh,0.0,0.0,2022.0,8.0,29.0,3.0,0.0,35,Monsoon,2.0,1,150,1382,No Fatality,0,1,4
5720,2022-09-25,2022-09-25,1.0,"Heavy Rain, Landslide",Arunachal Pradesh,0.0,0.0,2022.0,9.0,25.0,3.0,6.0,38,Monsoon,1.0,1,150,938,No Fatality,0,1,4
5721,2022-10-10,2022-10-14,4.0,"Heavy Rains, Flood & Landslides",Arunachal Pradesh,0.0,0.0,2022.0,10.0,10.0,4.0,0.0,41,Post-Monsoon,5.0,1,150,501,No Fatality,0,0,4
5722,2022-10-10,2022-10-14,4.0,"Heavy Rains, Flood & Landslides",Arunachal Pradesh,0.0,0.0,2022.0,10.0,10.0,4.0,0.0,41,Post-Monsoon,5.0,1,150,501,No Fatality,0,0,4
5723,2022-10-17,2022-10-17,1.0,Landslides,Arunachal Pradesh,2.0,3.0,2022.0,10.0,17.0,4.0,0.0,42,Post-Monsoon,1.0,1,150,501,Low,0,0,4
5724,2022-05-12,2022-05-13,2.0,"Heavy rains, Floods (Brahmaputra,tributaries) & Landslide",Assam,0.0,0.0,2022.0,5.0,12.0,2.0,3.0,19,Summer,2.0,1,908,479,No Fatality,0,0,5
5725,2022-05-12,2022-05-13,2.0,"Heavy rains, Floods (Brahmaputra,tributaries) & Landslide",Assam,0.0,0.0,2022.0,5.0,12.0,2.0,3.0,19,Summer,2.0,1,908,479,No Fatality,0,0,5
5726,2022-05-12,2022-05-13,2.0,"Heavy rains, Floods (Brahmaputra,tributaries) & Landslide",Assam,0.0,0.0,2022.0,5.0,12.0,2.0,3.0,19,Summer,2.0,1,908,479,No Fatality,0,0,5
5727,2022-05-12,2022-05-13,2.0,"Heavy rains, Floods (Brahmaputra,tributaries) & Landslide",Assam,0.0,0.0,2022.0,5.0,12.0,2.0,3.0,19,Summer,2.0,1,908,479,No Fatality,0,0,5
5728,2022-05-12,2022-05-13,2.0,"Heavy rains, Floods (Brahmaputra,tributaries) & Landslide",Assam,0.0,0.0,2022.0,5.0,12.0,2.0,3.0,19,Summer,2.0,1,908,479,No Fatality,0,0,5
5729,2022-05-12,2022-05-13,2.0,"Heavy rains, Floods (Brahmaputra,tributaries) & Landslide",Assam,0.0,0.0,2022.0,5.0,12.0,2.0,3.0,19,Summer,2.0,1,908,479,No Fatality,0,0,5
5730,2022-05-12,2022-05-13,2.0,"Heavy rains, Floods (Brahmaputra,tributaries) & Landslide",Assam,0.0,0.0,2022.0,5.0,12.0,2.0,3.0,19,Summer,2.0,1,908,479,No Fatality,0,0,5
5731,2022-05-12,2022-05-13,1.0,Landslide,Assam,3.0,0.0,2022.0,5.0,12.0,2.0,3.0,19,Summer,2.0,1,908,479,Low,0,0,5
5732,2022-05-12,2022-05-13,1.0,"Heavy rains & Floods (Brahmaputra,tributaries)",Assam,0.0,0.0,2022.0,5.0,12.0,2.0,3.0,19,Summer,2.0,1,908,479,No Fatality,0,0,5
5733,2022-05-14,2022-05-14,1.0,"Heavy rains & Floods (Brahmaputra,tributaries)",Assam,0.0,0.0,2022.0,5.0,14.0,2.0,5.0,19,Summer,1.0,1,908,479,No Fatality,0,0,5
5734,2022-05-14,2022-05-14,1.0,"Heavy rains & Floods (Brahmaputra,tributaries)",Assam,0.0,0.0,2022.0,5.0,14.0,2.0,5.0,19,Summer,1.0,1,908,479,No Fatality,0,0,5
5735,2022-05-14,2022-05-14,1.0,"Heavy rains & Floods (Brahmaputra,tributaries)",Assam,0.0,0.0,2022.0,5.0,14.0,2.0,5.0,19,Summer,1.0,1,908,479,No Fatality,0,0,5
5736,2022-05-14,2022-05-14,1.0,"Heavy rains & Floods (Brahmaputra,tributaries)",Assam,0.0,0.0,2022.0,5.0,14.0,2.0,5.0,19,Summer,1.0,1,908,479,No Fatality,0,0,5
5737,2022-05-14,2022-05-14,1.0,"Heavy rains & Floods (Brahmaputra,tributaries)",Assam,0.0,0.0,2022.0,5.0,14.0,2.0,5.0,19,Summer,1.0,1,908,479,No Fatality,0,0,5
5738,2022-05-15,2022-05-15,1.0,"Heavy rains & Floods (Brahmaputra,tributaries)",Assam,0.0,0.0,2022.0,5.0,15.0,2.0,6.0,19,Summer,1.0,1,908,479,No Fatality,0,0,5
5739,2022-05-15,2022-05-15,1.0,"Heavy rains & Floods (Brahmaputra,tributaries)",Assam,0.0,0.0,2022.0,5.0,15.0,2.0,6.0,19,Summer,1.0,1,908,479,No Fatality,0,0,5
5740,2022-05-15,2022-05-15,1.0,"Heavy rains & Floods (Brahmaputra,tributaries)",Assam,0.0,0.0,2022.0,5.0,15.0,2.0,6.0,19,Summer,1.0,1,908,479,No Fatality,0,0,5
5741,2022-05-15,2022-05-15,1.0,"Heavy rains & Floods (Brahmaputra,tributaries)",Assam,2.0,0.0,2022.0,5.0,15.0,2.0,6.0,19,Summer,1.0,1,908,479,Low,0,0,5
5742,2022-05-15,2022-05-15,1.0,"Heavy rains & Floods (Brahmaputra,tributaries)",Assam,0.0,0.0,2022.0,5.0,15.0,2.0,6.0,19,Summer,1.0,1,908,479,No Fatality,0,0,5
5743,2022-05-15,2022-05-15,1.0,"Heavy rains & Floods (Brahmaputra,tributaries)",Assam,0.0,0.0,2022.0,5.0,15.0,2.0,6.0,19,Summer,1.0,1,908,479,No Fatality,0,0,5
5744,2022-05-15,2022-05-15,1.0,"Heavy rains & Floods (Brahmaputra,tributaries)",Assam,0.0,0.0,2022.0,5.0,15.0,2.0,6.0,19,Summer,1.0,1,908,479,No Fatality,0,0,5
5745,2022-05-15,2022-05-15,1.0,"Heavy rains & Floods (Brahmaputra,tributaries)",Assam,0.0,0.0,2022.0,5.0,15.0,2.0,6.0,19,Summer,1.0,1,908,479,No Fatality,0,0,5
5746,2022-05-15,2022-05-15,1.0,"Heavy rains & Floods (Brahmaputra,tributaries)",Assam,0.0,0.0,2022.0,5.0,15.0,2.0,6.0,19,Summer,1.0,1,908,479,No Fatality,0,0,5
5747,2022-05-15,2022-05-15,1.0,"Heavy rains & Floods (Brahmaputra,tributaries)",Assam,0.0,0.0,2022.0,5.0,15.0,2.0,6.0,19,Summer,1.0,1,908,479,No Fatality,0,0,5
5748,2022-05-15,2022-05-15,1.0,"Heavy rains & Floods (Brahmaputra,tributaries)",Assam,0.0,0.0,2022.0,5.0,15.0,2.0,6.0,19,Summer,1.0,1,908,479,No Fatality,0,0,5
5749,2022-05-15,2022-05-15,1.0,"Heavy rains & Floods (Brahmaputra,tributaries)",Assam,0.0,0.0,2022.0,5.0,15.0,2.0,6.0,19,Summer,1.0,1,908,479,No Fatality,0,0,5
5750,2022-05-15,2022-05-15,1.0,"Heavy rains & Floods (Brahmaputra,tributaries)",Assam,0.0,0.0,2022.0,5.0,15.0,2.0,6.0,19,Summer,1.0,1,908,479,No Fatality,0,0,5
5751,2022-05-15,2022-05-15,1.0,"Heavy rains & Floods (Brahmaputra,tributaries)",Assam,0.0,0.0,2022.0,5.0,15.0,2.0,6.0,19,Summer,1.0,1,908,479,No Fatality,0,0,5
5752,2022-05-15,2022-05-15,1.0,"Heavy rains & Floods (Brahmaputra,tributaries)",Assam,0.0,0.0,2022.0,5.0,15.0,2.0,6.0,19,Summer,1.0,1,908,479,No Fatality,0,0,5
5753,2022-05-15,2022-05-15,1.0,"Heavy rains & Floods (Brahmaputra,tributaries)",Assam,0.0,0.0,2022.0,5.0,15.0,2.0,6.0,19,Summer,1.0,1,908,479,No Fatality,0,0,5
5754,2022-05-15,2022-05-15,1.0,"Heavy rains & Floods (Brahmaputra,tributaries)",Assam,0.0,0.0,2022.0,5.0,15.0,2.0,6.0,19,Summer,1.0,1,908,479,No Fatality,0,0,5
5755,2022-05-15,2022-05-15,1.0,"Heavy rains & Floods (Brahmaputra,tributaries)",Assam,0.0,0.0,2022.0,5.0,15.0,2.0,6.0,19,Summer,1.0,1,908,479,No Fatality,0,0,5
5756,2022-05-15,2022-05-15,1.0,"Heavy rains & Floods (Brahmaputra,tributaries)",Assam,0.0,0.0,2022.0,5.0,15.0,2.0,6.0,19,Summer,1.0,1,908,479,No Fatality,0,0,5
5757,2022-05-15,2022-05-15,1.0,"Heavy rains & Floods (Brahmaputra,tributaries)",Assam,0.0,0.0,2022.0,5.0,15.0,2.0,6.0,19,Summer,1.0,1,908,479,No Fatality,0,0,5
5758,2022-05-16,2022-05-16,1.0,"Heavy rains & Floods (Brahmaputra,tributaries)",Assam,0.0,0.0,2022.0,5.0,16.0,2.0,0.0,20,Summer,1.0,1,908,479,No Fatality,0,0,5
5759,2022-05-16,2022-05-16,1.0,"Heavy rains & Floods (Brahmaputra,tributaries)",Assam,0.0,0.0,2022.0,5.0,16.0,2.0,0.0,20,Summer,1.0,1,908,479,No Fatality,0,0,5
5760,2022-05-16,2022-05-16,1.0,"Heavy rains & Floods (Brahmaputra,tributaries)",Assam,0.0,0.0,2022.0,5.0,16.0,2.0,0.0,20,Summer,1.0,1,908,479,No Fatality,0,0,5
5761,2022-05-16,2022-05-16,1.0,"Heavy rains & Floods (Brahmaputra,tributaries)",Assam,0.0,0.0,2022.0,5.0,16.0,2.0,0.0,20,Summer,1.0,1,908,479,No Fatality,0,0,5
5762,2022-05-16,2022-05-16,1.0,"Heavy rains & Floods (Brahmaputra,tributaries)",Assam,0.0,0.0,2022.0,5.0,16.0,2.0,0.0,20,Summer,1.0,1,908,479,No Fatality,0,0,5
5763,2022-05-16,2022-05-16,1.0,"Heavy rains & Floods (Brahmaputra,tributaries)",Assam,0.0,0.0,2022.0,5.0,16.0,2.0,0.0,20,Summer,1.0,1,908,479,No Fatality,0,0,5
5764,2022-05-16,2022-05-16,1.0,"Heavy rains & Floods (Brahmaputra,tributaries)",Assam,0.0,0.0,2022.0,5.0,16.0,2.0,0.0,20,Summer,1.0,1,908,479,No Fatality,0,0,5
5765,2022-05-16,2022-05-16,1.0,"Heavy rains & Floods (Brahmaputra,tributaries)",Assam,0.0,0.0,2022.0,5.0,16.0,2.0,0.0,20,Summer,1.0,1,908,479,No Fatality,0,0,5
5766,2022-05-16,2022-05-16,1.0,"Heavy rains & Floods (Brahmaputra,tributaries)",Assam,0.0,0.0,2022.0,5.0,16.0,2.0,0.0,20,Summer,1.0,1,908,479,No Fatality,0,0,5
5767,2022-05-16,2022-05-16,1.0,"Heavy rains & Floods (Brahmaputra,tributaries)",Assam,0.0,0.0,2022.0,5.0,16.0,2.0,0.0,20,Summer,1.0,1,908,479,No Fatality,0,0,5
5768,2022-05-16,2022-05-16,1.0,"Heavy rains & Floods (Brahmaputra,tributaries)",Assam,0.0,0.0,2022.0,5.0,16.0,2.0,0.0,20,Summer,1.0,1,908,479,No Fatality,0,0,5
5769,2022-05-16,2022-05-16,1.0,"Heavy rains & Floods (Brahmaputra,tributaries)",Assam,0.0,0.0,2022.0,5.0,16.0,2.0,0.0,20,Summer,1.0,1,908,479,No Fatality,0,0,5
5770,2022-05-16,2022-05-16,1.0,"Heavy rains & Floods (Brahmaputra,tributaries)",Assam,0.0,0.0,2022.0,5.0,16.0,2.0,0.0,20,Summer,1.0,1,908,479,No Fatality,0,0,5
5771,2022-05-16,2022-05-16,1.0,"Heavy rains & Floods (Brahmaputra,tributaries)",Assam,0.0,0.0,2022.0,5.0,16.0,2.0,0.0,20,Summer,1.0,1,908,479,No Fatality,0,0,5
5772,2022-05-16,2022-05-16,1.0,"Heavy rains & Floods (Brahmaputra,tributaries)",Assam,0.0,0.0,2022.0,5.0,16.0,2.0,0.0,20,Summer,1.0,1,908,479,No Fatality,0,0,5
5773,2022-05-16,2022-05-16,1.0,"Heavy rains & Floods (Brahmaputra,tributaries)",Assam,0.0,0.0,2022.0,5.0,16.0,2.0,0.0,20,Summer,1.0,1,908,479,No Fatality,0,0,5
5774,2022-05-16,2022-05-16,1.0,"Heavy rains & Floods (Brahmaputra,tributaries)",Assam,0.0,0.0,2022.0,5.0,16.0,2.0,0.0,20,Summer,1.0,1,908,479,No Fatality,0,0,5
5775,2022-05-16,2022-05-16,1.0,"Heavy rains & Floods (Brahmaputra,tributaries)",Assam,0.0,0.0,2022.0,5.0,16.0,2.0,0.0,20,Summer,1.0,1,908,479,No Fatality,0,0,5
5776,2022-05-16,2022-05-16,1.0,"Heavy rains & Floods (Brahmaputra,tributaries)",Assam,0.0,0.0,2022.0,5.0,16.0,2.0,0.0,20,Summer,1.0,1,908,479,No Fatality,0,0,5
5777,2022-05-16,2022-05-16,1.0,"Heavy rains & Floods (Brahmaputra,tributaries)",Assam,0.0,0.0,2022.0,5.0,16.0,2.0,0.0,20,Summer,1.0,1,908,479,No Fatality,0,0,5
5778,2022-05-16,2022-05-16,1.0,"Heavy rains & Floods (Brahmaputra,tributaries)",Assam,0.0,0.0,2022.0,5.0,16.0,2.0,0.0,20,Summer,1.0,1,908,479,No Fatality,0,0,5
5779,2022-05-16,2022-05-16,1.0,"Heavy rains & Floods (Brahmaputra,tributaries)",Assam,0.0,0.0,2022.0,5.0,16.0,2.0,0.0,20,Summer,1.0,1,908,479,No Fatality,0,0,5
5780,2022-05-16,2022-05-16,1.0,"Heavy rains & Floods (Brahmaputra,tributaries)",Assam,0.0,0.0,2022.0,5.0,16.0,2.0,0.0,20,Summer,1.0,1,908,479,No Fatality,0,0,5
5781,2022-05-16,2022-05-16,1.0,"Heavy rains & Floods (Brahmaputra,tributaries)",Assam,0.0,0.0,2022.0,5.0,16.0,2.0,0.0,20,Summer,1.0,1,908,479,No Fatality,0,0,5
5782,2022-05-16,2022-05-16,1.0,"Heavy rains & Floods (Brahmaputra,tributaries)",Assam,0.0,0.0,2022.0,5.0,16.0,2.0,0.0,20,Summer,1.0,1,908,479,No Fatality,0,0,5
5783,2022-05-16,2022-05-16,1.0,"Heavy rains & Floods (Brahmaputra,tributaries)",Assam,0.0,0.0,2022.0,5.0,16.0,2.0,0.0,20,Summer,1.0,1,908,479,No Fatality,0,0,5
5784,2022-05-16,2022-05-16,1.0,"Heavy rains & Floods (Brahmaputra,tributaries)",Assam,1.0,0.0,2022.0,5.0,16.0,2.0,0.0,20,Summer,1.0,1,908,479,Low,0,0,5
5785,2022-05-17,2022-05-17,1.0,"Heavy rains & Floods (Brahmaputra,tributaries)",Assam,0.0,0.0,2022.0,5.0,17.0,2.0,1.0,20,Summer,1.0,1,908,479,No Fatality,0,0,5
5786,2022-05-17,2022-05-17,1.0,"Heavy rains & Floods (Brahmaputra,tributaries)",Assam,0.0,0.0,2022.0,5.0,17.0,2.0,1.0,20,Summer,1.0,1,908,479,No Fatality,0,0,5
5787,2022-05-17,2022-05-17,1.0,"Heavy rains & Floods (Brahmaputra,tributaries)",Assam,0.0,0.0,2022.0,5.0,17.0,2.0,1.0,20,Summer,1.0,1,908,479,No Fatality,0,0,5
5788,2022-05-17,2022-05-17,1.0,"Heavy rains & Floods (Brahmaputra,tributaries)",Assam,0.0,0.0,2022.0,5.0,17.0,2.0,1.0,20,Summer,1.0,1,908,479,No Fatality,0,0,5
5789,2022-05-17,2022-05-17,1.0,"Heavy rains & Floods (Brahmaputra,tributaries)",Assam,0.0,0.0,2022.0,5.0,17.0,2.0,1.0,20,Summer,1.0,1,908,479,No Fatality,0,0,5
5790,2022-05-17,2022-05-17,1.0,"Heavy rains & Floods (Brahmaputra,tributaries)",Assam,0.0,0.0,2022.0,5.0,17.0,2.0,1.0,20,Summer,1.0,1,908,479,No Fatality,0,0,5
5791,2022-05-17,2022-05-17,1.0,"Heavy rains & Floods (Brahmaputra,tributaries)",Assam,0.0,0.0,2022.0,5.0,17.0,2.0,1.0,20,Summer,1.0,1,908,479,No Fatality,0,0,5
5792,2022-05-17,2022-05-17,1.0,"Heavy rains & Floods (Brahmaputra,tributaries)",Assam,1.0,0.0,2022.0,5.0,17.0,2.0,1.0,20,Summer,1.0,1,908,479,Low,0,0,5
5793,2022-05-17,2022-05-17,1.0,"Heavy rains & Floods (Brahmaputra,tributaries)",Assam,0.0,0.0,2022.0,5.0,17.0,2.0,1.0,20,Summer,1.0,1,908,479,No Fatality,0,0,5
5794,2022-05-17,2022-05-17,1.0,"Heavy rains & Floods (Brahmaputra,tributaries)",Assam,0.0,0.0,2022.0,5.0,17.0,2.0,1.0,20,Summer,1.0,1,908,479,No Fatality,0,0,5
5795,2022-05-17,2022-05-17,1.0,"Heavy rains & Floods (Brahmaputra,tributaries)",Assam,0.0,0.0,2022.0,5.0,17.0,2.0,1.0,20,Summer,1.0,1,908,479,No Fatality,0,0,5
5796,2022-05-17,2022-05-17,1.0,"Heavy rains & Floods (Brahmaputra,tributaries)",Assam,0.0,0.0,2022.0,5.0,17.0,2.0,1.0,20,Summer,1.0,1,908,479,No Fatality,0,0,5
5797,2022-05-17,2022-05-17,1.0,"Heavy rains & Floods (Brahmaputra,tributaries)",Assam,0.0,0.0,2022.0,5.0,17.0,2.0,1.0,20,Summer,1.0,1,908,479,No Fatality,0,0,5
5798,2022-05-17,2022-05-17,1.0,"Heavy rains & Floods (Brahmaputra,tributaries)",Assam,0.0,0.0,2022.0,5.0,17.0,2.0,1.0,20,Summer,1.0,1,908,479,No Fatality,0,0,5
5799,2022-05-17,2022-05-17,1.0,"Heavy rains & Floods (Brahmaputra,tributaries)",Assam,0.0,0.0,2022.0,5.0,17.0,2.0,1.0,20,Summer,1.0,1,908,479,No Fatality,0,0,5
5800,2022-05-17,2022-05-17,1.0,"Heavy rains & Floods (Brahmaputra,tributaries)",Assam,0.0,0.0,2022.0,5.0,17.0,2.0,1.0,20,Summer,1.0,1,908,479,No Fatality,0,0,5
5801,2022-05-17,2022-05-17,1.0,"Heavy rains & Floods (Brahmaputra,tributaries)",Assam,0.0,0.0,2022.0,5.0,17.0,2.0,1.0,20,Summer,1.0,1,908,479,No Fatality,0,0,5
5802,2022-05-17,2022-05-17,1.0,"Heavy rains & Floods (Brahmaputra,tributaries)",Assam,0.0,0.0,2022.0,5.0,17.0,2.0,1.0,20,Summer,1.0,1,908,479,No Fatality,0,0,5
5803,2022-05-17,2022-05-17,1.0,"Heavy rains & Floods (Brahmaputra,tributaries)",Assam,0.0,0.0,2022.0,5.0,17.0,2.0,1.0,20,Summer,1.0,1,908,479,No Fatality,0,0,5
5804,2022-05-17,2022-05-17,1.0,"Heavy rains & Floods (Brahmaputra,tributaries)",Assam,0.0,0.0,2022.0,5.0,17.0,2.0,1.0,20,Summer,1.0,1,908,479,No Fatality,0,0,5
5805,2022-05-17,2022-05-17,1.0,"Heavy rains & Floods (Brahmaputra,tributaries)",Assam,0.0,0.0,2022.0,5.0,17.0,2.0,1.0,20,Summer,1.0,1,908,479,No Fatality,0,0,5
5806,2022-05-17,2022-05-17,1.0,"Heavy rains & Floods (Brahmaputra,tributaries)",Assam,0.0,0.0,2022.0,5.0,17.0,2.0,1.0,20,Summer,1.0,1,908,479,No Fatality,0,0,5
5807,2022-05-17,2022-05-17,1.0,"Heavy rains & Floods (Brahmaputra,tributaries)",Assam,0.0,0.0,2022.0,5.0,17.0,2.0,1.0,20,Summer,1.0,1,908,479,No Fatality,0,0,5
5808,2022-05-17,2022-05-17,1.0,"Heavy rains & Floods (Brahmaputra,tributaries)",Assam,0.0,0.0,2022.0,5.0,17.0,2.0,1.0,20,Summer,1.0,1,908,479,No Fatality,0,0,5
5809,2022-05-17,2022-05-17,1.0,"Heavy rains & Floods (Brahmaputra,tributaries)",Assam,0.0,0.0,2022.0,5.0,17.0,2.0,1.0,20,Summer,1.0,1,908,479,No Fatality,0,0,5
5810,2022-05-17,2022-05-17,1.0,"Heavy rains & Floods (Brahmaputra,tributaries)",Assam,0.0,0.0,2022.0,5.0,17.0,2.0,1.0,20,Summer,1.0,1,908,479,No Fatality,0,0,5
5811,2022-05-17,2022-05-17,1.0,"Heavy rains & Floods (Brahmaputra,tributaries)",Assam,0.0,0.0,2022.0,5.0,17.0,2.0,1.0,20,Summer,1.0,1,908,479,No Fatality,0,0,5
5812,2022-05-18,2022-05-18,1.0,"Heavy rains & Floods (Brahmaputra,tributaries)",Assam,0.0,0.0,2022.0,5.0,18.0,2.0,2.0,20,Summer,1.0,1,908,479,No Fatality,0,0,5
5813,2022-05-18,2022-05-18,1.0,"Heavy rains & Floods (Brahmaputra,tributaries)",Assam,1.0,0.0,2022.0,5.0,18.0,2.0,2.0,20,Summer,1.0,1,908,479,Low,0,0,5
5814,2022-05-19,2022-05-19,1.0,"Heavy rains & Floods (Brahmaputra,tributaries)",Assam,0.0,0.0,2022.0,5.0,19.0,2.0,3.0,20,Summer,1.0,1,908,479,No Fatality,0,0,5
5815,2022-05-19,2022-05-19,1.0,"Heavy rains & Floods (Brahmaputra,tributaries)",Assam,2.0,0.0,2022.0,5.0,19.0,2.0,3.0,20,Summer,1.0,1,908,479,Low,0,0,5
5816,2022-05-19,2022-05-19,1.0,"Heavy rains & Floods (Brahmaputra,tributaries)",Assam,1.0,0.0,2022.0,5.0,19.0,2.0,3.0,20,Summer,1.0,1,908,479,Low,0,0,5
5817,2022-05-19,2022-05-19,1.0,"Heavy rains & Floods (Brahmaputra,tributaries)",Assam,1.0,0.0,2022.0,5.0,19.0,2.0,3.0,20,Summer,1.0,1,908,479,Low,0,0,5
5818,2022-05-20,2022-05-20,1.0,"Heavy rains & Floods (Brahmaputra,tributaries)",Assam,0.0,0.0,2022.0,5.0,20.0,2.0,4.0,20,Summer,1.0,1,908,479,No Fatality,0,0,5
5819,2022-05-20,2022-05-20,1.0,"Heavy rains & Floods (Brahmaputra,tributaries)",Assam,2.0,0.0,2022.0,5.0,20.0,2.0,4.0,20,Summer,1.0,1,908,479,Low,0,0,5
5820,2022-05-20,2022-05-20,1.0,"Heavy rains & Floods (Brahmaputra,tributaries)",Assam,1.0,0.0,2022.0,5.0,20.0,2.0,4.0,20,Summer,1.0,1,908,479,Low,0,0,5
5821,2022-05-20,2022-05-20,1.0,"Heavy rains & Floods (Brahmaputra,tributaries)",Assam,1.0,0.0,2022.0,5.0,20.0,2.0,4.0,20,Summer,1.0,1,908,479,Low,0,0,5
5822,2022-05-21,2022-05-21,1.0,"Heavy rains & Floods (Brahmaputra,tributaries)",Assam,0.0,0.0,2022.0,5.0,21.0,2.0,5.0,20,Summer,1.0,1,908,479,No Fatality,0,0,5
5823,2022-05-21,2022-05-21,1.0,"Heavy rains & Floods (Brahmaputra,tributaries)",Assam,1.0,0.0,2022.0,5.0,21.0,2.0,5.0,20,Summer,1.0,1,908,479,Low,0,0,5
5824,2022-05-21,2022-05-21,1.0,"Heavy rains & Floods (Brahmaputra,tributaries)",Assam,1.0,0.0,2022.0,5.0,21.0,2.0,5.0,20,Summer,1.0,1,908,479,Low,0,0,5
5825,2022-05-21,2022-05-21,1.0,"Heavy rains & Floods (Brahmaputra,tributaries)",Assam,4.0,0.0,2022.0,5.0,21.0,2.0,5.0,20,Summer,1.0,1,908,479,Low,0,0,5
5826,2022-05-22,2022-05-22,1.0,"Heavy rains & Floods (Brahmaputra,tributaries)",Assam,0.0,0.0,2022.0,5.0,22.0,2.0,6.0,20,Summer,1.0,1,908,479,No Fatality,0,0,5
5827,2022-05-22,2022-05-22,1.0,"Heavy rains & Floods (Brahmaputra,tributaries)",Assam,1.0,0.0,2022.0,5.0,22.0,2.0,6.0,20,Summer,1.0,1,908,479,Low,0,0,5
5828,2022-05-22,2022-05-22,1.0,"Heavy rains & Floods (Brahmaputra,tributaries)",Assam,0.0,0.0,2022.0,5.0,22.0,2.0,6.0,20,Summer,1.0,1,908,479,No Fatality,0,0,5
5829,2022-05-22,2022-05-22,1.0,"Heavy rains & Floods (Brahmaputra,tributaries)",Assam,0.0,0.0,2022.0,5.0,22.0,2.0,6.0,20,Summer,1.0,1,908,479,No Fatality,0,0,5
5830,2022-05-23,2022-05-23,1.0,"Heavy rains & Floods (Brahmaputra,tributaries)",Assam,0.0,0.0,2022.0,5.0,23.0,2.0,0.0,21,Summer,1.0,1,908,479,No Fatality,0,0,5
5831,2022-05-23,2022-05-23,1.0,"Heavy rains & Floods (Brahmaputra,tributaries)",Assam,1.0,0.0,2022.0,5.0,23.0,2.0,0.0,21,Summer,1.0,1,908,479,Low,0,0,5
5832,2022-05-23,2022-05-23,1.0,"Heavy rains & Floods (Brahmaputra,tributaries)",Assam,1.0,0.0,2022.0,5.0,23.0,2.0,0.0,21,Summer,1.0,1,908,479,Low,0,0,5
5833,2022-05-24,2022-05-24,1.0,"Heavy rains & Floods (Brahmaputra,tributaries)",Assam,0.0,0.0,2022.0,5.0,24.0,2.0,1.0,21,Summer,1.0,1,908,479,No Fatality,0,0,5
5834,2022-05-24,2022-05-24,1.0,"Heavy rains & Floods (Brahmaputra,tributaries)",Assam,1.0,0.0,2022.0,5.0,24.0,2.0,1.0,21,Summer,1.0,1,908,479,Low,0,0,5
5835,2022-05-24,2022-05-24,1.0,"Heavy rains & Floods (Brahmaputra,tributaries)",Assam,1.0,0.0,2022.0,5.0,24.0,2.0,1.0,21,Summer,1.0,1,908,479,Low,0,0,5
5836,2022-05-24,2022-05-24,1.0,"Heavy rains & Floods (Brahmaputra,tributaries)",Assam,0.0,0.0,2022.0,5.0,24.0,2.0,1.0,21,Summer,1.0,1,908,479,No Fatality,0,0,5
5837,2022-05-25,2022-05-25,1.0,"Heavy rains & Floods (Brahmaputra,tributaries)",Assam,0.0,0.0,2022.0,5.0,25.0,2.0,2.0,21,Summer,1.0,1,908,479,No Fatality,0,0,5
5838,2022-05-25,2022-05-25,1.0,"Heavy rains & Floods (Brahmaputra,tributaries)",Assam,2.0,0.0,2022.0,5.0,25.0,2.0,2.0,21,Summer,1.0,1,908,479,Low,0,0,5
5839,2022-05-25,2022-05-25,1.0,"Heavy rains & Floods (Brahmaputra,tributaries)",Assam,0.0,0.0,2022.0,5.0,25.0,2.0,2.0,21,Summer,1.0,1,908,479,No Fatality,0,0,5
5840,2022-05-26,2022-05-26,1.0,"Heavy rains & Floods (Brahmaputra,tributaries)",Assam,0.0,0.0,2022.0,5.0,26.0,2.0,3.0,21,Summer,1.0,1,908,479,No Fatality,0,0,5
5841,2022-05-27,2022-05-27,1.0,"Heavy rains & Floods (Brahmaputra,tributaries)",Assam,0.0,0.0,2022.0,5.0,27.0,2.0,4.0,21,Summer,1.0,1,908,479,No Fatality,0,0,5
5842,2022-05-27,2022-05-27,1.0,"Heavy rains & Floods (Brahmaputra,tributaries)",Assam,2.0,0.0,2022.0,5.0,27.0,2.0,4.0,21,Summer,1.0,1,908,479,Low,0,0,5
5843,2022-05-28,2022-05-28,1.0,"Heavy rains & Floods (Brahmaputra,tributaries)",Assam,0.0,0.0,2022.0,5.0,28.0,2.0,5.0,21,Summer,1.0,1,908,479,No Fatality,0,0,5
5844,2022-05-28,2022-05-28,1.0,"Heavy rains & Floods (Brahmaputra,tributaries)",Assam,0.0,0.0,2022.0,5.0,28.0,2.0,5.0,21,Summer,1.0,1,908,479,No Fatality,0,0,5
5845,2022-05-29,2022-05-29,1.0,"Heavy rains & Floods (Brahmaputra,tributaries)",Assam,0.0,0.0,2022.0,5.0,29.0,2.0,6.0,21,Summer,1.0,1,908,479,No Fatality,0,0,5
5846,2022-05-29,2022-05-29,1.0,"Heavy rains & Floods (Brahmaputra,tributaries)",Assam,2.0,0.0,2022.0,5.0,29.0,2.0,6.0,21,Summer,1.0,1,908,479,Low,0,0,5
5847,2022-05-29,2022-05-29,1.0,"Heavy rains & Floods (Brahmaputra,tributaries)",Assam,2.0,0.0,2022.0,5.0,29.0,2.0,6.0,21,Summer,1.0,1,908,479,Low,0,0,5
5848,2022-05-29,2022-05-29,1.0,"Heavy rains & Floods (Brahmaputra,tributaries)",Assam,0.0,0.0,2022.0,5.0,29.0,2.0,6.0,21,Summer,1.0,1,908,479,No Fatality,0,0,5
5849,2022-05-31,2022-05-31,1.0,"Heavy rains & Floods (Brahmaputra,tributaries)",Assam,0.0,0.0,2022.0,5.0,31.0,2.0,1.0,22,Summer,1.0,1,908,479,No Fatality,0,0,5
5850,2022-05-31,2022-05-31,1.0,"Heavy rains & Floods (Brahmaputra,tributaries)",Assam,2.0,0.0,2022.0,5.0,31.0,2.0,1.0,22,Summer,1.0,1,908,479,Low,0,0,5
5851,2022-06-13,2022-06-13,1.0,Floods & Landslide ,Assam,0.0,0.0,2022.0,6.0,13.0,2.0,0.0,24,Monsoon,1.0,1,908,1071,No Fatality,0,1,5
5852,2022-06-14,2022-06-14,1.0,Landslide,Assam,4.0,0.0,2022.0,6.0,14.0,2.0,1.0,24,Monsoon,1.0,1,908,1071,Low,0,1,5
5853,2022-06-14,2022-06-14,1.0,"Heavy rains & Flood (Brahmaputra,tributaries)",Assam,0.0,0.0,2022.0,6.0,14.0,2.0,1.0,24,Monsoon,1.0,1,908,1071,No Fatality,0,1,5
5854,2022-06-14,2022-06-14,1.0,"Heavy rains & Flood (Brahmaputra,tributaries)",Assam,1.0,0.0,2022.0,6.0,14.0,2.0,1.0,24,Monsoon,1.0,1,908,1071,Low,0,1,5
5855,2022-06-15,2022-06-15,1.0,"Heavy rains & Flood (Brahmaputra,tributaries)",Assam,0.0,0.0,2022.0,6.0,15.0,2.0,2.0,24,Monsoon,1.0,1,908,1071,No Fatality,0,1,5
5856,2022-06-15,2022-06-15,1.0,"Heavy rains & Flood (Brahmaputra,tributaries)",Assam,1.0,0.0,2022.0,6.0,15.0,2.0,2.0,24,Monsoon,1.0,1,908,1071,Low,0,1,5
5857,2022-06-15,2022-06-15,1.0,"Heavy rains & Flood (Brahmaputra,tributaries)",Assam,1.0,0.0,2022.0,6.0,15.0,2.0,2.0,24,Monsoon,1.0,1,908,1071,Low,0,1,5
5858,2022-06-16,2022-06-16,1.0,Landslide,Assam,2.0,0.0,2022.0,6.0,16.0,2.0,3.0,24,Monsoon,1.0,1,908,1071,Low,0,1,5
5859,2022-06-16,2022-06-16,1.0,"Heavy rains & Flood (Brahmaputra,tributaries)",Assam,0.0,0.0,2022.0,6.0,16.0,2.0,3.0,24,Monsoon,1.0,1,908,1071,No Fatality,0,1,5
5860,2022-06-16,2022-06-16,1.0,"Heavy rains & Flood (Brahmaputra,tributaries)",Assam,1.0,0.0,2022.0,6.0,16.0,2.0,3.0,24,Monsoon,1.0,1,908,1071,Low,0,1,5
5861,2022-06-16,2022-06-16,1.0,"Heavy rains & Flood (Brahmaputra,tributaries)",Assam,1.0,0.0,2022.0,6.0,16.0,2.0,3.0,24,Monsoon,1.0,1,908,1071,Low,0,1,5
5862,2022-06-16,2022-06-16,1.0,"Heavy rains & Flood (Brahmaputra,tributaries)",Assam,2.0,0.0,2022.0,6.0,16.0,2.0,3.0,24,Monsoon,1.0,1,908,1071,Low,0,1,5
5863,2022-06-16,2022-06-16,1.0,"Heavy rains & Flood (Brahmaputra,tributaries)",Assam,1.0,0.0,2022.0,6.0,16.0,2.0,3.0,24,Monsoon,1.0,1,908,1071,Low,0,1,5
5864,2022-06-16,2022-06-16,1.0,"Heavy rains & Flood (Brahmaputra,tributaries)",Assam,1.0,0.0,2022.0,6.0,16.0,2.0,3.0,24,Monsoon,1.0,1,908,1071,Low,0,1,5
5865,2022-06-16,2022-06-16,1.0,"Heavy rains & Flood (Brahmaputra,tributaries)",Assam,2.0,0.0,2022.0,6.0,16.0,2.0,3.0,24,Monsoon,1.0,1,908,1071,Low,0,1,5
5866,2022-06-16,2022-06-16,1.0,"Heavy rains & Flood (Brahmaputra,tributaries)",Assam,1.0,0.0,2022.0,6.0,16.0,2.0,3.0,24,Monsoon,1.0,1,908,1071,Low,0,1,5
5867,2022-06-17,2022-06-17,1.0,"Heavy rains & Flood (Brahmaputra,tributaries)",Assam,0.0,0.0,2022.0,6.0,17.0,2.0,4.0,24,Monsoon,1.0,1,908,1071,No Fatality,0,1,5
5868,2022-06-17,2022-06-17,1.0,"Heavy rains & Flood (Brahmaputra,tributaries)",Assam,2.0,0.0,2022.0,6.0,17.0,2.0,4.0,24,Monsoon,1.0,1,908,1071,Low,0,1,5
5869,2022-06-17,2022-06-17,1.0,"Heavy rains & Flood (Brahmaputra,tributaries)",Assam,1.0,0.0,2022.0,6.0,17.0,2.0,4.0,24,Monsoon,1.0,1,908,1071,Low,0,1,5
5870,2022-06-17,2022-06-17,1.0,"Heavy rains & Flood (Brahmaputra,tributaries)",Assam,1.0,0.0,2022.0,6.0,17.0,2.0,4.0,24,Monsoon,1.0,1,908,1071,Low,0,1,5
5871,2022-06-17,2022-06-17,1.0,"Heavy rains & Flood (Brahmaputra,tributaries)",Assam,1.0,0.0,2022.0,6.0,17.0,2.0,4.0,24,Monsoon,1.0,1,908,1071,Low,0,1,5
5872,2022-06-17,2022-06-17,1.0,"Heavy rains & Flood (Brahmaputra,tributaries)",Assam,0.0,0.0,2022.0,6.0,17.0,2.0,4.0,24,Monsoon,1.0,1,908,1071,No Fatality,0,1,5
5873,2022-06-17,2022-06-17,1.0,"Heavy rains & Flood (Brahmaputra,tributaries)",Assam,0.0,0.0,2022.0,6.0,17.0,2.0,4.0,24,Monsoon,1.0,1,908,1071,No Fatality,0,1,5
5874,2022-06-17,2022-06-17,1.0,"Heavy rains & Flood (Brahmaputra,tributaries)",Assam,0.0,0.0,2022.0,6.0,17.0,2.0,4.0,24,Monsoon,1.0,1,908,1071,No Fatality,0,1,5
5875,2022-06-17,2022-06-17,1.0,"Heavy rains & Flood (Brahmaputra,tributaries)",Assam,0.0,0.0,2022.0,6.0,17.0,2.0,4.0,24,Monsoon,1.0,1,908,1071,No Fatality,0,1,5
5876,2022-06-17,2022-06-17,1.0,"Heavy rains & Flood (Brahmaputra,tributaries)",Assam,0.0,0.0,2022.0,6.0,17.0,2.0,4.0,24,Monsoon,1.0,1,908,1071,No Fatality,0,1,5
5877,2022-06-18,2022-06-18,1.0,Landslides,Assam,1.0,0.0,2022.0,6.0,18.0,2.0,5.0,24,Monsoon,1.0,1,908,1071,Low,0,1,5
5878,2022-06-18,2022-06-18,1.0,Landslides,Assam,2.0,3.0,2022.0,6.0,18.0,2.0,5.0,24,Monsoon,1.0,1,908,1071,Low,0,1,5
5879,2022-06-18,2022-06-18,1.0,"Heavy rains & Flood (Brahmaputra,tributaries)",Assam,0.0,0.0,2022.0,6.0,18.0,2.0,5.0,24,Monsoon,1.0,1,908,1071,No Fatality,0,1,5
5880,2022-06-18,2022-06-18,1.0,"Heavy rains & Flood (Brahmaputra,tributaries)",Assam,1.0,0.0,2022.0,6.0,18.0,2.0,5.0,24,Monsoon,1.0,1,908,1071,Low,0,1,5
5881,2022-06-18,2022-06-18,1.0,"Heavy rains & Flood (Brahmaputra,tributaries)",Assam,2.0,0.0,2022.0,6.0,18.0,2.0,5.0,24,Monsoon,1.0,1,908,1071,Low,0,1,5
5882,2022-06-18,2022-06-18,1.0,"Heavy rains & Flood (Brahmaputra,tributaries)",Assam,1.0,0.0,2022.0,6.0,18.0,2.0,5.0,24,Monsoon,1.0,1,908,1071,Low,0,1,5
5883,2022-06-18,2022-06-18,1.0,"Heavy rains & Flood (Brahmaputra,tributaries)",Assam,1.0,0.0,2022.0,6.0,18.0,2.0,5.0,24,Monsoon,1.0,1,908,1071,Low,0,1,5
5884,2022-06-18,2022-06-18,1.0,"Heavy rains & Flood (Brahmaputra,tributaries)",Assam,1.0,0.0,2022.0,6.0,18.0,2.0,5.0,24,Monsoon,1.0,1,908,1071,Low,0,1,5
5885,2022-06-18,2022-06-18,1.0,"Heavy rains & Flood (Brahmaputra,tributaries)",Assam,0.0,0.0,2022.0,6.0,18.0,2.0,5.0,24,Monsoon,1.0,1,908,1071,No Fatality,0,1,5
5886,2022-06-18,2022-06-18,1.0,"Heavy rains & Flood (Brahmaputra,tributaries)",Assam,0.0,0.0,2022.0,6.0,18.0,2.0,5.0,24,Monsoon,1.0,1,908,1071,No Fatality,0,1,5
5887,2022-06-18,2022-06-18,1.0,"Heavy rains & Flood (Brahmaputra,tributaries)",Assam,0.0,0.0,2022.0,6.0,18.0,2.0,5.0,24,Monsoon,1.0,1,908,1071,No Fatality,0,1,5
5888,2022-06-18,2022-06-18,1.0,"Heavy rains & Flood (Brahmaputra,tributaries)",Assam,0.0,0.0,2022.0,6.0,18.0,2.0,5.0,24,Monsoon,1.0,1,908,1071,No Fatality,0,1,5
5889,2022-06-18,2022-06-18,1.0,"Heavy rains & Flood (Brahmaputra,tributaries)",Assam,0.0,0.0,2022.0,6.0,18.0,2.0,5.0,24,Monsoon,1.0,1,908,1071,No Fatality,0,1,5
5890,2022-06-19,2022-06-19,1.0,Landslide,Assam,3.0,0.0,2022.0,6.0,19.0,2.0,6.0,24,Monsoon,1.0,1,908,1071,Low,0,1,5
5891,2022-06-19,2022-06-19,1.0,"Heavy rains & Flood (Brahmaputra,tributaries)",Assam,0.0,0.0,2022.0,6.0,19.0,2.0,6.0,24,Monsoon,1.0,1,908,1071,No Fatality,0,1,5
5892,2022-06-19,2022-06-19,1.0,"Heavy rains & Flood (Brahmaputra,tributaries)",Assam,1.0,0.0,2022.0,6.0,19.0,2.0,6.0,24,Monsoon,1.0,1,908,1071,Low,0,1,5
5893,2022-06-19,2022-06-19,1.0,"Heavy rains & Flood (Brahmaputra,tributaries)",Assam,3.0,0.0,2022.0,6.0,19.0,2.0,6.0,24,Monsoon,1.0,1,908,1071,Low,0,1,5
5894,2022-06-19,2022-06-19,1.0,"Heavy rains & Flood (Brahmaputra,tributaries)",Assam,1.0,0.0,2022.0,6.0,19.0,2.0,6.0,24,Monsoon,1.0,1,908,1071,Low,0,1,5
5895,2022-06-19,2022-06-19,1.0,"Heavy rains & Flood (Brahmaputra,tributaries)",Assam,1.0,0.0,2022.0,6.0,19.0,2.0,6.0,24,Monsoon,1.0,1,908,1071,Low,0,1,5
5896,2022-06-19,2022-06-19,1.0,"Heavy rains & Flood (Brahmaputra,tributaries)",Assam,1.0,0.0,2022.0,6.0,19.0,2.0,6.0,24,Monsoon,1.0,1,908,1071,Low,0,1,5
5897,2022-06-19,2022-06-19,1.0,"Heavy rains & Flood (Brahmaputra,tributaries)",Assam,1.0,0.0,2022.0,6.0,19.0,2.0,6.0,24,Monsoon,1.0,1,908,1071,Low,0,1,5
5898,2022-06-19,2022-06-19,1.0,"Heavy rains & Flood (Brahmaputra,tributaries)",Assam,1.0,0.0,2022.0,6.0,19.0,2.0,6.0,24,Monsoon,1.0,1,908,1071,Low,0,1,5
5899,2022-06-19,2022-06-19,1.0,"Heavy rains & Flood (Brahmaputra,tributaries)",Assam,2.0,0.0,2022.0,6.0,19.0,2.0,6.0,24,Monsoon,1.0,1,908,1071,Low,0,1,5
5900,2022-06-19,2022-06-19,1.0,"Heavy rains & Flood (Brahmaputra,tributaries)",Assam,0.0,0.0,2022.0,6.0,19.0,2.0,6.0,24,Monsoon,1.0,1,908,1071,No Fatality,0,1,5
5901,2022-06-19,2022-06-19,1.0,"Heavy rains & Flood (Brahmaputra,tributaries)",Assam,0.0,0.0,2022.0,6.0,19.0,2.0,6.0,24,Monsoon,1.0,1,908,1071,No Fatality,0,1,5
5902,2022-06-19,2022-06-19,1.0,"Heavy rains & Flood (Brahmaputra,tributaries)",Assam,0.0,0.0,2022.0,6.0,19.0,2.0,6.0,24,Monsoon,1.0,1,908,1071,No Fatality,0,1,5
5903,2022-06-19,2022-06-19,1.0,"Heavy rains & Flood (Brahmaputra,tributaries)",Assam,0.0,0.0,2022.0,6.0,19.0,2.0,6.0,24,Monsoon,1.0,1,908,1071,No Fatality,0,1,5
5904,2022-06-20,2022-06-20,1.0,"Heavy rains & Flood (Brahmaputra,tributaries)",Assam,0.0,0.0,2022.0,6.0,20.0,2.0,0.0,25,Monsoon,1.0,1,908,1071,No Fatality,0,1,5
5905,2022-06-20,2022-06-20,1.0,"Heavy rains & Flood (Brahmaputra,tributaries)",Assam,1.0,0.0,2022.0,6.0,20.0,2.0,0.0,25,Monsoon,1.0,1,908,1071,Low,0,1,5
5906,2022-06-20,2022-06-20,1.0,"Heavy rains & Flood (Brahmaputra,tributaries)",Assam,3.0,0.0,2022.0,6.0,20.0,2.0,0.0,25,Monsoon,1.0,1,908,1071,Low,0,1,5
5907,2022-06-20,2022-06-20,1.0,"Heavy rains & Flood (Brahmaputra,tributaries)",Assam,1.0,0.0,2022.0,6.0,20.0,2.0,0.0,25,Monsoon,1.0,1,908,1071,Low,0,1,5
5908,2022-06-20,2022-06-20,1.0,"Heavy rains & Flood (Brahmaputra,tributaries)",Assam,1.0,0.0,2022.0,6.0,20.0,2.0,0.0,25,Monsoon,1.0,1,908,1071,Low,0,1,5
5909,2022-06-20,2022-06-20,1.0,"Heavy rains & Flood (Brahmaputra,tributaries)",Assam,1.0,0.0,2022.0,6.0,20.0,2.0,0.0,25,Monsoon,1.0,1,908,1071,Low,0,1,5
5910,2022-06-20,2022-06-20,1.0,"Heavy rains & Flood (Brahmaputra,tributaries)",Assam,0.0,0.0,2022.0,6.0,20.0,2.0,0.0,25,Monsoon,1.0,1,908,1071,No Fatality,0,1,5
5911,2022-06-20,2022-06-20,1.0,"Heavy rains & Flood (Brahmaputra,tributaries)",Assam,0.0,0.0,2022.0,6.0,20.0,2.0,0.0,25,Monsoon,1.0,1,908,1071,No Fatality,0,1,5
5912,2022-06-21,2022-06-21,1.0,"Heavy rains & Flood (Brahmaputra,tributaries)",Assam,0.0,0.0,2022.0,6.0,21.0,2.0,1.0,25,Monsoon,1.0,1,908,1071,No Fatality,0,1,5
5913,2022-06-21,2022-06-21,1.0,"Heavy rains & Flood (Brahmaputra,tributaries)",Assam,3.0,0.0,2022.0,6.0,21.0,2.0,1.0,25,Monsoon,1.0,1,908,1071,Low,0,1,5
5914,2022-06-21,2022-06-21,1.0,"Heavy rains & Flood (Brahmaputra,tributaries)",Assam,4.0,0.0,2022.0,6.0,21.0,2.0,1.0,25,Monsoon,1.0,1,908,1071,Low,0,1,5
5915,2022-06-21,2022-06-21,1.0,"Heavy rains & Flood (Brahmaputra,tributaries)",Assam,2.0,0.0,2022.0,6.0,21.0,2.0,1.0,25,Monsoon,1.0,1,908,1071,Low,0,1,5
5916,2022-06-21,2022-06-21,1.0,"Heavy rains & Flood (Brahmaputra,tributaries)",Assam,3.0,0.0,2022.0,6.0,21.0,2.0,1.0,25,Monsoon,1.0,1,908,1071,Low,0,1,5
5917,2022-06-22,2022-06-22,1.0,"Heavy rains & Flood (Brahmaputra,tributaries)",Assam,0.0,0.0,2022.0,6.0,22.0,2.0,2.0,25,Monsoon,1.0,1,908,1071,No Fatality,0,1,5
5918,2022-06-22,2022-06-22,1.0,"Heavy rains & Flood (Brahmaputra,tributaries)",Assam,1.0,0.0,2022.0,6.0,22.0,2.0,2.0,25,Monsoon,1.0,1,908,1071,Low,0,1,5
5919,2022-06-22,2022-06-22,1.0,"Heavy rains & Flood (Brahmaputra,tributaries)",Assam,2.0,0.0,2022.0,6.0,22.0,2.0,2.0,25,Monsoon,1.0,1,908,1071,Low,0,1,5
5920,2022-06-22,2022-06-22,1.0,"Heavy rains & Flood (Brahmaputra,tributaries)",Assam,2.0,0.0,2022.0,6.0,22.0,2.0,2.0,25,Monsoon,1.0,1,908,1071,Low,0,1,5
5921,2022-06-22,2022-06-22,1.0,"Heavy rains & Flood (Brahmaputra,tributaries)",Assam,1.0,0.0,2022.0,6.0,22.0,2.0,2.0,25,Monsoon,1.0,1,908,1071,Low,0,1,5
5922,2022-06-22,2022-06-22,1.0,"Heavy rains & Flood (Brahmaputra,tributaries)",Assam,1.0,0.0,2022.0,6.0,22.0,2.0,2.0,25,Monsoon,1.0,1,908,1071,Low,0,1,5
5923,2022-06-23,2022-06-23,1.0,"Heavy rains & Flood  (Brahmaputra,tributaries)",Assam,0.0,0.0,2022.0,6.0,23.0,2.0,3.0,25,Monsoon,1.0,1,908,1071,No Fatality,0,1,5
5924,2022-06-23,2022-06-23,1.0,"Heavy rains & Flood  (Brahmaputra,tributaries)",Assam,2.0,0.0,2022.0,6.0,23.0,2.0,3.0,25,Monsoon,1.0,1,908,1071,Low,0,1,5
5925,2022-06-23,2022-06-23,1.0,"Heavy rains & Flood  (Brahmaputra,tributaries)",Assam,1.0,0.0,2022.0,6.0,23.0,2.0,3.0,25,Monsoon,1.0,1,908,1071,Low,0,1,5
5926,2022-06-23,2022-06-23,1.0,"Heavy rains & Flood  (Brahmaputra,tributaries)",Assam,2.0,0.0,2022.0,6.0,23.0,2.0,3.0,25,Monsoon,1.0,1,908,1071,Low,0,1,5
5927,2022-06-23,2022-06-23,1.0,"Heavy rains & Flood  (Brahmaputra,tributaries)",Assam,2.0,0.0,2022.0,6.0,23.0,2.0,3.0,25,Monsoon,1.0,1,908,1071,Low,0,1,5
5928,2022-06-23,2022-06-23,1.0,"Heavy rains & Flood  (Brahmaputra,tributaries)",Assam,1.0,0.0,2022.0,6.0,23.0,2.0,3.0,25,Monsoon,1.0,1,908,1071,Low,0,1,5
5929,2022-06-23,2022-06-23,1.0,"Heavy rains & Flood  (Brahmaputra,tributaries)",Assam,2.0,0.0,2022.0,6.0,23.0,2.0,3.0,25,Monsoon,1.0,1,908,1071,Low,0,1,5
5930,2022-06-24,2022-06-24,1.0,"Heavy rains & Flood  (Brahmaputra,tributaries)",Assam,0.0,0.0,2022.0,6.0,24.0,2.0,4.0,25,Monsoon,1.0,1,908,1071,No Fatality,0,1,5
5931,2022-06-24,2022-06-24,1.0,"Heavy rains & Flood  (Brahmaputra,tributaries)",Assam,1.0,0.0,2022.0,6.0,24.0,2.0,4.0,25,Monsoon,1.0,1,908,1071,Low,0,1,5
5932,2022-06-24,2022-06-24,1.0,"Heavy rains & Flood  (Brahmaputra,tributaries)",Assam,1.0,0.0,2022.0,6.0,24.0,2.0,4.0,25,Monsoon,1.0,1,908,1071,Low,0,1,5
5933,2022-06-24,2022-06-24,1.0,"Heavy rains & Flood  (Brahmaputra,tributaries)",Assam,1.0,0.0,2022.0,6.0,24.0,2.0,4.0,25,Monsoon,1.0,1,908,1071,Low,0,1,5
5934,2022-06-24,2022-06-24,1.0,"Heavy rains & Flood  (Brahmaputra,tributaries)",Assam,1.0,0.0,2022.0,6.0,24.0,2.0,4.0,25,Monsoon,1.0,1,908,1071,Low,0,1,5
5935,2022-06-25,2022-06-25,1.0,"Heavy rains & Flood  (Brahmaputra,tributaries)",Assam,0.0,0.0,2022.0,6.0,25.0,2.0,5.0,25,Monsoon,1.0,1,908,1071,No Fatality,0,1,5
5936,2022-06-25,2022-06-25,1.0,"Heavy rains & Flood  (Brahmaputra,tributaries)",Assam,1.0,0.0,2022.0,6.0,25.0,2.0,5.0,25,Monsoon,1.0,1,908,1071,Low,0,1,5
5937,2022-06-25,2022-06-25,1.0,"Heavy rains & Flood  (Brahmaputra,tributaries)",Assam,1.0,0.0,2022.0,6.0,25.0,2.0,5.0,25,Monsoon,1.0,1,908,1071,Low,0,1,5
5938,2022-06-25,2022-06-25,1.0,"Heavy rains & Flood  (Brahmaputra,tributaries)",Assam,1.0,0.0,2022.0,6.0,25.0,2.0,5.0,25,Monsoon,1.0,1,908,1071,Low,0,1,5
5939,2022-06-25,2022-06-25,1.0,"Heavy rains & Flood  (Brahmaputra,tributaries)",Assam,0.0,0.0,2022.0,6.0,25.0,2.0,5.0,25,Monsoon,1.0,1,908,1071,No Fatality,0,1,5
5940,2022-06-25,2022-06-25,1.0,"Heavy rains & Flood  (Brahmaputra,tributaries)",Assam,1.0,0.0,2022.0,6.0,25.0,2.0,5.0,25,Monsoon,1.0,1,908,1071,Low,0,1,5
5941,2022-06-25,2022-06-25,1.0,"Heavy rains & Flood  (Brahmaputra,tributaries)",Assam,1.0,0.0,2022.0,6.0,25.0,2.0,5.0,25,Monsoon,1.0,1,908,1071,Low,0,1,5
5942,2022-06-26,2022-06-26,1.0,"Heavy rains & Flood (Brahmaputra,tributaries)",Assam,0.0,0.0,2022.0,6.0,26.0,2.0,6.0,25,Monsoon,1.0,1,908,1071,No Fatality,0,1,5
5943,2022-06-26,2022-06-26,1.0,"Heavy rains & Flood (Brahmaputra,tributaries)",Assam,5.0,0.0,2022.0,6.0,26.0,2.0,6.0,25,Monsoon,1.0,1,908,1071,Low,0,1,5
5944,2022-06-26,2022-06-26,1.0,"Heavy rains & Flood (Brahmaputra,tributaries)",Assam,1.0,0.0,2022.0,6.0,26.0,2.0,6.0,25,Monsoon,1.0,1,908,1071,Low,0,1,5
5945,2022-06-26,2022-06-26,1.0,"Heavy rains & Flood (Brahmaputra,tributaries)",Assam,1.0,0.0,2022.0,6.0,26.0,2.0,6.0,25,Monsoon,1.0,1,908,1071,Low,0,1,5
5946,2022-06-26,2022-06-26,1.0,"Heavy rains & Flood (Brahmaputra,tributaries)",Assam,1.0,0.0,2022.0,6.0,26.0,2.0,6.0,25,Monsoon,1.0,1,908,1071,Low,0,1,5
5947,2022-06-27,2022-06-27,1.0,"Heavy rains & Flood (Brahmaputra,tributaries)",Assam,0.0,0.0,2022.0,6.0,27.0,2.0,0.0,26,Monsoon,1.0,1,908,1071,No Fatality,0,1,5
5948,2022-06-27,2022-06-27,1.0,"Heavy rains & Flood (Brahmaputra,tributaries)",Assam,3.0,0.0,2022.0,6.0,27.0,2.0,0.0,26,Monsoon,1.0,1,908,1071,Low,0,1,5
5949,2022-06-27,2022-06-27,1.0,"Heavy rains & Flood (Brahmaputra,tributaries)",Assam,0.0,0.0,2022.0,6.0,27.0,2.0,0.0,26,Monsoon,1.0,1,908,1071,No Fatality,0,1,5
5950,2022-06-27,2022-06-27,1.0,"Heavy rains & Flood (Brahmaputra,tributaries)",Assam,1.0,0.0,2022.0,6.0,27.0,2.0,0.0,26,Monsoon,1.0,1,908,1071,Low,0,1,5
5951,2022-06-27,2022-06-27,1.0,"Heavy rains & Flood (Brahmaputra,tributaries)",Assam,1.0,0.0,2022.0,6.0,27.0,2.0,0.0,26,Monsoon,1.0,1,908,1071,Low,0,1,5
5952,2022-06-28,2022-06-28,1.0,"Heavy rains & Flood (Brahmaputra,tributaries)",Assam,0.0,0.0,2022.0,6.0,28.0,2.0,1.0,26,Monsoon,1.0,1,908,1071,No Fatality,0,1,5
5953,2022-06-28,2022-06-28,1.0,"Heavy rains & Flood (Brahmaputra,tributaries)",Assam,1.0,0.0,2022.0,6.0,28.0,2.0,1.0,26,Monsoon,1.0,1,908,1071,Low,0,1,5
5954,2022-06-28,2022-06-28,1.0,"Heavy rains & Flood (Brahmaputra,tributaries)",Assam,1.0,0.0,2022.0,6.0,28.0,2.0,1.0,26,Monsoon,1.0,1,908,1071,Low,0,1,5
5955,2022-06-28,2022-06-28,1.0,"Heavy rains & Flood (Brahmaputra,tributaries)",Assam,2.0,0.0,2022.0,6.0,28.0,2.0,1.0,26,Monsoon,1.0,1,908,1071,Low,0,1,5
5956,2022-06-28,2022-06-28,1.0,"Heavy rains & Flood (Brahmaputra,tributaries)",Assam,2.0,0.0,2022.0,6.0,28.0,2.0,1.0,26,Monsoon,1.0,1,908,1071,Low,0,1,5
5957,2022-06-28,2022-06-28,1.0,"Heavy rains & Flood (Brahmaputra,tributaries)",Assam,1.0,0.0,2022.0,6.0,28.0,2.0,1.0,26,Monsoon,1.0,1,908,1071,Low,0,1,5
5958,2022-06-28,2022-06-28,1.0,"Heavy rains & Flood (Brahmaputra,tributaries)",Assam,1.0,0.0,2022.0,6.0,28.0,2.0,1.0,26,Monsoon,1.0,1,908,1071,Low,0,1,5
5959,2022-06-28,2022-06-28,1.0,"Heavy rains & Flood (Brahmaputra,tributaries)",Assam,1.0,0.0,2022.0,6.0,28.0,2.0,1.0,26,Monsoon,1.0,1,908,1071,Low,0,1,5
5960,2022-06-28,2022-06-28,1.0,"Heavy rains & Flood (Brahmaputra,tributaries)",Assam,1.0,0.0,2022.0,6.0,28.0,2.0,1.0,26,Monsoon,1.0,1,908,1071,Low,0,1,5
5961,2022-06-28,2022-06-28,1.0,"Heavy rains & Flood (Brahmaputra,tributaries)",Assam,1.0,0.0,2022.0,6.0,28.0,2.0,1.0,26,Monsoon,1.0,1,908,1071,Low,0,1,5
5962,2022-06-29,2022-06-29,1.0,Landslide,Assam,1.0,0.0,2022.0,6.0,29.0,2.0,2.0,26,Monsoon,1.0,1,908,1071,Low,0,1,5
5963,2022-06-29,2022-06-29,1.0,"Heavy rains & Flood (Brahmaputra,tributaries)",Assam,0.0,0.0,2022.0,6.0,29.0,2.0,2.0,26,Monsoon,1.0,1,908,1071,No Fatality,0,1,5
5964,2022-06-29,2022-06-29,1.0,"Heavy rains & Flood (Brahmaputra,tributaries)",Assam,1.0,0.0,2022.0,6.0,29.0,2.0,2.0,26,Monsoon,1.0,1,908,1071,Low,0,1,5
5965,2022-06-29,2022-06-29,1.0,"Heavy rains & Flood (Brahmaputra,tributaries)",Assam,1.0,0.0,2022.0,6.0,29.0,2.0,2.0,26,Monsoon,1.0,1,908,1071,Low,0,1,5
5966,2022-06-29,2022-06-29,1.0,"Heavy rains & Flood (Brahmaputra,tributaries)",Assam,1.0,0.0,2022.0,6.0,29.0,2.0,2.0,26,Monsoon,1.0,1,908,1071,Low,0,1,5
5967,2022-06-29,2022-06-29,1.0,"Heavy rains & Flood (Brahmaputra,tributaries)",Assam,2.0,0.0,2022.0,6.0,29.0,2.0,2.0,26,Monsoon,1.0,1,908,1071,Low,0,1,5
5968,2022-06-29,2022-06-29,1.0,"Heavy rains & Flood (Brahmaputra,tributaries)",Assam,1.0,0.0,2022.0,6.0,29.0,2.0,2.0,26,Monsoon,1.0,1,908,1071,Low,0,1,5
5969,2022-06-29,2022-06-29,1.0,"Heavy rains & Flood (Brahmaputra,tributaries)",Assam,2.0,0.0,2022.0,6.0,29.0,2.0,2.0,26,Monsoon,1.0,1,908,1071,Low,0,1,5
5970,2022-06-29,2022-06-29,1.0,"Heavy rains & Flood (Brahmaputra,tributaries)",Assam,0.0,0.0,2022.0,6.0,29.0,2.0,2.0,26,Monsoon,1.0,1,908,1071,No Fatality,0,1,5
5971,2022-06-30,2022-06-30,1.0,"Heavy rains & Flood (Brahmaputra,tributaries)",Assam,0.0,0.0,2022.0,6.0,30.0,2.0,3.0,26,Monsoon,1.0,1,908,1071,No Fatality,0,1,5
5972,2022-06-30,2022-06-30,1.0,"Heavy rains & Flood (Brahmaputra,tributaries)",Assam,2.0,0.0,2022.0,6.0,30.0,2.0,3.0,26,Monsoon,1.0,1,908,1071,Low,0,1,5
5973,2022-06-30,2022-06-30,1.0,"Heavy rains & Flood (Brahmaputra,tributaries)",Assam,6.0,0.0,2022.0,6.0,30.0,2.0,3.0,26,Monsoon,1.0,1,908,1071,Low,0,1,5
5974,2022-06-30,2022-06-30,1.0,"Heavy rains & Flood (Brahmaputra,tributaries)",Assam,1.0,0.0,2022.0,6.0,30.0,2.0,3.0,26,Monsoon,1.0,1,908,1071,Low,0,1,5
5975,2022-06-30,2022-06-30,1.0,"Heavy rains & Flood (Brahmaputra,tributaries)",Assam,1.0,0.0,2022.0,6.0,30.0,2.0,3.0,26,Monsoon,1.0,1,908,1071,Low,0,1,5
5976,2022-06-30,2022-06-30,1.0,"Heavy rains & Flood (Brahmaputra,tributaries)",Assam,1.0,0.0,2022.0,6.0,30.0,2.0,3.0,26,Monsoon,1.0,1,908,1071,Low,0,1,5
5977,2022-06-30,2022-06-30,1.0,"Heavy rains & Flood (Brahmaputra,tributaries)",Assam,3.0,0.0,2022.0,6.0,30.0,2.0,3.0,26,Monsoon,1.0,1,908,1071,Low,0,1,5
5978,2022-07-01,2022-07-01,1.0,"Heavy rains & Flood (Brahmaputra,tributaries)",Assam,0.0,0.0,2022.0,7.0,1.0,3.0,4.0,26,Monsoon,1.0,1,908,1709,No Fatality,0,1,5
5979,2022-07-01,2022-07-01,1.0,"Heavy rains & Flood (Brahmaputra,tributaries)",Assam,1.0,0.0,2022.0,7.0,1.0,3.0,4.0,26,Monsoon,1.0,1,908,1709,Low,0,1,5
5980,2022-07-02,2022-07-02,1.0,"Heavy rains & Flood (Brahmaputra,tributaries)",Assam,0.0,0.0,2022.0,7.0,2.0,3.0,5.0,26,Monsoon,1.0,1,908,1709,No Fatality,0,1,5
5981,2022-07-02,2022-07-02,1.0,"Heavy rains & Flood (Brahmaputra,tributaries)",Assam,1.0,0.0,2022.0,7.0,2.0,3.0,5.0,26,Monsoon,1.0,1,908,1709,Low,0,1,5
5982,2022-07-02,2022-07-02,1.0,"Heavy rains & Flood (Brahmaputra,tributaries)",Assam,1.0,0.0,2022.0,7.0,2.0,3.0,5.0,26,Monsoon,1.0,1,908,1709,Low,0,1,5
5983,2022-07-02,2022-07-02,1.0,"Heavy rains & Flood (Brahmaputra,tributaries)",Assam,2.0,0.0,2022.0,7.0,2.0,3.0,5.0,26,Monsoon,1.0,1,908,1709,Low,0,1,5
5984,2022-07-02,2022-07-02,1.0,"Heavy rains & Flood (Brahmaputra,tributaries)",Assam,1.0,0.0,2022.0,7.0,2.0,3.0,5.0,26,Monsoon,1.0,1,908,1709,Low,0,1,5
5985,2022-07-03,2022-07-03,1.0,"Heavy rains & Flood (Brahmaputra,tributaries)",Assam,0.0,0.0,2022.0,7.0,3.0,3.0,6.0,26,Monsoon,1.0,1,908,1709,No Fatality,0,1,5
5986,2022-07-03,2022-07-03,1.0,"Heavy rains & Flood (Brahmaputra,tributaries)",Assam,1.0,0.0,2022.0,7.0,3.0,3.0,6.0,26,Monsoon,1.0,1,908,1709,Low,0,1,5
5987,2022-07-04,2022-07-04,1.0,"Heavy rains & Flood (Brahmaputra,tributaries)",Assam,0.0,0.0,2022.0,7.0,4.0,3.0,0.0,27,Monsoon,1.0,1,908,1709,No Fatality,0,1,5
5988,2022-07-04,2022-07-04,1.0,"Heavy rains & Flood (Brahmaputra,tributaries)",Assam,2.0,0.0,2022.0,7.0,4.0,3.0,0.0,27,Monsoon,1.0,1,908,1709,Low,0,1,5
5989,2022-07-04,2022-07-04,1.0,"Heavy rains & Flood (Brahmaputra,tributaries)",Assam,1.0,0.0,2022.0,7.0,4.0,3.0,0.0,27,Monsoon,1.0,1,908,1709,Low,0,1,5
5990,2022-07-04,2022-07-04,1.0,"Heavy rains & Flood (Brahmaputra,tributaries)",Assam,1.0,0.0,2022.0,7.0,4.0,3.0,0.0,27,Monsoon,1.0,1,908,1709,Low,0,1,5
5991,2022-07-05,2022-07-05,1.0,"Heavy rains & Flood (Brahmaputra,tributaries)",Assam,0.0,0.0,2022.0,7.0,5.0,3.0,1.0,27,Monsoon,1.0,1,908,1709,No Fatality,0,1,5
5992,2022-07-05,2022-07-05,1.0,"Heavy rains & Flood (Brahmaputra,tributaries)",Assam,1.0,0.0,2022.0,7.0,5.0,3.0,1.0,27,Monsoon,1.0,1,908,1709,Low,0,1,5
5993,2022-07-05,2022-07-05,1.0,"Heavy rains & Flood (Brahmaputra,tributaries)",Assam,1.0,0.0,2022.0,7.0,5.0,3.0,1.0,27,Monsoon,1.0,1,908,1709,Low,0,1,5
5994,2022-07-06,2022-07-06,1.0,"Heavy rains & Flood (Brahmaputra,tributaries)",Assam,0.0,0.0,2022.0,7.0,6.0,3.0,2.0,27,Monsoon,1.0,1,908,1709,No Fatality,0,1,5
5995,2022-07-06,2022-07-06,1.0,"Heavy rains & Flood (Brahmaputra,tributaries)",Assam,1.0,0.0,2022.0,7.0,6.0,3.0,2.0,27,Monsoon,1.0,1,908,1709,Low,0,1,5
5996,2022-07-07,2022-07-07,1.0,"Heavy rains & Flood (Brahmaputra,tributaries)",Assam,0.0,0.0,2022.0,7.0,7.0,3.0,3.0,27,Monsoon,1.0,1,908,1709,No Fatality,0,1,5
5997,2022-07-07,2022-07-07,1.0,"Heavy rains & Flood (Brahmaputra,tributaries)",Assam,1.0,0.0,2022.0,7.0,7.0,3.0,3.0,27,Monsoon,1.0,1,908,1709,Low,0,1,5
5998,2022-07-07,2022-07-07,1.0,"Heavy rains & Flood (Brahmaputra,tributaries)",Assam,1.0,0.0,2022.0,7.0,7.0,3.0,3.0,27,Monsoon,1.0,1,908,1709,Low,0,1,5
5999,2022-07-07,2022-07-07,1.0,"Heavy rains & Flood (Brahmaputra,tributaries)",Assam,0.0,0.0,2022.0,7.0,7.0,3.0,3.0,27,Monsoon,1.0,1,908,1709,No Fatality,0,1,5
6000,2022-07-08,2022-07-08,1.0,Landslide,Assam,1.0,0.0,2022.0,7.0,8.0,3.0,4.0,27,Monsoon,1.0,1,908,1709,Low,0,1,5
6001,2022-07-08,2022-07-08,1.0,"Heavy rains & Flood (Brahmaputra,tributaries)",Assam,0.0,0.0,2022.0,7.0,8.0,3.0,4.0,27,Monsoon,1.0,1,908,1709,No Fatality,0,1,5
6002,2022-07-08,2022-07-08,1.0,"Heavy rains & Flood (Brahmaputra,tributaries)",Assam,0.0,0.0,2022.0,7.0,8.0,3.0,4.0,27,Monsoon,1.0,1,908,1709,No Fatality,0,1,5
6003,2022-07-09,2022-07-09,1.0,"Heavy rains & Flood (Brahmaputra,tributaries)",Assam,0.0,0.0,2022.0,7.0,9.0,3.0,5.0,27,Monsoon,1.0,1,908,1709,No Fatality,0,1,5
6004,2022-07-09,2022-07-09,1.0,"Heavy rains & Flood (Brahmaputra,tributaries)",Assam,2.0,0.0,2022.0,7.0,9.0,3.0,5.0,27,Monsoon,1.0,1,908,1709,Low,0,1,5
6005,2022-07-11,2022-07-11,1.0,"Heavy rains & Flood (Brahmaputra,tributaries)",Assam,0.0,0.0,2022.0,7.0,11.0,3.0,0.0,28,Monsoon,1.0,1,908,1709,No Fatality,0,1,5
6006,2022-07-12,2022-07-12,1.0,"Heavy rains & Flood (Brahmaputra,tributaries)",Assam,0.0,0.0,2022.0,7.0,12.0,3.0,1.0,28,Monsoon,1.0,1,908,1709,No Fatality,0,1,5
6007,2022-07-12,2022-07-12,1.0,"Heavy rains & Flood (Brahmaputra,tributaries)",Assam,1.0,0.0,2022.0,7.0,12.0,3.0,1.0,28,Monsoon,1.0,1,908,1709,Low,0,1,5
6008,2022-07-13,2022-07-13,1.0,"Heavy rains & Flood (Brahmaputra,tributaries)",Assam,0.0,0.0,2022.0,7.0,13.0,3.0,2.0,28,Monsoon,1.0,1,908,1709,No Fatality,0,1,5
6009,2022-07-13,2022-07-13,1.0,"Heavy rains & Flood (Brahmaputra,tributaries)",Assam,0.0,0.0,2022.0,7.0,13.0,3.0,2.0,28,Monsoon,1.0,1,908,1709,No Fatality,0,1,5
6010,2022-07-14,2022-07-14,1.0,"Heavy rains & Flood (Brahmaputra,tributaries)",Assam,0.0,0.0,2022.0,7.0,14.0,3.0,3.0,28,Monsoon,1.0,1,908,1709,No Fatality,0,1,5
6011,2022-07-14,2022-07-14,1.0,"Heavy rains & Flood (Brahmaputra,tributaries)",Assam,1.0,0.0,2022.0,7.0,14.0,3.0,3.0,28,Monsoon,1.0,1,908,1709,Low,0,1,5
6012,2022-07-17,2022-07-17,1.0,"Heavy rains & Flood (Brahmaputra,tributaries)",Assam,0.0,0.0,2022.0,7.0,17.0,3.0,6.0,28,Monsoon,1.0,1,908,1709,No Fatality,0,1,5
6013,2022-07-17,2022-07-17,1.0,"Heavy rains & Flood (Brahmaputra,tributaries)",Assam,1.0,0.0,2022.0,7.0,17.0,3.0,6.0,28,Monsoon,1.0,1,908,1709,Low,0,1,5
6014,2022-07-19,2022-07-19,1.0,"Heavy rains & Flood (Brahmaputra,tributaries)",Assam,0.0,0.0,2022.0,7.0,19.0,3.0,1.0,29,Monsoon,1.0,1,908,1709,No Fatality,0,1,5
6015,2022-07-19,2022-07-19,1.0,"Heavy rains & Flood (Brahmaputra,tributaries)",Assam,1.0,0.0,2022.0,7.0,19.0,3.0,1.0,29,Monsoon,1.0,1,908,1709,Low,0,1,5
6016,2022-09-16,2022-09-16,1.0,"Heavy rains & Flood (Brahmaputra,tributaries)",Assam,1.0,0.0,2022.0,9.0,16.0,3.0,4.0,37,Monsoon,1.0,1,908,938,Low,0,1,5
6017,2022-10-10,2022-10-14,6.0,"Heavy rains & Flood (Brahmaputra,tributaries)",Assam,0.0,0.0,2022.0,10.0,10.0,4.0,0.0,41,Post-Monsoon,5.0,1,908,501,No Fatality,0,0,5
6018,2022-10-10,2022-10-14,6.0,"Heavy rains & Flood (Brahmaputra,tributaries)",Assam,0.0,0.0,2022.0,10.0,10.0,4.0,0.0,41,Post-Monsoon,5.0,1,908,501,No Fatality,0,0,5
6019,2022-10-10,2022-10-14,6.0,"Heavy rains & Flood (Brahmaputra,tributaries)",Assam,0.0,0.0,2022.0,10.0,10.0,4.0,0.0,41,Post-Monsoon,5.0,1,908,501,No Fatality,0,0,5
6020,2022-10-10,2022-10-14,6.0,"Heavy rains & Flood (Brahmaputra,tributaries)",Assam,0.0,0.0,2022.0,10.0,10.0,4.0,0.0,41,Post-Monsoon,5.0,1,908,501,No Fatality,0,0,5
6021,2022-10-10,2022-10-14,6.0,"Heavy rains & Flood (Brahmaputra,tributaries)",Assam,0.0,0.0,2022.0,10.0,10.0,4.0,0.0,41,Post-Monsoon,5.0,1,908,501,No Fatality,0,0,5
6022,2022-10-10,2022-10-14,6.0,"Heavy rains & Flood (Brahmaputra,tributaries)",Assam,0.0,0.0,2022.0,10.0,10.0,4.0,0.0,41,Post-Monsoon,5.0,1,908,501,No Fatality,0,0,5
6023,2022-10-10,2022-10-14,6.0,"Heavy rains & Flood (Brahmaputra,tributaries)",Assam,0.0,0.0,2022.0,10.0,10.0,4.0,0.0,41,Post-Monsoon,5.0,1,908,501,No Fatality,0,0,5
6024,2022-10-10,2022-10-14,6.0,"Heavy rains & Flood (Brahmaputra,tributaries)",Assam,0.0,0.0,2022.0,10.0,10.0,4.0,0.0,41,Post-Monsoon,5.0,1,908,501,No Fatality,0,0,5
6025,2022-10-10,2022-10-14,6.0,"Heavy rains & Flood (Brahmaputra,tributaries)",Assam,0.0,0.0,2022.0,10.0,10.0,4.0,0.0,41,Post-Monsoon,5.0,1,908,501,No Fatality,0,0,5
6026,2022-10-10,2022-10-14,6.0,"Heavy rains & Flood (Brahmaputra,tributaries)",Assam,0.0,0.0,2022.0,10.0,10.0,4.0,0.0,41,Post-Monsoon,5.0,1,908,501,No Fatality,0,0,5
6027,2022-10-10,2022-10-14,6.0,"Heavy rains & Flood (Brahmaputra,tributaries)",Assam,0.0,0.0,2022.0,10.0,10.0,4.0,0.0,41,Post-Monsoon,5.0,1,908,501,No Fatality,0,0,5
6028,2022-10-10,2022-10-14,6.0,"Heavy rains & Flood (Brahmaputra,tributaries)",Assam,0.0,0.0,2022.0,10.0,10.0,4.0,0.0,41,Post-Monsoon,5.0,1,908,501,No Fatality,0,0,5
6029,2022-10-10,2022-10-14,6.0,"Heavy rains & Flood (Brahmaputra,tributaries)",Assam,0.0,0.0,2022.0,10.0,10.0,4.0,0.0,41,Post-Monsoon,5.0,1,908,501,No Fatality,0,0,5
6030,2022-05-19,2022-05-21,3.0,Heavy Rains & Floods,Bihar,1.0,0.0,2022.0,5.0,19.0,2.0,3.0,20,Summer,3.0,1,149,479,Low,0,0,9
6031,2022-05-19,2022-05-21,3.0,Heavy Rains & Floods,Bihar,1.0,0.0,2022.0,5.0,19.0,2.0,3.0,20,Summer,3.0,1,149,479,Low,0,0,9
6032,2022-05-19,2022-05-21,3.0,Heavy Rains & Floods,Bihar,1.0,0.0,2022.0,5.0,19.0,2.0,3.0,20,Summer,3.0,1,149,479,Low,0,0,9
6033,2022-07-11,2022-07-11,1.0,Heavy Rains & Floods,Chhattisgarh,0.0,0.0,2022.0,7.0,11.0,3.0,0.0,28,Monsoon,1.0,1,52,1709,No Fatality,0,1,17
6034,2022-07-11,2022-07-11,1.0,Heavy Rains & Floods,Chhattisgarh,1.0,0.0,2022.0,7.0,11.0,3.0,0.0,28,Monsoon,1.0,1,52,1709,Low,0,1,17
6035,2022-07-11,2022-07-11,1.0,Heavy Rains & Floods,Chhattisgarh,0.0,0.0,2022.0,7.0,11.0,3.0,0.0,28,Monsoon,1.0,1,52,1709,No Fatality,0,1,17
6036,2022-07-14,2022-07-14,1.0,Heavy Rains & Floods,Chhattisgarh,3.0,0.0,2022.0,7.0,14.0,3.0,3.0,28,Monsoon,1.0,1,52,1709,Low,0,1,17
6037,2022-07-14,2022-07-14,1.0,Heavy Rains & Floods,Chhattisgarh,1.0,0.0,2022.0,7.0,14.0,3.0,3.0,28,Monsoon,1.0,1,52,1709,Low,0,1,17
6038,2022-07-15,2022-07-17,3.0,"Heavy Rains, Floods & Landslide",Chhattisgarh,0.0,0.0,2022.0,7.0,15.0,3.0,4.0,28,Monsoon,3.0,1,52,1709,No Fatality,0,1,17
6039,2022-07-15,2022-07-17,3.0,"Heavy Rains, Floods & Landslide",Chhattisgarh,0.0,1.0,2022.0,7.0,15.0,3.0,4.0,28,Monsoon,3.0,1,52,1709,No Fatality,0,1,17
6040,2022-07-15,2022-07-17,3.0,"Heavy Rains, Floods & Landslide",Chhattisgarh,0.0,0.0,2022.0,7.0,15.0,3.0,4.0,28,Monsoon,3.0,1,52,1709,No Fatality,0,1,17
6041,2022-08-10,2022-08-10,1.0,Heavy Rains & Floods,Chhattisgarh,1.0,0.0,2022.0,8.0,10.0,3.0,2.0,32,Monsoon,1.0,1,52,1382,Low,0,1,17
6042,2022-08-10,2022-08-10,1.0,Heavy Rains & Floods,Chhattisgarh,1.0,0.0,2022.0,8.0,10.0,3.0,2.0,32,Monsoon,1.0,1,52,1382,Low,0,1,17
6043,2022-09-02,2022-09-02,1.0,Heavy Rains,Chhattisgarh,0.0,0.0,2022.0,9.0,2.0,3.0,4.0,35,Monsoon,1.0,1,52,938,No Fatality,0,1,17
6044,2022-04-05,2022-04-05,1.0,Heavy Rains,Goa,0.0,0.0,2022.0,4.0,5.0,2.0,1.0,14,Summer,1.0,1,30,171,No Fatality,0,0,22
6045,2022-04-08,2022-04-10,3.0,Heavy Rains,Goa,0.0,0.0,2022.0,4.0,8.0,2.0,4.0,14,Summer,3.0,1,30,171,No Fatality,0,0,22
6046,2022-04-25,2022-04-28,2.0,Heavy Rains,Goa,0.0,0.0,2022.0,4.0,25.0,2.0,0.0,17,Summer,4.0,1,30,171,No Fatality,0,0,22
6047,2022-04-26,2022-04-26,1.0,Heavy Rains,Goa,0.0,0.0,2022.0,4.0,26.0,2.0,1.0,17,Summer,1.0,1,30,171,No Fatality,0,0,22
6048,2022-04-25,2022-04-25,214.0,Heavy Rains,Goa,0.0,0.0,2022.0,4.0,25.0,2.0,0.0,17,Summer,1.0,1,30,171,No Fatality,0,0,22
6049,2022-05-22,2022-05-22,1.0,Heavy Rains,Goa,0.0,0.0,2022.0,5.0,22.0,2.0,6.0,20,Summer,1.0,1,30,479,No Fatality,0,0,22
6050,2022-06-10,2022-06-10,1.0,Heavy Rains,Goa,0.0,0.0,2022.0,6.0,10.0,2.0,4.0,23,Monsoon,1.0,1,30,1071,No Fatality,0,1,22
6051,2022-06-10,2022-06-10,1.0,Heavy Rains,Goa,0.0,0.0,2022.0,6.0,10.0,2.0,4.0,23,Monsoon,1.0,1,30,1071,No Fatality,0,1,22
6052,2022-06-11,2022-06-11,1.0,Heavy Rains,Goa,0.0,0.0,2022.0,6.0,11.0,2.0,5.0,23,Monsoon,1.0,1,30,1071,No Fatality,0,1,22
6053,2022-06-16,2022-06-16,1.0,Heavy Rains,Goa,0.0,0.0,2022.0,6.0,16.0,2.0,3.0,24,Monsoon,1.0,1,30,1071,No Fatality,0,1,22
6054,2022-06-21,2022-06-21,1.0,Heavy Rains,Goa,0.0,0.0,2022.0,6.0,21.0,2.0,1.0,25,Monsoon,1.0,1,30,1071,No Fatality,0,1,22
6055,2022-06-24,2022-06-27,4.0,Heavy Rains,Goa,0.0,0.0,2022.0,6.0,24.0,2.0,4.0,25,Monsoon,4.0,1,30,1071,No Fatality,0,1,22
6056,2022-06-24,2022-06-27,4.0,Heavy Rains,Goa,0.0,0.0,2022.0,6.0,24.0,2.0,4.0,25,Monsoon,4.0,1,30,1071,No Fatality,0,1,22
6057,2022-06-30,2022-06-30,1.0,Heavy Rains,Goa,0.0,0.0,2022.0,6.0,30.0,2.0,3.0,26,Monsoon,1.0,1,30,1071,No Fatality,0,1,22
6058,2022-07-01,2022-07-31,31.0,Heavy Rains & Floods,Goa,0.0,0.0,2022.0,7.0,1.0,3.0,4.0,26,Monsoon,31.0,1,30,1709,No Fatality,0,1,22
6059,2022-07-01,2022-07-31,31.0,Heavy Rains & Floods,Goa,0.0,0.0,2022.0,7.0,1.0,3.0,4.0,26,Monsoon,31.0,1,30,1709,No Fatality,0,1,22
6060,2022-07-05,2022-07-05,1.0,Heavy Rains,Goa,1.0,0.0,2022.0,7.0,5.0,3.0,1.0,27,Monsoon,1.0,1,30,1709,Low,0,1,22
6061,2022-08-01,2022-08-08,8.0,Heavy Rains,Goa,0.0,0.0,2022.0,8.0,1.0,3.0,0.0,31,Monsoon,8.0,1,30,1382,No Fatality,0,1,22
6062,2022-08-10,2022-08-10,1.0,Heavy Rains,Goa,1.0,0.0,2022.0,8.0,10.0,3.0,2.0,32,Monsoon,1.0,1,30,1382,Low,0,1,22
6063,2022-09-06,2022-09-12,2.0,Heavy Rains,Goa,0.0,0.0,2022.0,9.0,6.0,3.0,1.0,36,Monsoon,7.0,1,30,938,No Fatality,0,1,22
6064,2022-06-12,2022-06-12,1.0,Heavy Rains,Gujarat,3.0,0.0,2022.0,6.0,12.0,2.0,6.0,23,Monsoon,1.0,1,168,1071,Low,0,1,26
6065,2022-07-11,2022-07-11,1.0,Heavy Rains & Floods,Gujarat,7.0,0.0,2022.0,7.0,11.0,3.0,0.0,28,Monsoon,1.0,1,168,1709,Low,0,1,26
6066,2022-07-11,2022-07-11,1.0,Heavy Rains & Floods,Gujarat,0.0,0.0,2022.0,7.0,11.0,3.0,0.0,28,Monsoon,1.0,1,168,1709,No Fatality,0,1,26
6067,2022-07-11,2022-07-11,1.0,Heavy Rains & Floods,Gujarat,0.0,0.0,2022.0,7.0,11.0,3.0,0.0,28,Monsoon,1.0,1,168,1709,No Fatality,0,1,26
6068,2022-07-11,2022-07-11,1.0,Heavy Rains & Floods,Gujarat,0.0,0.0,2022.0,7.0,11.0,3.0,0.0,28,Monsoon,1.0,1,168,1709,No Fatality,0,1,26
6069,2022-07-11,2022-07-11,1.0,Heavy Rains & Floods,Gujarat,0.0,0.0,2022.0,7.0,11.0,3.0,0.0,28,Monsoon,1.0,1,168,1709,No Fatality,0,1,26
6070,2022-07-11,2022-07-11,1.0,Heavy Rains & Floods,Gujarat,0.0,0.0,2022.0,7.0,11.0,3.0,0.0,28,Monsoon,1.0,1,168,1709,No Fatality,0,1,26
6071,2022-07-11,2022-07-11,1.0,Heavy Rains & Floods,Gujarat,0.0,0.0,2022.0,7.0,11.0,3.0,0.0,28,Monsoon,1.0,1,168,1709,No Fatality,0,1,26
6072,2022-07-11,2022-07-11,1.0,Heavy Rains & Floods,Gujarat,0.0,0.0,2022.0,7.0,11.0,3.0,0.0,28,Monsoon,1.0,1,168,1709,No Fatality,0,1,26
6073,2022-07-11,2022-07-11,1.0,Heavy Rains & Floods,Gujarat,0.0,0.0,2022.0,7.0,11.0,3.0,0.0,28,Monsoon,1.0,1,168,1709,No Fatality,0,1,26
6074,2022-07-11,2022-07-11,1.0,Heavy Rains & Floods,Gujarat,0.0,0.0,2022.0,7.0,11.0,3.0,0.0,28,Monsoon,1.0,1,168,1709,No Fatality,0,1,26
6075,2022-07-11,2022-07-11,1.0,Heavy Rains & Floods,Gujarat,0.0,0.0,2022.0,7.0,11.0,3.0,0.0,28,Monsoon,1.0,1,168,1709,No Fatality,0,1,26
6076,2022-07-12,2022-07-13,2.0,Heavy Rains & Floods,Gujarat,14.0,0.0,2022.0,7.0,12.0,3.0,1.0,28,Monsoon,2.0,1,168,1709,Medium,1,1,26
6077,2022-07-12,2022-07-13,2.0,Heavy Rains & Floods,Gujarat,0.0,0.0,2022.0,7.0,12.0,3.0,1.0,28,Monsoon,2.0,1,168,1709,No Fatality,0,1,26
6078,2022-07-12,2022-07-13,2.0,Heavy Rains & Floods,Gujarat,0.0,0.0,2022.0,7.0,12.0,3.0,1.0,28,Monsoon,2.0,1,168,1709,No Fatality,0,1,26
6079,2022-07-12,2022-07-13,2.0,Heavy Rains & Floods,Gujarat,0.0,0.0,2022.0,7.0,12.0,3.0,1.0,28,Monsoon,2.0,1,168,1709,No Fatality,0,1,26
6080,2022-07-12,2022-07-13,2.0,Heavy Rains & Floods,Gujarat,0.0,0.0,2022.0,7.0,12.0,3.0,1.0,28,Monsoon,2.0,1,168,1709,No Fatality,0,1,26
6081,2022-07-12,2022-07-13,2.0,Heavy Rains & Floods,Gujarat,0.0,0.0,2022.0,7.0,12.0,3.0,1.0,28,Monsoon,2.0,1,168,1709,No Fatality,0,1,26
6082,2022-07-12,2022-07-13,2.0,Heavy Rains & Floods,Gujarat,0.0,0.0,2022.0,7.0,12.0,3.0,1.0,28,Monsoon,2.0,1,168,1709,No Fatality,0,1,26
6083,2022-07-12,2022-07-13,2.0,Heavy Rains & Floods,Gujarat,0.0,0.0,2022.0,7.0,12.0,3.0,1.0,28,Monsoon,2.0,1,168,1709,No Fatality,0,1,26
6084,2022-07-12,2022-07-13,2.0,Heavy Rains & Floods,Gujarat,0.0,0.0,2022.0,7.0,12.0,3.0,1.0,28,Monsoon,2.0,1,168,1709,No Fatality,0,1,26
6085,2022-01-17,2022-01-17,1.0,Landslide,Himachal Pradesh,3.0,0.0,2022.0,1.0,17.0,1.0,0.0,3,Winter,1.0,1,362,108,Low,0,0,29
6086,2022-05-22,2022-05-22,1.0,Heavy Rains & Floods,Himachal Pradesh,1.0,0.0,2022.0,5.0,22.0,2.0,6.0,20,Summer,1.0,1,362,479,Low,0,0,29
6087,2022-05-29,2022-05-29,1.0,"Heavy Rains, Floods & Landslide",Himachal Pradesh,1.0,0.0,2022.0,5.0,29.0,2.0,6.0,21,Summer,1.0,1,362,479,Low,0,0,29
6088,2022-05-29,2022-05-29,1.0,"Heavy Rains, Floods & Landslide",Himachal Pradesh,1.0,0.0,2022.0,5.0,29.0,2.0,6.0,21,Summer,1.0,1,362,479,Low,0,0,29
6089,2022-05-29,2022-05-29,1.0,"Heavy Rains, Floods & Landslide",Himachal Pradesh,1.0,0.0,2022.0,5.0,29.0,2.0,6.0,21,Summer,1.0,1,362,479,Low,0,0,29
6090,2022-06-29,2022-06-30,2.0,Heavy Rains,Himachal Pradesh,13.0,0.0,2022.0,6.0,29.0,2.0,2.0,26,Monsoon,2.0,1,362,1071,Medium,1,1,29
6091,2022-06-29,2022-06-30,2.0,Heavy Rains,Himachal Pradesh,0.0,0.0,2022.0,6.0,29.0,2.0,2.0,26,Monsoon,2.0,1,362,1071,No Fatality,0,1,29
6092,2022-06-29,2022-06-30,2.0,Heavy Rains,Himachal Pradesh,0.0,0.0,2022.0,6.0,29.0,2.0,2.0,26,Monsoon,2.0,1,362,1071,No Fatality,0,1,29
6093,2022-06-29,2022-06-30,2.0,Heavy Rains,Himachal Pradesh,0.0,0.0,2022.0,6.0,29.0,2.0,2.0,26,Monsoon,2.0,1,362,1071,No Fatality,0,1,29
6094,2022-06-29,2022-06-30,2.0,Heavy Rains,Himachal Pradesh,0.0,0.0,2022.0,6.0,29.0,2.0,2.0,26,Monsoon,2.0,1,362,1071,No Fatality,0,1,29
6095,2022-06-29,2022-06-30,2.0,Heavy Rains,Himachal Pradesh,0.0,0.0,2022.0,6.0,29.0,2.0,2.0,26,Monsoon,2.0,1,362,1071,No Fatality,0,1,29
6096,2022-06-29,2022-06-30,2.0,Heavy Rains,Himachal Pradesh,0.0,0.0,2022.0,6.0,29.0,2.0,2.0,26,Monsoon,2.0,1,362,1071,No Fatality,0,1,29
6097,2022-06-29,2022-06-30,2.0,Heavy Rains,Himachal Pradesh,0.0,0.0,2022.0,6.0,29.0,2.0,2.0,26,Monsoon,2.0,1,362,1071,No Fatality,0,1,29
6098,2022-06-29,2022-06-30,2.0,Heavy Rains,Himachal Pradesh,0.0,0.0,2022.0,6.0,29.0,2.0,2.0,26,Monsoon,2.0,1,362,1071,No Fatality,0,1,29
6099,2022-07-06,2022-07-06,1.0,Landslide,Himachal Pradesh,1.0,2.0,2022.0,7.0,6.0,3.0,2.0,27,Monsoon,1.0,1,362,1709,Low,0,1,29
6100,2022-07-06,2022-07-06,1.0,"Heavy Rains, Flash Floods & Cloudburst",Himachal Pradesh,8.0,0.0,2022.0,7.0,6.0,3.0,2.0,27,Monsoon,1.0,1,362,1709,Low,0,1,29
6101,2022-07-06,2022-07-06,1.0,Land Slide,Himachal Pradesh,0.0,2.0,2022.0,7.0,6.0,3.0,2.0,27,Monsoon,1.0,1,362,1709,No Fatality,0,1,29
6102,2022-07-07,2022-07-07,1.0,"Cloud Burst, Heavy rains & Floods",Himachal Pradesh,0.0,0.0,2022.0,7.0,7.0,3.0,3.0,27,Monsoon,1.0,1,362,1709,No Fatality,0,1,29
6103,2022-07-14,2022-07-14,1.0,Land Slide,Himachal Pradesh,1.0,3.0,2022.0,7.0,14.0,3.0,3.0,28,Monsoon,1.0,1,362,1709,Low,0,1,29
6104,2022-07-24,2022-07-24,1.0,Land Slide,Himachal Pradesh,0.0,0.0,2022.0,7.0,24.0,3.0,6.0,29,Monsoon,1.0,1,362,1709,No Fatality,0,1,29
6105,2022-07-28,2022-07-29,2.0,"Cloud Burst, Heavy rains & Floods",Himachal Pradesh,0.0,6.0,2022.0,7.0,28.0,3.0,3.0,30,Monsoon,2.0,1,362,1709,No Fatality,0,1,29
6106,2022-07-31,2022-07-31,1.0,Flash Flood,Himachal Pradesh,0.0,6.0,2022.0,7.0,31.0,3.0,6.0,30,Monsoon,1.0,1,362,1709,No Fatality,0,1,29
6107,2022-08-08,2022-08-08,1.0,Cloudburst,Himachal Pradesh,1.0,0.0,2022.0,8.0,8.0,3.0,0.0,32,Monsoon,1.0,1,362,1382,Low,0,1,29
6108,2022-08-08,2022-08-08,1.0,Landslide,Himachal Pradesh,2.0,0.0,2022.0,8.0,8.0,3.0,0.0,32,Monsoon,1.0,1,362,1382,Low,0,1,29
6109,2022-08-11,2022-08-11,1.0,Landslide,Himachal Pradesh,2.0,0.0,2022.0,8.0,11.0,3.0,3.0,32,Monsoon,1.0,1,362,1382,Low,0,1,29
6110,2022-08-11,2022-08-11,1.0,"Heavy Rains, Flash Floods & Cloudburst",Himachal Pradesh,0.0,0.0,2022.0,8.0,11.0,3.0,3.0,32,Monsoon,1.0,1,362,1382,No Fatality,0,1,29
6111,2022-08-11,2022-08-11,1.0,"Heavy Rains, Flash Floods & Cloudburst",Himachal Pradesh,0.0,0.0,2022.0,8.0,11.0,3.0,3.0,32,Monsoon,1.0,1,362,1382,No Fatality,0,1,29
6112,2022-08-15,2022-08-15,1.0,Heavy Rains & Flash Floods,Himachal Pradesh,2.0,0.0,2022.0,8.0,15.0,3.0,0.0,33,Monsoon,1.0,1,362,1382,Low,0,1,29
6113,2022-08-19,2022-08-20,2.0,Floods & Heavy Rains,Himachal Pradesh,0.0,12.0,2022.0,8.0,19.0,3.0,4.0,33,Monsoon,2.0,1,362,1382,No Fatality,0,1,29
6114,2022-08-19,2022-08-20,2.0,Floods & Heavy Rains,Himachal Pradesh,0.0,0.0,2022.0,8.0,19.0,3.0,4.0,33,Monsoon,2.0,1,362,1382,No Fatality,0,1,29
6115,2022-08-19,2022-08-20,2.0,Floods & Heavy Rains,Himachal Pradesh,0.0,0.0,2022.0,8.0,19.0,3.0,4.0,33,Monsoon,2.0,1,362,1382,No Fatality,0,1,29
6116,2022-08-19,2022-08-20,2.0,Floods & Heavy Rains,Himachal Pradesh,0.0,0.0,2022.0,8.0,19.0,3.0,4.0,33,Monsoon,2.0,1,362,1382,No Fatality,0,1,29
6117,2022-08-19,2022-08-20,2.0,Floods & Heavy Rains,Himachal Pradesh,0.0,0.0,2022.0,8.0,19.0,3.0,4.0,33,Monsoon,2.0,1,362,1382,No Fatality,0,1,29
6118,2022-08-19,2022-08-20,2.0,Floods & Heavy Rains,Himachal Pradesh,0.0,0.0,2022.0,8.0,19.0,3.0,4.0,33,Monsoon,2.0,1,362,1382,No Fatality,0,1,29
6119,2022-08-19,2022-08-19,1.0,"Heavy Rains, flash floods & Landslide",Himachal Pradesh,2.0,0.0,2022.0,8.0,19.0,3.0,4.0,33,Monsoon,1.0,1,362,1382,Low,0,1,29
6120,2022-08-19,2022-08-19,1.0,Landslide,Himachal Pradesh,8.0,0.0,2022.0,8.0,19.0,3.0,4.0,33,Monsoon,1.0,1,362,1382,Low,0,1,29
6121,2022-08-19,2022-08-19,1.0,Heavy Rains & Floods,Himachal Pradesh,14.0,0.0,2022.0,8.0,19.0,3.0,4.0,33,Monsoon,1.0,1,362,1382,Medium,1,1,29
6122,2022-08-20,2022-08-20,1.0,Landslide,Himachal Pradesh,3.0,0.0,2022.0,8.0,20.0,3.0,5.0,33,Monsoon,1.0,1,362,1382,Low,0,1,29
6123,2022-09-25,2022-09-25,1.0,Flash Floods triggered by Heavy Rains,Himachal Pradesh,3.0,0.0,2022.0,9.0,25.0,3.0,6.0,38,Monsoon,1.0,1,362,938,Low,0,1,29
6124,2022-09-25,2022-09-25,1.0,Flash Floods triggered by Heavy Rains,Himachal Pradesh,0.0,0.0,2022.0,9.0,25.0,3.0,6.0,38,Monsoon,1.0,1,362,938,No Fatality,0,1,29
6125,2022-09-25,2022-09-25,1.0,Cloudburst,Himachal Pradesh,1.0,0.0,2022.0,9.0,25.0,3.0,6.0,38,Monsoon,1.0,1,362,938,Low,0,1,29
6126,2022-09-25,2022-09-25,1.0,Landslide,Himachal Pradesh,5.0,1.0,2022.0,9.0,25.0,3.0,6.0,38,Monsoon,1.0,1,362,938,Low,0,1,29
6127,2022-09-26,2022-09-26,1.0,Landslide,Himachal Pradesh,2.0,0.0,2022.0,9.0,26.0,3.0,0.0,39,Monsoon,1.0,1,362,938,Low,0,1,29
6128,2022-08-20,2022-08-20,1.0,Heavy Rains & Floods,Jharkhand,2.0,0.0,2022.0,8.0,20.0,3.0,5.0,33,Monsoon,1.0,1,31,1382,Low,0,1,36
6129,2022-08-20,2022-08-20,1.0,Heavy Rains & Floods,Jharkhand,1.0,0.0,2022.0,8.0,20.0,3.0,5.0,33,Monsoon,1.0,1,31,1382,Low,0,1,36
6130,2022-08-21,2022-08-21,1.0,Heavy Rains & Floods,Jharkhand,2.0,3.0,2022.0,8.0,21.0,3.0,6.0,33,Monsoon,1.0,1,31,1382,Low,0,1,36
6131,2022-04-14,2022-04-14,1.0,Heavy Rain,Karnataka,1.0,0.0,2022.0,4.0,14.0,2.0,3.0,15,Summer,1.0,1,491,171,Low,0,0,37
6132,2022-05-01,2022-05-01,1.0,Heavy Rains,Karnataka,0.0,2.0,2022.0,5.0,1.0,2.0,6.0,17,Summer,1.0,1,491,479,No Fatality,0,0,37
6133,2022-05-01,2022-05-01,1.0,Heavy Rains,Karnataka,1.0,1.0,2022.0,5.0,1.0,2.0,6.0,17,Summer,1.0,1,491,479,Low,0,0,37
6134,2022-05-04,2022-05-04,1.0,Heavy Rains,Karnataka,1.0,2.0,2022.0,5.0,4.0,2.0,2.0,18,Summer,1.0,1,491,479,Low,0,0,37
6135,2022-05-18,2022-05-18,1.0,Heavy Rains,Karnataka,1.0,0.0,2022.0,5.0,18.0,2.0,2.0,20,Summer,1.0,1,491,479,Low,0,0,37
6136,2022-05-19,2022-05-19,1.0,Heavy Rains & Floods,Karnataka,1.0,0.0,2022.0,5.0,19.0,2.0,3.0,20,Summer,1.0,1,491,479,Low,0,0,37
6137,2022-05-19,2022-05-19,1.0,Heavy Rains & Floods,Karnataka,0.0,1.0,2022.0,5.0,19.0,2.0,3.0,20,Summer,1.0,1,491,479,No Fatality,0,0,37
6138,2022-05-17,2022-05-20,4.0,Heavy Rains & Floods,Karnataka,0.0,0.0,2022.0,5.0,17.0,2.0,1.0,20,Summer,4.0,1,491,479,No Fatality,0,0,37
6139,2022-05-17,2022-05-20,4.0,Heavy Rains & Floods,Karnataka,0.0,0.0,2022.0,5.0,17.0,2.0,1.0,20,Summer,4.0,1,491,479,No Fatality,0,0,37
6140,2022-05-17,2022-05-20,4.0,Heavy Rains & Floods,Karnataka,0.0,0.0,2022.0,5.0,17.0,2.0,1.0,20,Summer,4.0,1,491,479,No Fatality,0,0,37
6141,2022-05-17,2022-05-20,4.0,Heavy Rains & Floods,Karnataka,0.0,0.0,2022.0,5.0,17.0,2.0,1.0,20,Summer,4.0,1,491,479,No Fatality,0,0,37
6142,2022-05-17,2022-05-20,4.0,Heavy Rains & Floods,Karnataka,0.0,0.0,2022.0,5.0,17.0,2.0,1.0,20,Summer,4.0,1,491,479,No Fatality,0,0,37
6143,2022-05-17,2022-05-20,4.0,Heavy Rains & Floods,Karnataka,0.0,0.0,2022.0,5.0,17.0,2.0,1.0,20,Summer,4.0,1,491,479,No Fatality,0,0,37
6144,2022-05-17,2022-05-20,4.0,Heavy Rains & Floods,Karnataka,0.0,0.0,2022.0,5.0,17.0,2.0,1.0,20,Summer,4.0,1,491,479,No Fatality,0,0,37
6145,2022-05-17,2022-05-20,4.0,Heavy Rains & Floods,Karnataka,0.0,0.0,2022.0,5.0,17.0,2.0,1.0,20,Summer,4.0,1,491,479,No Fatality,0,0,37
6146,2022-05-17,2022-05-20,4.0,Heavy Rains & Floods,Karnataka,0.0,0.0,2022.0,5.0,17.0,2.0,1.0,20,Summer,4.0,1,491,479,No Fatality,0,0,37
6147,2022-05-17,2022-05-20,4.0,Heavy Rains & Floods,Karnataka,0.0,0.0,2022.0,5.0,17.0,2.0,1.0,20,Summer,4.0,1,491,479,No Fatality,0,0,37
6148,2022-05-17,2022-05-20,4.0,Heavy Rains & Floods,Karnataka,0.0,0.0,2022.0,5.0,17.0,2.0,1.0,20,Summer,4.0,1,491,479,No Fatality,0,0,37
6149,2022-05-17,2022-05-20,4.0,Heavy Rains & Floods,Karnataka,0.0,0.0,2022.0,5.0,17.0,2.0,1.0,20,Summer,4.0,1,491,479,No Fatality,0,0,37
6150,2022-07-04,2022-07-04,1.0,Heavy Rains,Karnataka,1.0,0.0,2022.0,7.0,4.0,3.0,0.0,27,Monsoon,1.0,1,491,1709,Low,0,1,37
6151,2022-07-04,2022-07-04,1.0,Heavy Rains,Karnataka,0.0,0.0,2022.0,7.0,4.0,3.0,0.0,27,Monsoon,1.0,1,491,1709,No Fatality,0,1,37
6152,2022-07-04,2022-07-04,1.0,Heavy Rains,Karnataka,0.0,7.0,2022.0,7.0,4.0,3.0,0.0,27,Monsoon,1.0,1,491,1709,No Fatality,0,1,37
6153,2022-07-06,2022-07-06,1.0,Landslide,Karnataka,3.0,2.0,2022.0,7.0,6.0,3.0,2.0,27,Monsoon,1.0,1,491,1709,Low,0,1,37
6154,2022-07-22,2022-07-23,2.0,Heavy rains & Floods,Karnataka,0.0,0.0,2022.0,7.0,22.0,3.0,4.0,29,Monsoon,2.0,1,491,1709,No Fatality,0,1,37
6155,2022-07-22,2022-07-23,2.0,Heavy rains & Floods,Karnataka,0.0,0.0,2022.0,7.0,22.0,3.0,4.0,29,Monsoon,2.0,1,491,1709,No Fatality,0,1,37
6156,2022-07-22,2022-07-22,1.0,Heavy rains & Floods,Karnataka,1.0,0.0,2022.0,7.0,22.0,3.0,4.0,29,Monsoon,1.0,1,491,1709,Low,0,1,37
6157,2022-08-01,2022-08-01,1.0,Landslide,Karnataka,2.0,0.0,2022.0,8.0,1.0,3.0,0.0,31,Monsoon,1.0,1,491,1382,Low,0,1,37
6158,2022-08-01,2022-08-01,1.0,Landslide,Karnataka,4.0,0.0,2022.0,8.0,1.0,3.0,0.0,31,Monsoon,1.0,1,491,1382,Low,0,1,37
6159,2022-08-04,2022-08-04,1.0,Heavy rains & Floods,Karnataka,2.0,0.0,2022.0,8.0,4.0,3.0,3.0,31,Monsoon,1.0,1,491,1382,Low,0,1,37
6160,2022-08-08,2022-08-08,1.0,Heavy Rains,Karnataka,0.0,1.0,2022.0,8.0,8.0,3.0,0.0,32,Monsoon,1.0,1,491,1382,No Fatality,0,1,37
6161,2022-08-30,2022-08-31,2.0,Heavy rains & Floods,Karnataka,2.0,0.0,2022.0,8.0,30.0,3.0,1.0,35,Monsoon,2.0,1,491,1382,Low,0,1,37
6162,2022-08-30,2022-08-31,2.0,Heavy rains & Floods,Karnataka,1.0,0.0,2022.0,8.0,30.0,3.0,1.0,35,Monsoon,2.0,1,491,1382,Low,0,1,37
6163,2022-08-30,2022-08-31,2.0,Heavy rains & Floods,Karnataka,0.0,0.0,2022.0,8.0,30.0,3.0,1.0,35,Monsoon,2.0,1,491,1382,No Fatality,0,1,37
6164,2022-08-31,2022-08-31,1.0,Heavy rains & Floods,Karnataka,1.0,0.0,2022.0,8.0,31.0,3.0,2.0,35,Monsoon,1.0,1,491,1382,Low,0,1,37
6165,2022-09-04,2022-09-05,2.0,Heavy rains & Floods,Karnataka,2.0,0.0,2022.0,9.0,4.0,3.0,6.0,35,Monsoon,2.0,1,491,938,Low,0,1,37
6166,2022-09-06,2022-09-06,1.0,Heavy rains & Floods,Karnataka,0.0,0.0,2022.0,9.0,6.0,3.0,1.0,36,Monsoon,1.0,1,491,938,No Fatality,0,1,37
6167,2022-09-06,2022-09-06,1.0,Heavy rains & Floods,Karnataka,1.0,0.0,2022.0,9.0,6.0,3.0,1.0,36,Monsoon,1.0,1,491,938,Low,0,1,37
6168,2022-09-06,2022-09-06,1.0,Heavy rains & Floods,Karnataka,0.0,0.0,2022.0,9.0,6.0,3.0,1.0,36,Monsoon,1.0,1,491,938,No Fatality,0,1,37
6169,2022-09-06,2022-09-06,1.0,Heavy rains & Floods,Karnataka,0.0,0.0,2022.0,9.0,6.0,3.0,1.0,36,Monsoon,1.0,1,491,938,No Fatality,0,1,37
6170,2022-09-06,2022-09-06,1.0,Heavy rains & Floods,Karnataka,0.0,0.0,2022.0,9.0,6.0,3.0,1.0,36,Monsoon,1.0,1,491,938,No Fatality,0,1,37
6171,2022-09-09,2022-09-09,1.0,Heavy rains & Floods,Karnataka,1.0,0.0,2022.0,9.0,9.0,3.0,4.0,36,Monsoon,1.0,1,491,938,Low,0,1,37
6172,2022-09-09,2022-09-09,1.0,Heavy rains & Floods,Karnataka,0.0,0.0,2022.0,9.0,9.0,3.0,4.0,36,Monsoon,1.0,1,491,938,No Fatality,0,1,37
6173,2022-09-09,2022-09-09,1.0,Heavy rains & Floods,Karnataka,0.0,0.0,2022.0,9.0,9.0,3.0,4.0,36,Monsoon,1.0,1,491,938,No Fatality,0,1,37
6174,2022-09-09,2022-09-09,1.0,Heavy rains & Floods,Karnataka,0.0,0.0,2022.0,9.0,9.0,3.0,4.0,36,Monsoon,1.0,1,491,938,No Fatality,0,1,37
6175,2022-09-11,2022-09-11,1.0,Heavy rains,Karnataka,1.0,0.0,2022.0,9.0,11.0,3.0,6.0,36,Monsoon,1.0,1,491,938,Low,0,1,37
6176,2022-09-12,2022-09-12,1.0,Heavy rains & Floods,Karnataka,0.0,0.0,2022.0,9.0,12.0,3.0,0.0,37,Monsoon,1.0,1,491,938,No Fatality,0,1,37
6177,2022-09-12,2022-09-12,1.0,Heavy rains & Floods,Karnataka,0.0,0.0,2022.0,9.0,12.0,3.0,0.0,37,Monsoon,1.0,1,491,938,No Fatality,0,1,37
6178,2022-09-12,2022-09-12,1.0,Heavy rains & Floods,Karnataka,1.0,0.0,2022.0,9.0,12.0,3.0,0.0,37,Monsoon,1.0,1,491,938,Low,0,1,37
6179,2022-10-01,2022-10-01,1.0,Heavy rains & Floods,Karnataka,4.0,0.0,2022.0,10.0,1.0,4.0,5.0,39,Post-Monsoon,1.0,1,491,501,Low,0,0,37
6180,2022-10-11,2022-10-11,1.0,Heavy rains,Karnataka,2.0,3.0,2022.0,10.0,11.0,4.0,1.0,41,Post-Monsoon,1.0,1,491,501,Low,0,0,37
6181,2022-03-23,2022-03-23,1.0,Heavy rains,Kerala,0.0,0.0,2022.0,3.0,23.0,1.0,2.0,12,Summer,1.0,1,604,166,No Fatality,0,0,39
6182,2022-03-24,2022-03-24,1.0,Heavy rains,Kerala,0.0,0.0,2022.0,3.0,24.0,1.0,3.0,12,Summer,1.0,1,604,166,No Fatality,0,0,39
6183,2022-03-24,2022-03-24,1.0,Heavy rains,Kerala,0.0,0.0,2022.0,3.0,24.0,1.0,3.0,12,Summer,1.0,1,604,166,No Fatality,0,0,39
6184,2022-03-27,2022-03-27,1.0,Heavy rains,Kerala,0.0,0.0,2022.0,3.0,27.0,1.0,6.0,12,Summer,1.0,1,604,166,No Fatality,0,0,39
6185,2022-05-17,2022-05-17,1.0,Heavy Rains,Kerala,1.0,0.0,2022.0,5.0,17.0,2.0,1.0,20,Summer,1.0,1,604,479,Low,0,0,39
6186,2022-05-18,2022-05-18,1.0,Heavy Rains,Kerala,1.0,0.0,2022.0,5.0,18.0,2.0,2.0,20,Summer,1.0,1,604,479,Low,0,0,39
6187,2022-05-18,2022-05-18,1.0,Heavy Rains,Kerala,1.0,0.0,2022.0,5.0,18.0,2.0,2.0,20,Summer,1.0,1,604,479,Low,0,0,39
6188,2022-05-20,2022-05-20,1.0,Heavy rains,Kerala,1.0,0.0,2022.0,5.0,20.0,2.0,4.0,20,Summer,1.0,1,604,479,Low,0,0,39
6189,2022-05-20,2022-05-20,1.0,Heavy rains,Kerala,0.0,0.0,2022.0,5.0,20.0,2.0,4.0,20,Summer,1.0,1,604,479,No Fatality,0,0,39
6190,2022-06-16,2022-06-16,1.0,Mud slip,Kerala,1.0,0.0,2022.0,6.0,16.0,2.0,3.0,24,Monsoon,1.0,1,604,1071,Low,0,1,39
6191,2022-07-01,2022-07-01,1.0,Heavy rains,Kerala,1.0,0.0,2022.0,7.0,1.0,3.0,4.0,26,Monsoon,1.0,1,604,1709,Low,0,1,39
6192,2022-07-02,2022-07-02,1.0,Heavy rains,Kerala,1.0,0.0,2022.0,7.0,2.0,3.0,5.0,26,Monsoon,1.0,1,604,1709,Low,0,1,39
6193,2022-07-04,2022-07-04,1.0,Landslide,Kerala,1.0,0.0,2022.0,7.0,4.0,3.0,0.0,27,Monsoon,1.0,1,604,1709,Low,0,1,39
6194,2022-07-05,2022-07-05,1.0,Heavy rains,Kerala,1.0,0.0,2022.0,7.0,5.0,3.0,1.0,27,Monsoon,1.0,1,604,1709,Low,0,1,39
6195,2022-07-07,2022-07-07,1.0,Heavy rains,Kerala,1.0,0.0,2022.0,7.0,7.0,3.0,3.0,27,Monsoon,1.0,1,604,1709,Low,0,1,39
6196,2022-07-10,2022-07-10,1.0,Heavy rains,Kerala,1.0,0.0,2022.0,7.0,10.0,3.0,6.0,27,Monsoon,1.0,1,604,1709,Low,0,1,39
6197,2022-07-15,2022-07-15,1.0,Landslide,Kerala,1.0,0.0,2022.0,7.0,15.0,3.0,4.0,28,Monsoon,1.0,1,604,1709,Low,0,1,39
6198,2022-07-16,2022-07-16,1.0,Heavy Rains & Floods,Kerala,4.0,0.0,2022.0,7.0,16.0,3.0,5.0,28,Monsoon,1.0,1,604,1709,Low,0,1,39
6199,2022-07-16,2022-07-16,1.0,Heavy Rains & Floods,Kerala,0.0,0.0,2022.0,7.0,16.0,3.0,5.0,28,Monsoon,1.0,1,604,1709,No Fatality,0,1,39
6200,2022-07-16,2022-07-16,1.0,Heavy Rains & Floods,Kerala,0.0,0.0,2022.0,7.0,16.0,3.0,5.0,28,Monsoon,1.0,1,604,1709,No Fatality,0,1,39
6201,2022-07-19,2022-07-19,1.0,Heavy Rains & Floods,Kerala,1.0,0.0,2022.0,7.0,19.0,3.0,1.0,29,Monsoon,1.0,1,604,1709,Low,0,1,39
6202,2022-07-20,2022-07-20,1.0,Heavy Rains & Floods,Kerala,1.0,0.0,2022.0,7.0,20.0,3.0,2.0,29,Monsoon,1.0,1,604,1709,Low,0,1,39
6203,2022-07-28,2022-07-28,1.0,Heavy Rains ,Kerala,1.0,0.0,2022.0,7.0,28.0,3.0,3.0,30,Monsoon,1.0,1,604,1709,Low,0,1,39
6204,2022-08-01,2022-08-01,1.0,Heavy Rains & Floods ,Kerala,1.0,0.0,2022.0,8.0,1.0,3.0,0.0,31,Monsoon,1.0,1,604,1382,Low,0,1,39
6205,2022-08-01,2022-08-01,1.0,Heavy Rains & Floods ,Kerala,1.0,0.0,2022.0,8.0,1.0,3.0,0.0,31,Monsoon,1.0,1,604,1382,Low,0,1,39
6206,2022-08-01,2022-08-01,1.0,Heavy Rains & Floods ,Kerala,1.0,0.0,2022.0,8.0,1.0,3.0,0.0,31,Monsoon,1.0,1,604,1382,Low,0,1,39
6207,2022-08-01,2022-08-01,1.0,Heavy Rains & Floods ,Kerala,4.0,0.0,2022.0,8.0,1.0,3.0,0.0,31,Monsoon,1.0,1,604,1382,Low,0,1,39
6208,2022-08-01,2022-08-01,1.0,Heavy Rains & Floods ,Kerala,1.0,0.0,2022.0,8.0,1.0,3.0,0.0,31,Monsoon,1.0,1,604,1382,Low,0,1,39
6209,2022-08-01,2022-08-01,1.0,Landslide,Kerala,0.0,0.0,2022.0,8.0,1.0,3.0,0.0,31,Monsoon,1.0,1,604,1382,No Fatality,0,1,39
6210,2022-08-01,2022-08-01,1.0,Landslide,Kerala,3.0,0.0,2022.0,8.0,1.0,3.0,0.0,31,Monsoon,1.0,1,604,1382,Low,0,1,39
6211,2022-08-02,2022-08-02,1.0,Heavy Rains & Floods,Kerala,0.0,0.0,2022.0,8.0,2.0,3.0,1.0,31,Monsoon,1.0,1,604,1382,No Fatality,0,1,39
6212,2022-08-02,2022-08-02,1.0,Heavy Rains & Floods,Kerala,1.0,0.0,2022.0,8.0,2.0,3.0,1.0,31,Monsoon,1.0,1,604,1382,Low,0,1,39
6213,2022-08-02,2022-08-02,1.0,Heavy Rains & Floods,Kerala,0.0,0.0,2022.0,8.0,2.0,3.0,1.0,31,Monsoon,1.0,1,604,1382,No Fatality,0,1,39
6214,2022-08-02,2022-08-02,1.0,Heavy Rains & Floods,Kerala,3.0,0.0,2022.0,8.0,2.0,3.0,1.0,31,Monsoon,1.0,1,604,1382,Low,0,1,39
6215,2022-08-02,2022-08-02,1.0,Heavy Rains & Floods,Kerala,0.0,0.0,2022.0,8.0,2.0,3.0,1.0,31,Monsoon,1.0,1,604,1382,No Fatality,0,1,39
6216,2022-08-02,2022-08-02,1.0,Heavy Rains & Floods,Kerala,1.0,0.0,2022.0,8.0,2.0,3.0,1.0,31,Monsoon,1.0,1,604,1382,Low,0,1,39
6217,2022-08-02,2022-08-02,1.0,Heavy Rains & Floods,Kerala,0.0,0.0,2022.0,8.0,2.0,3.0,1.0,31,Monsoon,1.0,1,604,1382,No Fatality,0,1,39
6218,2022-08-02,2022-08-02,1.0,Heavy Rains & Floods,Kerala,0.0,0.0,2022.0,8.0,2.0,3.0,1.0,31,Monsoon,1.0,1,604,1382,No Fatality,0,1,39
6219,2022-08-02,2022-08-02,1.0,Heavy Rains & Floods,Kerala,1.0,0.0,2022.0,8.0,2.0,3.0,1.0,31,Monsoon,1.0,1,604,1382,Low,0,1,39
6220,2022-08-02,2022-08-02,1.0,Heavy Rains & Floods,Kerala,0.0,0.0,2022.0,8.0,2.0,3.0,1.0,31,Monsoon,1.0,1,604,1382,No Fatality,0,1,39
6221,2022-08-02,2022-08-02,1.0,Heavy Rains & Floods,Kerala,0.0,0.0,2022.0,8.0,2.0,3.0,1.0,31,Monsoon,1.0,1,604,1382,No Fatality,0,1,39
6222,2022-08-29,2022-08-29,1.0,Landslide,Kerala,5.0,0.0,2022.0,8.0,29.0,3.0,0.0,35,Monsoon,1.0,1,604,1382,Low,0,1,39
6223,2022-09-04,2022-09-04,1.0,Heavy Rains,Kerala,2.0,0.0,2022.0,9.0,4.0,3.0,6.0,35,Monsoon,1.0,1,604,938,Low,0,1,39
6224,2022-01-08,2022-01-08,1.0,Heavy Rains,Madhya Pradesh,0.0,0.0,2022.0,1.0,8.0,1.0,5.0,1,Winter,1.0,1,238,108,No Fatality,0,0,43
6225,2022-01-08,2022-01-08,1.0,Heavy Rains,Madhya Pradesh,0.0,0.0,2022.0,1.0,8.0,1.0,5.0,1,Winter,1.0,1,238,108,No Fatality,0,0,43
6226,2022-06-22,2022-06-22,1.0,Heavy Rains & Flood,Madhya Pradesh,1.0,0.0,2022.0,6.0,22.0,2.0,2.0,25,Monsoon,1.0,1,238,1071,Low,0,1,43
6227,2022-08-04,2022-08-04,1.0,Heavy Rains,Madhya Pradesh,0.0,0.0,2022.0,8.0,4.0,3.0,3.0,31,Monsoon,1.0,1,238,1382,No Fatality,0,1,43
6228,2022-08-04,2022-08-04,1.0,Heavy Rains,Madhya Pradesh,0.0,0.0,2022.0,8.0,4.0,3.0,3.0,31,Monsoon,1.0,1,238,1382,No Fatality,0,1,43
6229,2022-08-07,2022-08-07,1.0,Heavy Rains & Floods  (Sukadi River),Madhya Pradesh,0.0,0.0,2022.0,8.0,7.0,3.0,6.0,31,Monsoon,1.0,1,238,1382,No Fatality,0,1,43
6230,2022-09-15,2022-09-29,12.0,Heavy Rains,Madhya Pradesh,0.0,0.0,2022.0,9.0,15.0,3.0,3.0,37,Monsoon,15.0,1,238,938,No Fatality,0,1,43
6231,2022-09-15,2022-09-29,12.0,Heavy Rains,Madhya Pradesh,0.0,0.0,2022.0,9.0,15.0,3.0,3.0,37,Monsoon,15.0,1,238,938,No Fatality,0,1,43
6232,2022-09-15,2022-09-29,12.0,Heavy Rains,Madhya Pradesh,0.0,0.0,2022.0,9.0,15.0,3.0,3.0,37,Monsoon,15.0,1,238,938,No Fatality,0,1,43
6233,2022-09-15,2022-09-29,12.0,Heavy Rains,Madhya Pradesh,0.0,0.0,2022.0,9.0,15.0,3.0,3.0,37,Monsoon,15.0,1,238,938,No Fatality,0,1,43
6234,2022-09-15,2022-09-29,12.0,Heavy Rains,Madhya Pradesh,0.0,0.0,2022.0,9.0,15.0,3.0,3.0,37,Monsoon,15.0,1,238,938,No Fatality,0,1,43
6235,2022-09-15,2022-09-29,12.0,Heavy Rains,Madhya Pradesh,0.0,0.0,2022.0,9.0,15.0,3.0,3.0,37,Monsoon,15.0,1,238,938,No Fatality,0,1,43
6236,2022-09-15,2022-09-29,12.0,Heavy Rains,Madhya Pradesh,0.0,0.0,2022.0,9.0,15.0,3.0,3.0,37,Monsoon,15.0,1,238,938,No Fatality,0,1,43
6237,2022-09-15,2022-09-29,12.0,Heavy Rains,Madhya Pradesh,0.0,0.0,2022.0,9.0,15.0,3.0,3.0,37,Monsoon,15.0,1,238,938,No Fatality,0,1,43
6238,2022-09-15,2022-09-29,12.0,Heavy Rains,Madhya Pradesh,0.0,0.0,2022.0,9.0,15.0,3.0,3.0,37,Monsoon,15.0,1,238,938,No Fatality,0,1,43
6239,2022-09-15,2022-09-29,12.0,Heavy Rains,Madhya Pradesh,0.0,0.0,2022.0,9.0,15.0,3.0,3.0,37,Monsoon,15.0,1,238,938,No Fatality,0,1,43
6240,2022-09-15,2022-09-29,12.0,Heavy Rains,Madhya Pradesh,0.0,0.0,2022.0,9.0,15.0,3.0,3.0,37,Monsoon,15.0,1,238,938,No Fatality,0,1,43
6241,2022-09-15,2022-09-29,12.0,Heavy Rains,Madhya Pradesh,0.0,0.0,2022.0,9.0,15.0,3.0,3.0,37,Monsoon,15.0,1,238,938,No Fatality,0,1,43
6242,2022-10-11,2022-10-11,1.0,Unknown,Madhya Pradesh,0.0,0.0,2022.0,10.0,11.0,4.0,1.0,41,Post-Monsoon,1.0,1,238,501,No Fatality,0,0,43
6243,2022-01-08,2022-01-11,4.0,Heavy rains,Maharashtra,0.0,0.0,2022.0,1.0,8.0,1.0,5.0,1,Winter,4.0,1,1011,108,No Fatality,0,0,47
6244,2022-01-08,2022-01-11,4.0,Heavy rains,Maharashtra,0.0,0.0,2022.0,1.0,8.0,1.0,5.0,1,Winter,4.0,1,1011,108,No Fatality,0,0,47
6245,2022-01-08,2022-01-11,4.0,Heavy rains,Maharashtra,0.0,0.0,2022.0,1.0,8.0,1.0,5.0,1,Winter,4.0,1,1011,108,No Fatality,0,0,47
6246,2022-01-08,2022-01-11,4.0,Heavy rains,Maharashtra,0.0,0.0,2022.0,1.0,8.0,1.0,5.0,1,Winter,4.0,1,1011,108,No Fatality,0,0,47
6247,2022-01-08,2022-01-11,4.0,Heavy rains,Maharashtra,0.0,0.0,2022.0,1.0,8.0,1.0,5.0,1,Winter,4.0,1,1011,108,No Fatality,0,0,47
6248,2022-01-08,2022-01-11,4.0,Heavy rains,Maharashtra,0.0,0.0,2022.0,1.0,8.0,1.0,5.0,1,Winter,4.0,1,1011,108,No Fatality,0,0,47
6249,2022-01-08,2022-01-11,4.0,Heavy rains,Maharashtra,0.0,0.0,2022.0,1.0,8.0,1.0,5.0,1,Winter,4.0,1,1011,108,No Fatality,0,0,47
6250,2022-01-08,2022-01-11,4.0,Heavy rains,Maharashtra,0.0,0.0,2022.0,1.0,8.0,1.0,5.0,1,Winter,4.0,1,1011,108,No Fatality,0,0,47
6251,2022-01-13,2022-01-13,1.0,Heavy rains,Maharashtra,0.0,0.0,2022.0,1.0,13.0,1.0,3.0,2,Winter,1.0,1,1011,108,No Fatality,0,0,47
6252,2022-01-13,2022-01-13,1.0,Heavy rains,Maharashtra,0.0,0.0,2022.0,1.0,13.0,1.0,3.0,2,Winter,1.0,1,1011,108,No Fatality,0,0,47
6253,2022-01-16,2022-01-16,1.0,Heavy rains,Maharashtra,0.0,0.0,2022.0,1.0,16.0,1.0,6.0,2,Winter,1.0,1,1011,108,No Fatality,0,0,47
6254,2022-03-04,2022-03-04,1.0,Heavy rains,Maharashtra,0.0,0.0,2022.0,3.0,4.0,1.0,4.0,9,Summer,1.0,1,1011,166,No Fatality,0,0,47
6255,2022-03-08,2022-03-09,2.0,Heavy Rains,Maharashtra,0.0,0.0,2022.0,3.0,8.0,1.0,1.0,10,Summer,2.0,1,1011,166,No Fatality,0,0,47
6256,2022-03-08,2022-03-09,2.0,Heavy Rains,Maharashtra,0.0,0.0,2022.0,3.0,8.0,1.0,1.0,10,Summer,2.0,1,1011,166,No Fatality,0,0,47
6257,2022-03-08,2022-03-09,2.0,Heavy Rains,Maharashtra,0.0,0.0,2022.0,3.0,8.0,1.0,1.0,10,Summer,2.0,1,1011,166,No Fatality,0,0,47
6258,2022-03-08,2022-03-09,2.0,Heavy Rains,Maharashtra,0.0,0.0,2022.0,3.0,8.0,1.0,1.0,10,Summer,2.0,1,1011,166,No Fatality,0,0,47
6259,2022-04-04,2022-04-05,2.0,Heavy Rains,Maharashtra,0.0,0.0,2022.0,4.0,4.0,2.0,0.0,14,Summer,2.0,1,1011,171,No Fatality,0,0,47
6260,2022-04-04,2022-04-05,2.0,Heavy Rains,Maharashtra,0.0,0.0,2022.0,4.0,4.0,2.0,0.0,14,Summer,2.0,1,1011,171,No Fatality,0,0,47
6261,2022-05-20,2022-05-20,1.0,Heavy rains,Maharashtra,0.0,0.0,2022.0,5.0,20.0,2.0,4.0,20,Summer,1.0,1,1011,479,No Fatality,0,0,47
6262,2022-05-20,2022-05-20,1.0,Heavy rains,Maharashtra,0.0,0.0,2022.0,5.0,20.0,2.0,4.0,20,Summer,1.0,1,1011,479,No Fatality,0,0,47
6263,2022-05-20,2022-05-20,1.0,Heavy rains,Maharashtra,0.0,0.0,2022.0,5.0,20.0,2.0,4.0,20,Summer,1.0,1,1011,479,No Fatality,0,0,47
6264,2022-05-20,2022-05-20,1.0,Heavy rains,Maharashtra,0.0,0.0,2022.0,5.0,20.0,2.0,4.0,20,Summer,1.0,1,1011,479,No Fatality,0,0,47
6265,2022-05-20,2022-05-20,1.0,Heavy rains,Maharashtra,0.0,0.0,2022.0,5.0,20.0,2.0,4.0,20,Summer,1.0,1,1011,479,No Fatality,0,0,47
6266,2022-05-20,2022-05-20,1.0,Heavy rains,Maharashtra,0.0,0.0,2022.0,5.0,20.0,2.0,4.0,20,Summer,1.0,1,1011,479,No Fatality,0,0,47
6267,2022-05-20,2022-05-20,1.0,Heavy rains,Maharashtra,0.0,0.0,2022.0,5.0,20.0,2.0,4.0,20,Summer,1.0,1,1011,479,No Fatality,0,0,47
6268,2022-05-20,2022-05-20,1.0,Heavy rains,Maharashtra,0.0,0.0,2022.0,5.0,20.0,2.0,4.0,20,Summer,1.0,1,1011,479,No Fatality,0,0,47
6269,2022-05-31,2022-05-31,1.0,Heavy Rains,Maharashtra,0.0,0.0,2022.0,5.0,31.0,2.0,1.0,22,Summer,1.0,1,1011,479,No Fatality,0,0,47
6270,2022-05-31,2022-05-31,1.0,Heavy Rains,Maharashtra,0.0,0.0,2022.0,5.0,31.0,2.0,1.0,22,Summer,1.0,1,1011,479,No Fatality,0,0,47
6271,2022-06-10,2022-06-10,1.0,Heavy rains,Maharashtra,0.0,0.0,2022.0,6.0,10.0,2.0,4.0,23,Monsoon,1.0,1,1011,1071,No Fatality,0,1,47
6272,2022-06-14,2022-06-15,2.0,Heavy Rains,Maharashtra,0.0,0.0,2022.0,6.0,14.0,2.0,1.0,24,Monsoon,2.0,1,1011,1071,No Fatality,0,1,47
6273,2022-06-20,2022-06-20,1.0,Landslide,Maharashtra,0.0,2.0,2022.0,6.0,20.0,2.0,0.0,25,Monsoon,1.0,1,1011,1071,No Fatality,0,1,47
6274,2022-06-24,2022-06-24,1.0,Heavy Rains,Maharashtra,3.0,0.0,2022.0,6.0,24.0,2.0,4.0,25,Monsoon,1.0,1,1011,1071,Low,0,1,47
6275,2022-07-01,2022-07-01,1.0,Heavy Rains & Floods,Maharashtra,1.0,0.0,2022.0,7.0,1.0,3.0,4.0,26,Monsoon,1.0,1,1011,1709,Low,0,1,47
6276,2022-07-04,2022-07-04,1.0,Heavy Rains & Floods,Maharashtra,1.0,0.0,2022.0,7.0,4.0,3.0,0.0,27,Monsoon,1.0,1,1011,1709,Low,0,1,47
6277,2022-07-06,2022-07-06,1.0,Landslide,Maharashtra,0.0,3.0,2022.0,7.0,6.0,3.0,2.0,27,Monsoon,1.0,1,1011,1709,No Fatality,0,1,47
6278,2022-07-06,2022-07-06,1.0,Heavy Rains,Maharashtra,0.0,0.0,2022.0,7.0,6.0,3.0,2.0,27,Monsoon,1.0,1,1011,1709,No Fatality,0,1,47
6279,2022-07-06,2022-07-06,1.0,Heavy Rains,Maharashtra,0.0,0.0,2022.0,7.0,6.0,3.0,2.0,27,Monsoon,1.0,1,1011,1709,No Fatality,0,1,47
6280,2022-07-06,2022-07-06,1.0,Heavy Rains,Maharashtra,0.0,0.0,2022.0,7.0,6.0,3.0,2.0,27,Monsoon,1.0,1,1011,1709,No Fatality,0,1,47
6281,2022-07-06,2022-07-06,1.0,Heavy Rains,Maharashtra,1.0,0.0,2022.0,7.0,6.0,3.0,2.0,27,Monsoon,1.0,1,1011,1709,Low,0,1,47
6282,2022-07-08,2022-07-08,1.0,Heavy Rains & Floods,Maharashtra,1.0,1.0,2022.0,7.0,8.0,3.0,4.0,27,Monsoon,1.0,1,1011,1709,Low,0,1,47
6283,2022-07-09,2022-07-09,1.0,Heavy Rains & Floods,Maharashtra,4.0,0.0,2022.0,7.0,9.0,3.0,5.0,27,Monsoon,1.0,1,1011,1709,Low,0,1,47
6284,2022-07-09,2022-07-09,1.0,Heavy Rains & Floods,Maharashtra,0.0,0.0,2022.0,7.0,9.0,3.0,5.0,27,Monsoon,1.0,1,1011,1709,No Fatality,0,1,47
6285,2022-07-09,2022-07-09,1.0,Heavy Rains & Floods,Maharashtra,0.0,0.0,2022.0,7.0,9.0,3.0,5.0,27,Monsoon,1.0,1,1011,1709,No Fatality,0,1,47
6286,2022-07-09,2022-07-09,1.0,Heavy Rains & Floods,Maharashtra,0.0,0.0,2022.0,7.0,9.0,3.0,5.0,27,Monsoon,1.0,1,1011,1709,No Fatality,0,1,47
6287,2022-07-09,2022-07-09,1.0,Heavy Rains & Floods,Maharashtra,1.0,0.0,2022.0,7.0,9.0,3.0,5.0,27,Monsoon,1.0,1,1011,1709,Low,0,1,47
6288,2022-07-09,2022-07-09,1.0,Heavy Rains & Floods,Maharashtra,4.0,0.0,2022.0,7.0,9.0,3.0,5.0,27,Monsoon,1.0,1,1011,1709,Low,0,1,47
6289,2022-07-10,2022-07-10,1.0,Heavy Rains & Floods,Maharashtra,2.0,0.0,2022.0,7.0,10.0,3.0,6.0,27,Monsoon,1.0,1,1011,1709,Low,0,1,47
6290,2022-07-11,2022-07-11,1.0,Heavy Rains & Floods,Maharashtra,1.0,0.0,2022.0,7.0,11.0,3.0,0.0,28,Monsoon,1.0,1,1011,1709,Low,0,1,47
6291,2022-07-11,2022-07-11,1.0,Heavy Rains & Floods,Maharashtra,2.0,0.0,2022.0,7.0,11.0,3.0,0.0,28,Monsoon,1.0,1,1011,1709,Low,0,1,47
6292,2022-07-11,2022-07-11,1.0,Heavy Rains & Floods,Maharashtra,0.0,6.0,2022.0,7.0,11.0,3.0,0.0,28,Monsoon,1.0,1,1011,1709,No Fatality,0,1,47
6293,2022-07-11,2022-07-11,1.0,Heavy Rains & Floods,Maharashtra,1.0,0.0,2022.0,7.0,11.0,3.0,0.0,28,Monsoon,1.0,1,1011,1709,Low,0,1,47
6294,2022-07-11,2022-07-11,1.0,Heavy Rains & Floods,Maharashtra,0.0,1.0,2022.0,7.0,11.0,3.0,0.0,28,Monsoon,1.0,1,1011,1709,No Fatality,0,1,47
6295,2022-07-11,2022-07-11,1.0,Heavy Rains & Floods,Maharashtra,0.0,0.0,2022.0,7.0,11.0,3.0,0.0,28,Monsoon,1.0,1,1011,1709,No Fatality,0,1,47
6296,2022-07-12,2022-07-12,1.0,Heavy Rains & Floods,Maharashtra,3.0,1.0,2022.0,7.0,12.0,3.0,1.0,28,Monsoon,1.0,1,1011,1709,Low,0,1,47
6297,2022-07-12,2022-07-12,1.0,Heavy Rains & Floods,Maharashtra,6.0,0.0,2022.0,7.0,12.0,3.0,1.0,28,Monsoon,1.0,1,1011,1709,Low,0,1,47
6298,2022-07-12,2022-07-12,1.0,Heavy Rains & Floods,Maharashtra,2.0,0.0,2022.0,7.0,12.0,3.0,1.0,28,Monsoon,1.0,1,1011,1709,Low,0,1,47
6299,2022-07-12,2022-07-12,1.0,Heavy Rains & Floods,Maharashtra,4.0,0.0,2022.0,7.0,12.0,3.0,1.0,28,Monsoon,1.0,1,1011,1709,Low,0,1,47
6300,2022-07-12,2022-07-12,1.0,Heavy Rains & Floods,Maharashtra,0.0,0.0,2022.0,7.0,12.0,3.0,1.0,28,Monsoon,1.0,1,1011,1709,No Fatality,0,1,47
6301,2022-07-12,2022-07-12,1.0,Heavy Rains & Floods ,Maharashtra,1.0,0.0,2022.0,7.0,12.0,3.0,1.0,28,Monsoon,1.0,1,1011,1709,Low,0,1,47
6302,2022-07-13,2022-07-13,1.0,Landslide,Maharashtra,1.0,2.0,2022.0,7.0,13.0,3.0,2.0,28,Monsoon,1.0,1,1011,1709,Low,0,1,47
6303,2022-07-13,2022-07-13,1.0,Heavy Rains & Floods,Maharashtra,2.0,0.0,2022.0,7.0,13.0,3.0,2.0,28,Monsoon,1.0,1,1011,1709,Low,0,1,47
6304,2022-07-13,2022-07-13,1.0,Heavy Rains & Floods,Maharashtra,3.0,0.0,2022.0,7.0,13.0,3.0,2.0,28,Monsoon,1.0,1,1011,1709,Low,0,1,47
6305,2022-07-13,2022-07-13,1.0,Heavy Rains & Floods,Maharashtra,4.0,0.0,2022.0,7.0,13.0,3.0,2.0,28,Monsoon,1.0,1,1011,1709,Low,0,1,47
6306,2022-07-13,2022-07-13,1.0,Heavy Rains & Floods,Maharashtra,1.0,0.0,2022.0,7.0,13.0,3.0,2.0,28,Monsoon,1.0,1,1011,1709,Low,0,1,47
6307,2022-07-13,2022-07-13,1.0,Heavy Rains & Floods,Maharashtra,1.0,2.0,2022.0,7.0,13.0,3.0,2.0,28,Monsoon,1.0,1,1011,1709,Low,0,1,47
6308,2022-07-13,2022-07-13,1.0,Heavy Rains & Floods,Maharashtra,1.0,0.0,2022.0,7.0,13.0,3.0,2.0,28,Monsoon,1.0,1,1011,1709,Low,0,1,47
6309,2022-07-14,2022-07-14,1.0,Heavy Rains & Floods,Maharashtra,1.0,0.0,2022.0,7.0,14.0,3.0,3.0,28,Monsoon,1.0,1,1011,1709,Low,0,1,47
6310,2022-07-14,2022-07-14,1.0,Heavy Rains & Floods,Maharashtra,0.0,1.0,2022.0,7.0,14.0,3.0,3.0,28,Monsoon,1.0,1,1011,1709,No Fatality,0,1,47
6311,2022-07-14,2022-07-14,1.0,Heavy Rains & Floods,Maharashtra,1.0,0.0,2022.0,7.0,14.0,3.0,3.0,28,Monsoon,1.0,1,1011,1709,Low,0,1,47
6312,2022-07-14,2022-07-14,1.0,Heavy Rains & Floods,Maharashtra,2.0,0.0,2022.0,7.0,14.0,3.0,3.0,28,Monsoon,1.0,1,1011,1709,Low,0,1,47
6313,2022-07-14,2022-07-14,1.0,Heavy Rains & Floods,Maharashtra,0.0,0.0,2022.0,7.0,14.0,3.0,3.0,28,Monsoon,1.0,1,1011,1709,No Fatality,0,1,47
6314,2022-07-14,2022-07-14,1.0,Heavy Rains & Floods,Maharashtra,0.0,0.0,2022.0,7.0,14.0,3.0,3.0,28,Monsoon,1.0,1,1011,1709,No Fatality,0,1,47
6315,2022-07-15,2022-07-15,1.0,Heavy Rains & Floods,Maharashtra,0.0,0.0,2022.0,7.0,15.0,3.0,4.0,28,Monsoon,1.0,1,1011,1709,No Fatality,0,1,47
6316,2022-07-15,2022-07-15,1.0,Heavy Rains & Floods,Maharashtra,0.0,0.0,2022.0,7.0,15.0,3.0,4.0,28,Monsoon,1.0,1,1011,1709,No Fatality,0,1,47
6317,2022-07-15,2022-07-15,1.0,Heavy Rains & Floods,Maharashtra,0.0,0.0,2022.0,7.0,15.0,3.0,4.0,28,Monsoon,1.0,1,1011,1709,No Fatality,0,1,47
6318,2022-07-15,2022-07-15,1.0,Heavy Rains & Floods,Maharashtra,0.0,0.0,2022.0,7.0,15.0,3.0,4.0,28,Monsoon,1.0,1,1011,1709,No Fatality,0,1,47
6319,2022-07-15,2022-07-15,1.0,Heavy Rains & Floods,Maharashtra,0.0,1.0,2022.0,7.0,15.0,3.0,4.0,28,Monsoon,1.0,1,1011,1709,No Fatality,0,1,47
6320,2022-07-16,2022-07-16,1.0,Heavy Rains,Maharashtra,2.0,0.0,2022.0,7.0,16.0,3.0,5.0,28,Monsoon,1.0,1,1011,1709,Low,0,1,47
6321,2022-07-16,2022-07-16,1.0,Heavy Rains,Maharashtra,0.0,1.0,2022.0,7.0,16.0,3.0,5.0,28,Monsoon,1.0,1,1011,1709,No Fatality,0,1,47
6322,2022-07-18,2022-07-18,1.0,Heavy Rains & Floods,Maharashtra,2.0,0.0,2022.0,7.0,18.0,3.0,0.0,29,Monsoon,1.0,1,1011,1709,Low,0,1,47
6323,2022-07-18,2022-07-18,1.0,Heavy Rains & Floods,Maharashtra,13.0,0.0,2022.0,7.0,18.0,3.0,0.0,29,Monsoon,1.0,1,1011,1709,Medium,1,1,47
6324,2022-07-18,2022-07-18,1.0,Heavy Rains & Floods,Maharashtra,0.0,0.0,2022.0,7.0,18.0,3.0,0.0,29,Monsoon,1.0,1,1011,1709,No Fatality,0,1,47
6325,2022-07-19,2022-07-19,1.0,Heavy Rains,Maharashtra,2.0,3.0,2022.0,7.0,19.0,3.0,1.0,29,Monsoon,1.0,1,1011,1709,Low,0,1,47
6326,2022-07-19,2022-07-19,1.0,Heavy Rains,Maharashtra,0.0,0.0,2022.0,7.0,19.0,3.0,1.0,29,Monsoon,1.0,1,1011,1709,No Fatality,0,1,47
6327,2022-07-20,2022-07-22,3.0,Heavy Rains & Floods,Maharashtra,0.0,0.0,2022.0,7.0,20.0,3.0,2.0,29,Monsoon,3.0,1,1011,1709,No Fatality,0,1,47
6328,2022-07-20,2022-07-22,3.0,Heavy Rains & Floods,Maharashtra,0.0,0.0,2022.0,7.0,20.0,3.0,2.0,29,Monsoon,3.0,1,1011,1709,No Fatality,0,1,47
6329,2022-07-25,2022-07-30,3.0,Heavy Rains & Floods,Maharashtra,0.0,0.0,2022.0,7.0,25.0,3.0,0.0,30,Monsoon,6.0,1,1011,1709,No Fatality,0,1,47
6330,2022-07-28,2022-07-28,1.0,Heavy Rains & Floods,Maharashtra,2.0,0.0,2022.0,7.0,28.0,3.0,3.0,30,Monsoon,1.0,1,1011,1709,Low,0,1,47
6331,2022-08-04,2022-08-07,4.0,Heavy Rains & Floods,Maharashtra,9.0,0.0,2022.0,8.0,4.0,3.0,3.0,31,Monsoon,4.0,1,1011,1382,Low,0,1,47
6332,2022-08-06,2022-08-10,5.0,Heavy Rains & Floods,Maharashtra,0.0,0.0,2022.0,8.0,6.0,3.0,5.0,31,Monsoon,5.0,1,1011,1382,No Fatality,0,1,47
6333,2022-08-07,2022-08-07,1.0,Heavy Rains & Floods,Maharashtra,1.0,0.0,2022.0,8.0,7.0,3.0,6.0,31,Monsoon,1.0,1,1011,1382,Low,0,1,47
6334,2022-08-08,2022-08-08,1.0,Heavy Rains & Floods,Maharashtra,4.0,0.0,2022.0,8.0,8.0,3.0,0.0,32,Monsoon,1.0,1,1011,1382,Low,0,1,47
6335,2022-08-08,2022-08-08,1.0,Heavy Rains & Floods,Maharashtra,4.0,0.0,2022.0,8.0,8.0,3.0,0.0,32,Monsoon,1.0,1,1011,1382,Low,0,1,47
6336,2022-08-08,2022-08-08,1.0,Heavy Rains & Floods,Maharashtra,3.0,0.0,2022.0,8.0,8.0,3.0,0.0,32,Monsoon,1.0,1,1011,1382,Low,0,1,47
6337,2022-08-09,2022-08-10,2.0,Heavy Rains & Floods,Maharashtra,6.0,0.0,2022.0,8.0,9.0,3.0,1.0,32,Monsoon,2.0,1,1011,1382,Low,0,1,47
6338,2022-08-09,2022-08-10,2.0,Heavy Rains & Floods,Maharashtra,0.0,0.0,2022.0,8.0,9.0,3.0,1.0,32,Monsoon,2.0,1,1011,1382,No Fatality,0,1,47
6339,2022-08-09,2022-08-10,2.0,Heavy Rains & Floods,Maharashtra,0.0,0.0,2022.0,8.0,9.0,3.0,1.0,32,Monsoon,2.0,1,1011,1382,No Fatality,0,1,47
6340,2022-08-09,2022-08-10,2.0,Heavy Rains & Floods,Maharashtra,1.0,0.0,2022.0,8.0,9.0,3.0,1.0,32,Monsoon,2.0,1,1011,1382,Low,0,1,47
6341,2022-08-09,2022-08-10,2.0,Heavy Rains & Floods,Maharashtra,0.0,5.0,2022.0,8.0,9.0,3.0,1.0,32,Monsoon,2.0,1,1011,1382,No Fatality,0,1,47
6342,2022-08-09,2022-08-10,2.0,Heavy Rains & Floods,Maharashtra,1.0,0.0,2022.0,8.0,9.0,3.0,1.0,32,Monsoon,2.0,1,1011,1382,Low,0,1,47
6343,2022-08-09,2022-08-10,2.0,Heavy Rains & Floods,Maharashtra,8.0,0.0,2022.0,8.0,9.0,3.0,1.0,32,Monsoon,2.0,1,1011,1382,Low,0,1,47
6344,2022-08-10,2022-08-10,1.0,Heavy Rains & Floods,Maharashtra,1.0,0.0,2022.0,8.0,10.0,3.0,2.0,32,Monsoon,1.0,1,1011,1382,Low,0,1,47
6345,2022-08-12,2022-08-12,1.0,Heavy Rains & Floods,Maharashtra,0.0,1.0,2022.0,8.0,12.0,3.0,4.0,32,Monsoon,1.0,1,1011,1382,No Fatality,0,1,47
6346,2022-08-12,2022-08-12,1.0,Heavy Rains & Floods,Maharashtra,1.0,0.0,2022.0,8.0,12.0,3.0,4.0,32,Monsoon,1.0,1,1011,1382,Low,0,1,47
6347,2022-08-16,2022-08-17,2.0,Heavy Rains & Floods,Maharashtra,2.0,0.0,2022.0,8.0,16.0,3.0,1.0,33,Monsoon,2.0,1,1011,1382,Low,0,1,47
6348,2022-08-17,2022-08-17,1.0,Heavy Rains & Floods,Maharashtra,2.0,0.0,2022.0,8.0,17.0,3.0,2.0,33,Monsoon,1.0,1,1011,1382,Low,0,1,47
6349,2022-08-20,2022-08-20,1.0,Heavy Rains,Maharashtra,0.0,1.0,2022.0,8.0,20.0,3.0,5.0,33,Monsoon,1.0,1,1011,1382,No Fatality,0,1,47
6350,2022-09-04,2022-09-05,2.0,Heavy Rains,Maharashtra,0.0,0.0,2022.0,9.0,4.0,3.0,6.0,35,Monsoon,2.0,1,1011,938,No Fatality,0,1,47
6351,2022-09-04,2022-09-05,2.0,Heavy Rains,Maharashtra,0.0,0.0,2022.0,9.0,4.0,3.0,6.0,35,Monsoon,2.0,1,1011,938,No Fatality,0,1,47
6352,2022-09-06,2022-09-06,1.0,Heavy Rains & Floods,Maharashtra,0.0,0.0,2022.0,9.0,6.0,3.0,1.0,36,Monsoon,1.0,1,1011,938,No Fatality,0,1,47
6353,2022-09-11,2022-09-11,1.0,Heavy Rains,Maharashtra,0.0,0.0,2022.0,9.0,11.0,3.0,6.0,36,Monsoon,1.0,1,1011,938,No Fatality,0,1,47
6354,2022-09-11,2022-09-14,4.0,Heavy Rains & Floods,Maharashtra,2.0,0.0,2022.0,9.0,11.0,3.0,6.0,36,Monsoon,4.0,1,1011,938,Low,0,1,47
6355,2022-09-11,2022-09-14,4.0,Heavy Rains & Floods,Maharashtra,2.0,0.0,2022.0,9.0,11.0,3.0,6.0,36,Monsoon,4.0,1,1011,938,Low,0,1,47
6356,2022-09-11,2022-09-14,4.0,Heavy Rains & Floods,Maharashtra,1.0,0.0,2022.0,9.0,11.0,3.0,6.0,36,Monsoon,4.0,1,1011,938,Low,0,1,47
6357,2022-09-11,2022-09-14,4.0,Heavy Rains & Floods,Maharashtra,0.0,0.0,2022.0,9.0,11.0,3.0,6.0,36,Monsoon,4.0,1,1011,938,No Fatality,0,1,47
6358,2022-09-11,2022-09-14,4.0,Heavy Rains & Floods,Maharashtra,2.0,0.0,2022.0,9.0,11.0,3.0,6.0,36,Monsoon,4.0,1,1011,938,Low,0,1,47
6359,2022-09-11,2022-09-14,4.0,Heavy Rains & Floods,Maharashtra,0.0,0.0,2022.0,9.0,11.0,3.0,6.0,36,Monsoon,4.0,1,1011,938,No Fatality,0,1,47
6360,2022-09-11,2022-09-14,4.0,Heavy Rains & Floods,Maharashtra,0.0,0.0,2022.0,9.0,11.0,3.0,6.0,36,Monsoon,4.0,1,1011,938,No Fatality,0,1,47
6361,2022-09-11,2022-09-14,4.0,Heavy Rains & Floods,Maharashtra,0.0,3.0,2022.0,9.0,11.0,3.0,6.0,36,Monsoon,4.0,1,1011,938,No Fatality,0,1,47
6362,2022-09-11,2022-09-14,4.0,Heavy Rains & Floods,Maharashtra,0.0,3.0,2022.0,9.0,11.0,3.0,6.0,36,Monsoon,4.0,1,1011,938,No Fatality,0,1,47
6363,2022-09-11,2022-09-14,4.0,Heavy Rains & Floods,Maharashtra,2.0,4.0,2022.0,9.0,11.0,3.0,6.0,36,Monsoon,4.0,1,1011,938,Low,0,1,47
6364,2022-09-11,2022-09-14,4.0,Heavy Rains & Floods,Maharashtra,1.0,0.0,2022.0,9.0,11.0,3.0,6.0,36,Monsoon,4.0,1,1011,938,Low,0,1,47
6365,2022-09-11,2022-09-14,4.0,Heavy Rains & Floods,Maharashtra,0.0,0.0,2022.0,9.0,11.0,3.0,6.0,36,Monsoon,4.0,1,1011,938,No Fatality,0,1,47
6366,2022-09-11,2022-09-14,4.0,Heavy Rains & Floods,Maharashtra,4.0,0.0,2022.0,9.0,11.0,3.0,6.0,36,Monsoon,4.0,1,1011,938,Low,0,1,47
6367,2022-09-16,2022-09-16,1.0,Heavy Rains & Floods,Maharashtra,1.0,0.0,2022.0,9.0,16.0,3.0,4.0,37,Monsoon,1.0,1,1011,938,Low,0,1,47
6368,2022-09-20,2022-09-21,2.0,Heavy Rains & Floods,Maharashtra,0.0,0.0,2022.0,9.0,20.0,3.0,1.0,38,Monsoon,2.0,1,1011,938,No Fatality,0,1,47
6369,2022-09-20,2022-09-21,2.0,Heavy Rains & Floods,Maharashtra,0.0,3.0,2022.0,9.0,20.0,3.0,1.0,38,Monsoon,2.0,1,1011,938,No Fatality,0,1,47
6370,2022-09-20,2022-09-21,2.0,Heavy Rains & Floods,Maharashtra,2.0,0.0,2022.0,9.0,20.0,3.0,1.0,38,Monsoon,2.0,1,1011,938,Low,0,1,47
6371,2022-09-24,2022-09-24,1.0,Heavy Rains & Floods,Maharashtra,1.0,0.0,2022.0,9.0,24.0,3.0,5.0,38,Monsoon,1.0,1,1011,938,Low,0,1,47
6372,2022-10-05,2022-10-05,1.0,Heavy Rains,Maharashtra,0.0,0.0,2022.0,10.0,5.0,4.0,2.0,40,Post-Monsoon,1.0,1,1011,501,No Fatality,0,0,47
6373,2022-10-05,2022-10-05,1.0,Heavy Rains,Maharashtra,1.0,0.0,2022.0,10.0,5.0,4.0,2.0,40,Post-Monsoon,1.0,1,1011,501,Low,0,0,47
6374,2022-10-06,2022-10-08,3.0,Heavy Rains,Maharashtra,0.0,0.0,2022.0,10.0,6.0,4.0,3.0,40,Post-Monsoon,3.0,1,1011,501,No Fatality,0,0,47
6375,2022-10-06,2022-10-08,3.0,Heavy Rains,Maharashtra,0.0,0.0,2022.0,10.0,6.0,4.0,3.0,40,Post-Monsoon,3.0,1,1011,501,No Fatality,0,0,47
6376,2022-10-10,2022-10-14,3.0,Heavy Rains,Maharashtra,0.0,0.0,2022.0,10.0,10.0,4.0,0.0,41,Post-Monsoon,5.0,1,1011,501,No Fatality,0,0,47
6377,2022-10-17,2022-10-19,3.0,Heavy Rains,Maharashtra,0.0,0.0,2022.0,10.0,17.0,4.0,0.0,42,Post-Monsoon,3.0,1,1011,501,No Fatality,0,0,47
6378,2022-10-17,2022-10-19,3.0,Heavy Rains,Maharashtra,0.0,0.0,2022.0,10.0,17.0,4.0,0.0,42,Post-Monsoon,3.0,1,1011,501,No Fatality,0,0,47
6379,2022-10-17,2022-10-19,3.0,Heavy Rains,Maharashtra,0.0,0.0,2022.0,10.0,17.0,4.0,0.0,42,Post-Monsoon,3.0,1,1011,501,No Fatality,0,0,47
6380,2022-10-17,2022-10-19,3.0,Heavy Rains,Maharashtra,0.0,0.0,2022.0,10.0,17.0,4.0,0.0,42,Post-Monsoon,3.0,1,1011,501,No Fatality,0,0,47
6381,2022-10-17,2022-10-19,3.0,Heavy Rains,Maharashtra,0.0,0.0,2022.0,10.0,17.0,4.0,0.0,42,Post-Monsoon,3.0,1,1011,501,No Fatality,0,0,47
6382,2022-10-17,2022-10-19,3.0,Heavy Rains,Maharashtra,0.0,0.0,2022.0,10.0,17.0,4.0,0.0,42,Post-Monsoon,3.0,1,1011,501,No Fatality,0,0,47
6383,2022-10-17,2022-10-19,3.0,Heavy Rains,Maharashtra,0.0,0.0,2022.0,10.0,17.0,4.0,0.0,42,Post-Monsoon,3.0,1,1011,501,No Fatality,0,0,47
6384,2022-10-17,2022-10-19,3.0,Heavy Rains,Maharashtra,0.0,0.0,2022.0,10.0,17.0,4.0,0.0,42,Post-Monsoon,3.0,1,1011,501,No Fatality,0,0,47
6385,2022-10-17,2022-10-19,3.0,Heavy Rains,Maharashtra,0.0,0.0,2022.0,10.0,17.0,4.0,0.0,42,Post-Monsoon,3.0,1,1011,501,No Fatality,0,0,47
6386,2022-10-17,2022-10-19,3.0,Heavy Rains,Maharashtra,0.0,0.0,2022.0,10.0,17.0,4.0,0.0,42,Post-Monsoon,3.0,1,1011,501,No Fatality,0,0,47
6387,2022-10-17,2022-10-19,3.0,Heavy Rains,Maharashtra,0.0,0.0,2022.0,10.0,17.0,4.0,0.0,42,Post-Monsoon,3.0,1,1011,501,No Fatality,0,0,47
6388,2022-10-17,2022-10-19,3.0,Heavy Rains,Maharashtra,2.0,1.0,2022.0,10.0,17.0,4.0,0.0,42,Post-Monsoon,3.0,1,1011,501,Low,0,0,47
6389,2022-10-17,2022-10-19,3.0,Heavy Rains,Maharashtra,0.0,0.0,2022.0,10.0,17.0,4.0,0.0,42,Post-Monsoon,3.0,1,1011,501,No Fatality,0,0,47
6390,2022-10-17,2022-10-19,3.0,Heavy Rains,Maharashtra,0.0,0.0,2022.0,10.0,17.0,4.0,0.0,42,Post-Monsoon,3.0,1,1011,501,No Fatality,0,0,47
6391,2022-10-20,2022-10-20,1.0,Heavy Rains & Floods,Maharashtra,0.0,0.0,2022.0,10.0,20.0,4.0,3.0,42,Post-Monsoon,1.0,1,1011,501,No Fatality,0,0,47
6392,2022-10-20,2022-10-20,1.0,Heavy Rains & Floods,Maharashtra,3.0,0.0,2022.0,10.0,20.0,4.0,3.0,42,Post-Monsoon,1.0,1,1011,501,Low,0,0,47
6393,2022-10-20,2022-10-20,1.0,Heavy Rains & Floods,Maharashtra,0.0,0.0,2022.0,10.0,20.0,4.0,3.0,42,Post-Monsoon,1.0,1,1011,501,No Fatality,0,0,47
6394,2022-10-20,2022-10-20,1.0,Heavy Rains & Floods,Maharashtra,0.0,0.0,2022.0,10.0,20.0,4.0,3.0,42,Post-Monsoon,1.0,1,1011,501,No Fatality,0,0,47
6395,2022-05-11,2022-05-15,5.0,Heavy Rains & Floods (Jiri River),Manipur,0.0,0.0,2022.0,5.0,11.0,2.0,2.0,19,Summer,5.0,1,20,479,No Fatality,0,0,50
6396,2022-06-30,2022-06-30,1.0,Massive Landslide,Manipur,56.0,18.0,2022.0,6.0,30.0,2.0,3.0,26,Monsoon,1.0,1,20,1071,High,1,1,50
6397,2022-04-04,2022-04-04,1.0,Landslide,Meghalaya,2.0,1.0,2022.0,4.0,4.0,2.0,0.0,14,Summer,1.0,1,57,171,Low,0,0,51
6398,2022-05-14,2022-05-14,1.0,Heavy Rains & Floods,Meghalaya,1.0,1.0,2022.0,5.0,14.0,2.0,5.0,19,Summer,1.0,1,57,479,Low,0,0,51
6399,2022-05-16,2022-05-16,1.0,Landslide,Meghalaya,1.0,0.0,2022.0,5.0,16.0,2.0,0.0,20,Summer,1.0,1,57,479,Low,0,0,51
6400,2022-05-16,2022-05-16,1.0,"Heavy Rains, Floods ",Meghalaya,1.0,0.0,2022.0,5.0,16.0,2.0,0.0,20,Summer,1.0,1,57,479,Low,0,0,51
6401,2022-05-19,2022-05-19,1.0,Heavy Rains,Meghalaya,1.0,0.0,2022.0,5.0,19.0,2.0,3.0,20,Summer,1.0,1,57,479,Low,0,0,51
6402,2022-06-09,2022-06-09,1.0,"Heavy Rains, Floods (Bugi River) & Landslide",Meghalaya,0.0,0.0,2022.0,6.0,9.0,2.0,3.0,23,Monsoon,1.0,1,57,1071,No Fatality,0,1,51
6403,2022-06-09,2022-06-09,1.0,"Heavy Rains, Floods (Bugi River) & Landslide",Meghalaya,0.0,0.0,2022.0,6.0,9.0,2.0,3.0,23,Monsoon,1.0,1,57,1071,No Fatality,0,1,51
6404,2022-06-09,2022-06-09,1.0,Landslide,Meghalaya,4.0,0.0,2022.0,6.0,9.0,2.0,3.0,23,Monsoon,1.0,1,57,1071,Low,0,1,51
6405,2022-06-09,2022-06-09,1.0,Landslide,Meghalaya,0.0,0.0,2022.0,6.0,9.0,2.0,3.0,23,Monsoon,1.0,1,57,1071,No Fatality,0,1,51
6406,2022-06-16,2022-06-16,1.0,Landslide,Meghalaya,0.0,0.0,2022.0,6.0,16.0,2.0,3.0,24,Monsoon,1.0,1,57,1071,No Fatality,0,1,51
6407,2022-06-16,2022-06-16,1.0,Landslide,Meghalaya,4.0,0.0,2022.0,6.0,16.0,2.0,3.0,24,Monsoon,1.0,1,57,1071,Low,0,1,51
6408,2022-06-16,2022-06-16,1.0,Landslide,Meghalaya,1.0,0.0,2022.0,6.0,16.0,2.0,3.0,24,Monsoon,1.0,1,57,1071,Low,0,1,51
6409,2022-05-13,2022-05-15,3.0,"Heavy Rains, Floods & Landslides",Nagaland,0.0,0.0,2022.0,5.0,13.0,2.0,4.0,19,Summer,3.0,1,18,479,No Fatality,0,0,53
6410,2022-05-13,2022-05-15,3.0,"Heavy Rains, Floods & Landslides",Nagaland,0.0,0.0,2022.0,5.0,13.0,2.0,4.0,19,Summer,3.0,1,18,479,No Fatality,0,0,53
6411,2022-05-13,2022-05-15,3.0,"Heavy Rains, Floods & Landslides",Nagaland,0.0,0.0,2022.0,5.0,13.0,2.0,4.0,19,Summer,3.0,1,18,479,No Fatality,0,0,53
6412,2022-05-13,2022-05-15,3.0,"Heavy Rains, Floods & Landslides",Nagaland,0.0,0.0,2022.0,5.0,13.0,2.0,4.0,19,Summer,3.0,1,18,479,No Fatality,0,0,53
6413,2022-05-23,2022-05-23,1.0,Heavy Rains,Nagaland,1.0,0.0,2022.0,5.0,23.0,2.0,0.0,21,Summer,1.0,1,18,479,Low,0,0,53
6414,2022-05-23,2022-05-23,1.0,Heavy Rains,Nagaland,1.0,0.0,2022.0,5.0,23.0,2.0,0.0,21,Summer,1.0,1,18,479,Low,0,0,53
6415,2022-05-23,2022-05-23,1.0,Heavy Rains,Nagaland,1.0,0.0,2022.0,5.0,23.0,2.0,0.0,21,Summer,1.0,1,18,479,Low,0,0,53
6416,2022-07-13,2022-07-13,1.0,Landslide,Odisha,0.0,0.0,2022.0,7.0,13.0,3.0,2.0,28,Monsoon,1.0,1,144,1709,No Fatality,0,1,55
6417,2022-08-13,2022-08-14,2.0,Heavy Rains & Floods,Odisha,0.0,0.0,2022.0,8.0,13.0,3.0,5.0,32,Monsoon,2.0,1,144,1382,No Fatality,0,1,55
6418,2022-08-13,2022-08-14,2.0,Heavy Rains & Floods,Odisha,0.0,2.0,2022.0,8.0,13.0,3.0,5.0,32,Monsoon,2.0,1,144,1382,No Fatality,0,1,55
6419,2022-08-13,2022-08-14,2.0,Heavy Rains & Floods,Odisha,1.0,0.0,2022.0,8.0,13.0,3.0,5.0,32,Monsoon,2.0,1,144,1382,Low,0,1,55
6420,2022-08-17,2022-08-17,1.0,Landslide,Odisha,2.0,0.0,2022.0,8.0,17.0,3.0,2.0,33,Monsoon,1.0,1,144,1382,Low,0,1,55
6421,2022-08-19,2022-08-19,1.0,Heavy Rains,Odisha,1.0,2.0,2022.0,8.0,19.0,3.0,4.0,33,Monsoon,1.0,1,144,1382,Low,0,1,55
6422,2022-08-19,2022-08-19,1.0,Heavy Rains,Odisha,1.0,1.0,2022.0,8.0,19.0,3.0,4.0,33,Monsoon,1.0,1,144,1382,Low,0,1,55
6423,2022-08-19,2022-08-19,1.0,Heavy Rains,Odisha,1.0,0.0,2022.0,8.0,19.0,3.0,4.0,33,Monsoon,1.0,1,144,1382,Low,0,1,55
6424,2022-08-19,2022-08-19,1.0,Heavy Rains,Odisha,2.0,2.0,2022.0,8.0,19.0,3.0,4.0,33,Monsoon,1.0,1,144,1382,Low,0,1,55
6425,2022-08-21,2022-08-21,1.0,Heavy Rains,Odisha,2.0,0.0,2022.0,8.0,21.0,3.0,6.0,33,Monsoon,1.0,1,144,1382,Low,0,1,55
6426,2022-08-22,2022-08-22,1.0,Heavy Rains,Odisha,2.0,0.0,2022.0,8.0,22.0,3.0,0.0,34,Monsoon,1.0,1,144,1382,Low,0,1,55
6427,2022-06-19,2022-06-19,1.0,Heavy rains,Punjab,3.0,0.0,2022.0,6.0,19.0,2.0,6.0,24,Monsoon,1.0,1,171,1071,Low,0,1,61
6428,2022-06-19,2022-06-19,1.0,Heavy rains,Punjab,0.0,0.0,2022.0,6.0,19.0,2.0,6.0,24,Monsoon,1.0,1,171,1071,No Fatality,0,1,61
6429,2022-06-19,2022-06-19,1.0,Heavy rains,Punjab,0.0,0.0,2022.0,6.0,19.0,2.0,6.0,24,Monsoon,1.0,1,171,1071,No Fatality,0,1,61
6430,2022-09-24,2022-09-25,2.0,Heavy rains,Punjab,0.0,0.0,2022.0,9.0,24.0,3.0,5.0,38,Monsoon,2.0,1,171,938,No Fatality,0,1,61
6431,2022-09-24,2022-09-25,2.0,Heavy rains,Punjab,0.0,0.0,2022.0,9.0,24.0,3.0,5.0,38,Monsoon,2.0,1,171,938,No Fatality,0,1,61
6432,2022-09-24,2022-09-25,2.0,Heavy rains,Punjab,0.0,0.0,2022.0,9.0,24.0,3.0,5.0,38,Monsoon,2.0,1,171,938,No Fatality,0,1,61
6433,2022-09-24,2022-09-25,2.0,Heavy rains,Punjab,0.0,0.0,2022.0,9.0,24.0,3.0,5.0,38,Monsoon,2.0,1,171,938,No Fatality,0,1,61
6434,2022-09-24,2022-09-25,2.0,Heavy rains,Punjab,0.0,0.0,2022.0,9.0,24.0,3.0,5.0,38,Monsoon,2.0,1,171,938,No Fatality,0,1,61
6435,2022-09-24,2022-09-25,2.0,Heavy rains,Punjab,0.0,0.0,2022.0,9.0,24.0,3.0,5.0,38,Monsoon,2.0,1,171,938,No Fatality,0,1,61
6436,2022-09-24,2022-09-25,2.0,Heavy rains,Punjab,0.0,0.0,2022.0,9.0,24.0,3.0,5.0,38,Monsoon,2.0,1,171,938,No Fatality,0,1,61
6437,2022-09-24,2022-09-25,2.0,Heavy rains,Punjab,0.0,0.0,2022.0,9.0,24.0,3.0,5.0,38,Monsoon,2.0,1,171,938,No Fatality,0,1,61
6438,2022-09-24,2022-09-25,2.0,Heavy rains,Punjab,0.0,0.0,2022.0,9.0,24.0,3.0,5.0,38,Monsoon,2.0,1,171,938,No Fatality,0,1,61
6439,2022-09-24,2022-09-25,2.0,Heavy rains,Punjab,0.0,0.0,2022.0,9.0,24.0,3.0,5.0,38,Monsoon,2.0,1,171,938,No Fatality,0,1,61
6440,2022-09-24,2022-09-25,2.0,Heavy rains,Punjab,0.0,0.0,2022.0,9.0,24.0,3.0,5.0,38,Monsoon,2.0,1,171,938,No Fatality,0,1,61
6441,2022-09-24,2022-09-25,2.0,Heavy rains,Punjab,0.0,0.0,2022.0,9.0,24.0,3.0,5.0,38,Monsoon,2.0,1,171,938,No Fatality,0,1,61
6442,2022-09-24,2022-09-25,2.0,Heavy rains,Punjab,0.0,0.0,2022.0,9.0,24.0,3.0,5.0,38,Monsoon,2.0,1,171,938,No Fatality,0,1,61
6443,2022-09-24,2022-09-25,2.0,Heavy rains,Punjab,0.0,0.0,2022.0,9.0,24.0,3.0,5.0,38,Monsoon,2.0,1,171,938,No Fatality,0,1,61
6444,2022-07-02,2022-07-02,1.0,Heavy rains,Rajasthan,2.0,0.0,2022.0,7.0,2.0,3.0,5.0,26,Monsoon,1.0,1,259,1709,Low,0,1,62
6445,2022-07-08,2022-07-08,1.0,Heavy rains & Flood,Rajasthan,2.0,0.0,2022.0,7.0,8.0,3.0,4.0,27,Monsoon,1.0,1,259,1709,Low,0,1,62
6446,2022-07-08,2022-07-08,1.0,Heavy rains & Flood,Rajasthan,2.0,0.0,2022.0,7.0,8.0,3.0,4.0,27,Monsoon,1.0,1,259,1709,Low,0,1,62
6447,2022-07-13,2022-07-13,1.0,Heavy rains,Rajasthan,1.0,0.0,2022.0,7.0,13.0,3.0,2.0,28,Monsoon,1.0,1,259,1709,Low,0,1,62
6448,2022-07-14,2022-07-17,4.0,Heavy rains & Flood,Rajasthan,5.0,0.0,2022.0,7.0,14.0,3.0,3.0,28,Monsoon,4.0,1,259,1709,Low,0,1,62
6449,2022-07-18,2022-07-18,1.0,Heavy rains & Flood,Rajasthan,1.0,0.0,2022.0,7.0,18.0,3.0,0.0,29,Monsoon,1.0,1,259,1709,Low,0,1,62
6450,2022-07-19,2022-07-19,1.0,Heavy rains & Flood (Mahi Erav river),Rajasthan,2.0,0.0,2022.0,7.0,19.0,3.0,1.0,29,Monsoon,1.0,1,259,1709,Low,0,1,62
6451,2022-07-20,2022-07-20,1.0,Heavy rains & Flood,Rajasthan,1.0,0.0,2022.0,7.0,20.0,3.0,2.0,29,Monsoon,1.0,1,259,1709,Low,0,1,62
6452,2022-07-20,2022-07-20,1.0,Heavy rains & Flood,Rajasthan,1.0,0.0,2022.0,7.0,20.0,3.0,2.0,29,Monsoon,1.0,1,259,1709,Low,0,1,62
6453,2022-07-24,2022-07-24,1.0,Heavy rains & Flood,Rajasthan,1.0,0.0,2022.0,7.0,24.0,3.0,6.0,29,Monsoon,1.0,1,259,1709,Low,0,1,62
6454,2022-07-25,2022-07-25,1.0,Heavy rains & Flood,Rajasthan,2.0,0.0,2022.0,7.0,25.0,3.0,0.0,30,Monsoon,1.0,1,259,1709,Low,0,1,62
6455,2022-07-25,2022-07-25,1.0,Heavy rains & Flood,Rajasthan,5.0,0.0,2022.0,7.0,25.0,3.0,0.0,30,Monsoon,1.0,1,259,1709,Low,0,1,62
6456,2022-07-26,2022-07-27,2.0,Heavy rains & Flood,Rajasthan,10.0,0.0,2022.0,7.0,26.0,3.0,1.0,30,Monsoon,2.0,1,259,1709,Low,0,1,62
6457,2022-07-28,2022-07-28,1.0,Heavy rains,Rajasthan,3.0,0.0,2022.0,7.0,28.0,3.0,3.0,30,Monsoon,1.0,1,259,1709,Low,0,1,62
6458,2022-08-01,2022-08-01,1.0,Heavy rains,Rajasthan,1.0,0.0,2022.0,8.0,1.0,3.0,0.0,31,Monsoon,1.0,1,259,1382,Low,0,1,62
6459,2022-08-08,2022-08-08,1.0,Heavy rains & Flood,Rajasthan,1.0,0.0,2022.0,8.0,8.0,3.0,0.0,32,Monsoon,1.0,1,259,1382,Low,0,1,62
6460,2022-08-10,2022-08-10,1.0,Heavy rains,Rajasthan,1.0,0.0,2022.0,8.0,10.0,3.0,2.0,32,Monsoon,1.0,1,259,1382,Low,0,1,62
6461,2022-08-16,2022-08-16,1.0,Heavy rains,Rajasthan,1.0,0.0,2022.0,8.0,16.0,3.0,1.0,33,Monsoon,1.0,1,259,1382,Low,0,1,62
6462,2022-08-20,2022-08-20,1.0,Heavy rains,Rajasthan,1.0,0.0,2022.0,8.0,20.0,3.0,5.0,33,Monsoon,1.0,1,259,1382,Low,0,1,62
6463,2022-08-22,2022-08-22,1.0,Heavy rains & Flood,Rajasthan,1.0,0.0,2022.0,8.0,22.0,3.0,0.0,34,Monsoon,1.0,1,259,1382,Low,0,1,62
6464,2022-08-22,2022-08-22,1.0,Heavy rains & Flood,Rajasthan,1.0,0.0,2022.0,8.0,22.0,3.0,0.0,34,Monsoon,1.0,1,259,1382,Low,0,1,62
6465,2022-08-22,2022-08-22,1.0,Heavy rains & Flood,Rajasthan,0.0,0.0,2022.0,8.0,22.0,3.0,0.0,34,Monsoon,1.0,1,259,1382,No Fatality,0,1,62
6466,2022-08-22,2022-08-22,1.0,Heavy rains & Flood,Rajasthan,0.0,0.0,2022.0,8.0,22.0,3.0,0.0,34,Monsoon,1.0,1,259,1382,No Fatality,0,1,62
6467,2022-08-22,2022-08-22,1.0,Heavy rains & Flood,Rajasthan,0.0,0.0,2022.0,8.0,22.0,3.0,0.0,34,Monsoon,1.0,1,259,1382,No Fatality,0,1,62
6468,2022-08-22,2022-08-22,1.0,Heavy rains & Flood,Rajasthan,2.0,0.0,2022.0,8.0,22.0,3.0,0.0,34,Monsoon,1.0,1,259,1382,Low,0,1,62
6469,2022-08-23,2022-08-23,1.0,Heavy rain,Rajasthan,0.0,4.0,2022.0,8.0,23.0,3.0,1.0,34,Monsoon,1.0,1,259,1382,No Fatality,0,1,62
6470,2022-09-15,2022-09-15,1.0,Heavy Rains,Rajasthan,1.0,0.0,2022.0,9.0,15.0,3.0,3.0,37,Monsoon,1.0,1,259,938,Low,0,1,62
6471,2022-01-01,2022-12-31,365.0,Floods,Rajasthan,0.0,0.0,2022.0,1.0,1.0,1.0,5.0,52,Winter,365.0,1,259,108,No Fatality,0,0,62
6472,2022-05-04,2022-05-04,1.0,Landslide,Sikkim,1.0,0.0,2022.0,5.0,4.0,2.0,2.0,18,Summer,1.0,1,64,479,Low,0,0,65
6473,2022-05-11,2022-05-12,2.0,Heavy Rains,Sikkim,0.0,0.0,2022.0,5.0,11.0,2.0,2.0,19,Summer,2.0,1,64,479,No Fatality,0,0,65
6474,2022-05-11,2022-05-12,2.0,Heavy Rains,Sikkim,0.0,0.0,2022.0,5.0,11.0,2.0,2.0,19,Summer,2.0,1,64,479,No Fatality,0,0,65
6475,2022-05-18,2022-05-18,1.0,Heavy Rains,Sikkim,0.0,0.0,2022.0,5.0,18.0,2.0,2.0,20,Summer,1.0,1,64,479,No Fatality,0,0,65
6476,2022-05-18,2022-05-18,1.0,Landslide,Sikkim,1.0,0.0,2022.0,5.0,18.0,2.0,2.0,20,Summer,1.0,1,64,479,Low,0,0,65
6477,2022-06-14,2022-06-14,1.0,Landslide,Sikkim,1.0,7.0,2022.0,6.0,14.0,2.0,1.0,24,Monsoon,1.0,1,64,1071,Low,0,1,65
6478,2022-06-15,2022-06-17,3.0,Heavy Rains & Floods,Sikkim,0.0,0.0,2022.0,6.0,15.0,2.0,2.0,24,Monsoon,3.0,1,64,1071,No Fatality,0,1,65
6479,2022-06-16,2022-06-16,1.0,Landslide,Sikkim,1.0,3.0,2022.0,6.0,16.0,2.0,3.0,24,Monsoon,1.0,1,64,1071,Low,0,1,65
6480,2022-06-28,2022-06-28,1.0,Landslide,Sikkim,3.0,0.0,2022.0,6.0,28.0,2.0,1.0,26,Monsoon,1.0,1,64,1071,Low,0,1,65
6481,2022-10-21,2022-10-21,1.0,Heavy Rains & Floods,Tamil Nadu,1.0,0.0,2022.0,10.0,21.0,4.0,4.0,42,Post-Monsoon,1.0,1,188,501,Low,0,0,66
6482,2022-11-01,2022-11-01,1.0,Heavy Rains,Tamil Nadu,2.0,0.0,2022.0,11.0,1.0,4.0,1.0,44,Post-Monsoon,1.0,1,188,194,Low,0,0,66
6483,2022-11-01,2022-11-01,1.0,Heavy Rains,Tamil Nadu,0.0,0.0,2022.0,11.0,1.0,4.0,1.0,44,Post-Monsoon,1.0,1,188,194,No Fatality,0,0,66
6484,2022-11-01,2022-11-01,1.0,Heavy Rains,Tamil Nadu,0.0,0.0,2022.0,11.0,1.0,4.0,1.0,44,Post-Monsoon,1.0,1,188,194,No Fatality,0,0,66
6485,2022-06-16,2022-06-17,2.0,Heavy Rains,Telangana,0.0,0.0,2022.0,6.0,16.0,2.0,3.0,24,Monsoon,2.0,1,148,1071,No Fatality,0,1,67
6486,2022-06-16,2022-06-17,2.0,Heavy Rains,Telangana,0.0,0.0,2022.0,6.0,16.0,2.0,3.0,24,Monsoon,2.0,1,148,1071,No Fatality,0,1,67
6487,2022-06-16,2022-06-17,2.0,Heavy Rains,Telangana,0.0,0.0,2022.0,6.0,16.0,2.0,3.0,24,Monsoon,2.0,1,148,1071,No Fatality,0,1,67
6488,2022-06-16,2022-06-17,2.0,Heavy Rains,Telangana,0.0,0.0,2022.0,6.0,16.0,2.0,3.0,24,Monsoon,2.0,1,148,1071,No Fatality,0,1,67
6489,2022-06-16,2022-06-17,2.0,Heavy Rains,Telangana,0.0,0.0,2022.0,6.0,16.0,2.0,3.0,24,Monsoon,2.0,1,148,1071,No Fatality,0,1,67
6490,2022-06-16,2022-06-17,2.0,Heavy Rains,Telangana,0.0,0.0,2022.0,6.0,16.0,2.0,3.0,24,Monsoon,2.0,1,148,1071,No Fatality,0,1,67
6491,2022-06-16,2022-06-17,2.0,Heavy Rains,Telangana,0.0,0.0,2022.0,6.0,16.0,2.0,3.0,24,Monsoon,2.0,1,148,1071,No Fatality,0,1,67
6492,2022-06-19,2022-06-20,2.0,Heavy Rains,Telangana,1.0,0.0,2022.0,6.0,19.0,2.0,6.0,24,Monsoon,2.0,1,148,1071,Low,0,1,67
6493,2022-06-19,2022-06-20,2.0,Heavy Rains,Telangana,0.0,0.0,2022.0,6.0,19.0,2.0,6.0,24,Monsoon,2.0,1,148,1071,No Fatality,0,1,67
6494,2022-06-19,2022-06-20,2.0,Heavy Rains,Telangana,0.0,0.0,2022.0,6.0,19.0,2.0,6.0,24,Monsoon,2.0,1,148,1071,No Fatality,0,1,67
6495,2022-06-19,2022-06-20,2.0,Heavy Rains,Telangana,0.0,0.0,2022.0,6.0,19.0,2.0,6.0,24,Monsoon,2.0,1,148,1071,No Fatality,0,1,67
6496,2022-06-19,2022-06-20,2.0,Heavy Rains,Telangana,1.0,0.0,2022.0,6.0,19.0,2.0,6.0,24,Monsoon,2.0,1,148,1071,Low,0,1,67
6497,2022-06-19,2022-06-20,2.0,Heavy Rains,Telangana,0.0,0.0,2022.0,6.0,19.0,2.0,6.0,24,Monsoon,2.0,1,148,1071,No Fatality,0,1,67
6498,2022-06-19,2022-06-20,2.0,Heavy Rains,Telangana,0.0,0.0,2022.0,6.0,19.0,2.0,6.0,24,Monsoon,2.0,1,148,1071,No Fatality,0,1,67
6499,2022-06-22,2022-06-22,1.0,Heavy Rains,Telangana,0.0,0.0,2022.0,6.0,22.0,2.0,2.0,25,Monsoon,1.0,1,148,1071,No Fatality,0,1,67
6500,2022-06-22,2022-06-22,1.0,Heavy Rains,Telangana,0.0,0.0,2022.0,6.0,22.0,2.0,2.0,25,Monsoon,1.0,1,148,1071,No Fatality,0,1,67
6501,2022-06-22,2022-06-22,1.0,Heavy Rains,Telangana,0.0,0.0,2022.0,6.0,22.0,2.0,2.0,25,Monsoon,1.0,1,148,1071,No Fatality,0,1,67
6502,2022-06-22,2022-06-22,1.0,Heavy Rains,Telangana,0.0,0.0,2022.0,6.0,22.0,2.0,2.0,25,Monsoon,1.0,1,148,1071,No Fatality,0,1,67
6503,2022-06-22,2022-06-22,1.0,Heavy Rains,Telangana,0.0,0.0,2022.0,6.0,22.0,2.0,2.0,25,Monsoon,1.0,1,148,1071,No Fatality,0,1,67
6504,2022-07-01,2022-07-31,31.0,Heavy Rains,Telangana,6.0,0.0,2022.0,7.0,1.0,3.0,4.0,26,Monsoon,31.0,1,148,1709,Low,0,1,67
6505,2022-07-01,2022-07-01,92.0,Heavy Rains & Floods,Telangana,0.0,0.0,2022.0,7.0,1.0,3.0,4.0,26,Monsoon,1.0,1,148,1709,No Fatality,0,1,67
6506,2022-07-04,2022-07-04,81.0,Heavy Rains,Telangana,1.0,1.0,2022.0,7.0,4.0,3.0,0.0,27,Monsoon,1.0,1,148,1709,Low,0,1,67
6507,2022-07-07,2022-07-07,1.0,Heavy Rains,Telangana,0.0,0.0,2022.0,7.0,7.0,3.0,3.0,27,Monsoon,1.0,1,148,1709,No Fatality,0,1,67
6508,2022-07-08,2022-07-08,1.0,Heavy Rains,Telangana,0.0,0.0,2022.0,7.0,8.0,3.0,4.0,27,Monsoon,1.0,1,148,1709,No Fatality,0,1,67
6509,2022-07-08,2022-07-08,1.0,Heavy Rains,Telangana,2.0,0.0,2022.0,7.0,8.0,3.0,4.0,27,Monsoon,1.0,1,148,1709,Low,0,1,67
6510,2022-07-09,2022-07-09,1.0,Heavy Rains,Telangana,0.0,0.0,2022.0,7.0,9.0,3.0,5.0,27,Monsoon,1.0,1,148,1709,No Fatality,0,1,67
6511,2022-07-09,2022-07-09,1.0,Heavy Rains,Telangana,0.0,0.0,2022.0,7.0,9.0,3.0,5.0,27,Monsoon,1.0,1,148,1709,No Fatality,0,1,67
6512,2022-07-09,2022-07-09,1.0,Heavy Rains,Telangana,0.0,0.0,2022.0,7.0,9.0,3.0,5.0,27,Monsoon,1.0,1,148,1709,No Fatality,0,1,67
6513,2022-07-09,2022-07-09,1.0,Heavy Rains,Telangana,0.0,0.0,2022.0,7.0,9.0,3.0,5.0,27,Monsoon,1.0,1,148,1709,No Fatality,0,1,67
6514,2022-07-09,2022-07-14,6.0,Heavy Rains,Telangana,0.0,0.0,2022.0,7.0,9.0,3.0,5.0,27,Monsoon,6.0,1,148,1709,No Fatality,0,1,67
6515,2022-07-09,2022-10-25,107.0,Heavy Rains & Floods,Telangana,4.0,0.0,2022.0,7.0,9.0,3.0,5.0,27,Monsoon,109.0,1,148,1709,Low,0,1,67
6516,2022-07-10,2022-07-10,1.0,Heavy Rains ,Telangana,0.0,0.0,2022.0,7.0,10.0,3.0,6.0,27,Monsoon,1.0,1,148,1709,No Fatality,0,1,67
6517,2022-07-10,2022-07-10,1.0,Heavy Rains ,Telangana,0.0,0.0,2022.0,7.0,10.0,3.0,6.0,27,Monsoon,1.0,1,148,1709,No Fatality,0,1,67
6518,2022-07-10,2022-07-10,1.0,Heavy Rains ,Telangana,0.0,0.0,2022.0,7.0,10.0,3.0,6.0,27,Monsoon,1.0,1,148,1709,No Fatality,0,1,67
6519,2022-07-10,2022-07-10,1.0,Heavy Rains ,Telangana,0.0,0.0,2022.0,7.0,10.0,3.0,6.0,27,Monsoon,1.0,1,148,1709,No Fatality,0,1,67
6520,2022-07-10,2022-07-10,1.0,Heavy Rains ,Telangana,0.0,0.0,2022.0,7.0,10.0,3.0,6.0,27,Monsoon,1.0,1,148,1709,No Fatality,0,1,67
6521,2022-07-10,2022-07-10,1.0,Heavy Rains ,Telangana,0.0,0.0,2022.0,7.0,10.0,3.0,6.0,27,Monsoon,1.0,1,148,1709,No Fatality,0,1,67
6522,2022-07-11,2022-07-11,1.0,Heavy Rains & Floods,Telangana,0.0,0.0,2022.0,7.0,11.0,3.0,0.0,28,Monsoon,1.0,1,148,1709,No Fatality,0,1,67
6523,2022-07-11,2022-07-11,1.0,Heavy Rains & Floods,Telangana,0.0,0.0,2022.0,7.0,11.0,3.0,0.0,28,Monsoon,1.0,1,148,1709,No Fatality,0,1,67
6524,2022-07-11,2022-07-11,1.0,Heavy Rains & Floods,Telangana,0.0,0.0,2022.0,7.0,11.0,3.0,0.0,28,Monsoon,1.0,1,148,1709,No Fatality,0,1,67
6525,2022-07-11,2022-07-11,1.0,Heavy Rains & Floods,Telangana,0.0,0.0,2022.0,7.0,11.0,3.0,0.0,28,Monsoon,1.0,1,148,1709,No Fatality,0,1,67
6526,2022-07-12,2022-07-12,1.0,Heavy Rains & Floods,Telangana,0.0,0.0,2022.0,7.0,12.0,3.0,1.0,28,Monsoon,1.0,1,148,1709,No Fatality,0,1,67
6527,2022-07-12,2022-07-12,1.0,Heavy Rains & Floods,Telangana,1.0,0.0,2022.0,7.0,12.0,3.0,1.0,28,Monsoon,1.0,1,148,1709,Low,0,1,67
6528,2022-07-12,2022-07-12,1.0,Heavy Rains & Floods,Telangana,0.0,0.0,2022.0,7.0,12.0,3.0,1.0,28,Monsoon,1.0,1,148,1709,No Fatality,0,1,67
6529,2022-07-12,2022-07-12,1.0,Heavy Rains & Floods,Telangana,0.0,0.0,2022.0,7.0,12.0,3.0,1.0,28,Monsoon,1.0,1,148,1709,No Fatality,0,1,67
6530,2022-07-12,2022-07-12,1.0,Heavy Rains & Floods,Telangana,0.0,0.0,2022.0,7.0,12.0,3.0,1.0,28,Monsoon,1.0,1,148,1709,No Fatality,0,1,67
6531,2022-07-13,2022-07-13,1.0,Heavy Rains ,Telangana,0.0,0.0,2022.0,7.0,13.0,3.0,2.0,28,Monsoon,1.0,1,148,1709,No Fatality,0,1,67
6532,2022-07-13,2022-07-13,1.0,Heavy Rains ,Telangana,0.0,0.0,2022.0,7.0,13.0,3.0,2.0,28,Monsoon,1.0,1,148,1709,No Fatality,0,1,67
6533,2022-07-13,2022-07-13,1.0,Heavy Rains ,Telangana,0.0,0.0,2022.0,7.0,13.0,3.0,2.0,28,Monsoon,1.0,1,148,1709,No Fatality,0,1,67
6534,2022-07-13,2022-07-13,1.0,Heavy Rains ,Telangana,0.0,0.0,2022.0,7.0,13.0,3.0,2.0,28,Monsoon,1.0,1,148,1709,No Fatality,0,1,67
6535,2022-07-13,2022-07-13,1.0,Heavy Rains ,Telangana,0.0,0.0,2022.0,7.0,13.0,3.0,2.0,28,Monsoon,1.0,1,148,1709,No Fatality,0,1,67
6536,2022-07-13,2022-07-13,1.0,Heavy Rains ,Telangana,0.0,0.0,2022.0,7.0,13.0,3.0,2.0,28,Monsoon,1.0,1,148,1709,No Fatality,0,1,67
6537,2022-07-13,2022-07-13,1.0,Heavy Rains ,Telangana,0.0,0.0,2022.0,7.0,13.0,3.0,2.0,28,Monsoon,1.0,1,148,1709,No Fatality,0,1,67
6538,2022-07-13,2022-07-13,1.0,Heavy Rains ,Telangana,0.0,0.0,2022.0,7.0,13.0,3.0,2.0,28,Monsoon,1.0,1,148,1709,No Fatality,0,1,67
6539,2022-07-13,2022-07-13,1.0,Heavy Rains ,Telangana,0.0,0.0,2022.0,7.0,13.0,3.0,2.0,28,Monsoon,1.0,1,148,1709,No Fatality,0,1,67
6540,2022-07-14,2022-07-14,1.0,Heavy Rains & Floods,Telangana,2.0,0.0,2022.0,7.0,14.0,3.0,3.0,28,Monsoon,1.0,1,148,1709,Low,0,1,67
6541,2022-07-14,2022-07-14,1.0,Heavy Rains & Floods,Telangana,0.0,0.0,2022.0,7.0,14.0,3.0,3.0,28,Monsoon,1.0,1,148,1709,No Fatality,0,1,67
6542,2022-07-14,2022-07-14,1.0,Heavy Rains & Floods,Telangana,0.0,0.0,2022.0,7.0,14.0,3.0,3.0,28,Monsoon,1.0,1,148,1709,No Fatality,0,1,67
6543,2022-07-14,2022-07-14,1.0,Heavy Rains & Floods,Telangana,0.0,0.0,2022.0,7.0,14.0,3.0,3.0,28,Monsoon,1.0,1,148,1709,No Fatality,0,1,67
6544,2022-07-14,2022-07-14,1.0,Heavy Rains & Floods,Telangana,0.0,0.0,2022.0,7.0,14.0,3.0,3.0,28,Monsoon,1.0,1,148,1709,No Fatality,0,1,67
6545,2022-07-14,2022-07-14,1.0,Heavy Rains & Floods,Telangana,0.0,0.0,2022.0,7.0,14.0,3.0,3.0,28,Monsoon,1.0,1,148,1709,No Fatality,0,1,67
6546,2022-07-14,2022-07-14,1.0,Heavy Rains & Floods,Telangana,0.0,0.0,2022.0,7.0,14.0,3.0,3.0,28,Monsoon,1.0,1,148,1709,No Fatality,0,1,67
6547,2022-07-14,2022-07-14,1.0,Heavy Rains & Floods,Telangana,2.0,0.0,2022.0,7.0,14.0,3.0,3.0,28,Monsoon,1.0,1,148,1709,Low,0,1,67
6548,2022-07-15,2022-07-17,3.0,Heavy Rains & Floods,Telangana,0.0,0.0,2022.0,7.0,15.0,3.0,4.0,28,Monsoon,3.0,1,148,1709,No Fatality,0,1,67
6549,2022-07-15,2022-07-17,3.0,Heavy Rains & Floods,Telangana,0.0,0.0,2022.0,7.0,15.0,3.0,4.0,28,Monsoon,3.0,1,148,1709,No Fatality,0,1,67
6550,2022-07-15,2022-07-17,3.0,Heavy Rains & Floods,Telangana,0.0,0.0,2022.0,7.0,15.0,3.0,4.0,28,Monsoon,3.0,1,148,1709,No Fatality,0,1,67
6551,2022-07-15,2022-07-17,3.0,Heavy Rains & Floods,Telangana,0.0,0.0,2022.0,7.0,15.0,3.0,4.0,28,Monsoon,3.0,1,148,1709,No Fatality,0,1,67
6552,2022-07-15,2022-07-17,3.0,Heavy Rains & Floods,Telangana,0.0,0.0,2022.0,7.0,15.0,3.0,4.0,28,Monsoon,3.0,1,148,1709,No Fatality,0,1,67
6553,2022-07-15,2022-07-17,3.0,Heavy Rains & Floods,Telangana,0.0,0.0,2022.0,7.0,15.0,3.0,4.0,28,Monsoon,3.0,1,148,1709,No Fatality,0,1,67
6554,2022-07-15,2022-07-17,3.0,Heavy Rains & Floods,Telangana,0.0,0.0,2022.0,7.0,15.0,3.0,4.0,28,Monsoon,3.0,1,148,1709,No Fatality,0,1,67
6555,2022-07-22,2022-07-22,1.0,Heavy Rains & Floods,Telangana,2.0,1.0,2022.0,7.0,22.0,3.0,4.0,29,Monsoon,1.0,1,148,1709,Low,0,1,67
6556,2022-07-23,2022-07-29,7.0,Heavy Rains ,Telangana,0.0,0.0,2022.0,7.0,23.0,3.0,5.0,29,Monsoon,7.0,1,148,1709,No Fatality,0,1,67
6557,2022-07-23,2022-07-29,7.0,Heavy Rains ,Telangana,0.0,0.0,2022.0,7.0,23.0,3.0,5.0,29,Monsoon,7.0,1,148,1709,No Fatality,0,1,67
6558,2022-07-23,2022-07-29,7.0,Heavy Rains ,Telangana,0.0,0.0,2022.0,7.0,23.0,3.0,5.0,29,Monsoon,7.0,1,148,1709,No Fatality,0,1,67
6559,2022-07-23,2022-07-29,7.0,Heavy Rains ,Telangana,0.0,0.0,2022.0,7.0,23.0,3.0,5.0,29,Monsoon,7.0,1,148,1709,No Fatality,0,1,67
6560,2022-07-23,2022-07-29,7.0,Heavy Rains ,Telangana,0.0,0.0,2022.0,7.0,23.0,3.0,5.0,29,Monsoon,7.0,1,148,1709,No Fatality,0,1,67
6561,2022-07-23,2022-07-29,7.0,Heavy Rains ,Telangana,0.0,0.0,2022.0,7.0,23.0,3.0,5.0,29,Monsoon,7.0,1,148,1709,No Fatality,0,1,67
6562,2022-07-23,2022-07-29,7.0,Heavy Rains ,Telangana,0.0,0.0,2022.0,7.0,23.0,3.0,5.0,29,Monsoon,7.0,1,148,1709,No Fatality,0,1,67
6563,2022-08-02,2022-08-04,3.0,Heavy Rains,Telangana,0.0,0.0,2022.0,8.0,2.0,3.0,1.0,31,Monsoon,3.0,1,148,1382,No Fatality,0,1,67
6564,2022-08-02,2022-08-04,3.0,Heavy Rains,Telangana,0.0,0.0,2022.0,8.0,2.0,3.0,1.0,31,Monsoon,3.0,1,148,1382,No Fatality,0,1,67
6565,2022-08-02,2022-08-04,3.0,Heavy Rains,Telangana,0.0,0.0,2022.0,8.0,2.0,3.0,1.0,31,Monsoon,3.0,1,148,1382,No Fatality,0,1,67
6566,2022-08-02,2022-08-04,3.0,Heavy Rains,Telangana,0.0,0.0,2022.0,8.0,2.0,3.0,1.0,31,Monsoon,3.0,1,148,1382,No Fatality,0,1,67
6567,2022-08-08,2022-08-10,3.0,Heavy Rains,Telangana,0.0,0.0,2022.0,8.0,8.0,3.0,0.0,32,Monsoon,3.0,1,148,1382,No Fatality,0,1,67
6568,2022-08-08,2022-08-10,3.0,Heavy Rains,Telangana,0.0,0.0,2022.0,8.0,8.0,3.0,0.0,32,Monsoon,3.0,1,148,1382,No Fatality,0,1,67
6569,2022-08-08,2022-08-10,3.0,Heavy Rains,Telangana,0.0,0.0,2022.0,8.0,8.0,3.0,0.0,32,Monsoon,3.0,1,148,1382,No Fatality,0,1,67
6570,2022-08-08,2022-08-10,3.0,Heavy Rains,Telangana,0.0,0.0,2022.0,8.0,8.0,3.0,0.0,32,Monsoon,3.0,1,148,1382,No Fatality,0,1,67
6571,2022-08-29,2022-08-29,1.0,Heavy Rains,Telangana,0.0,0.0,2022.0,8.0,29.0,3.0,0.0,35,Monsoon,1.0,1,148,1382,No Fatality,0,1,67
6572,2022-09-10,2022-09-10,1.0,Heavy Rains ,Telangana,1.0,0.0,2022.0,9.0,10.0,3.0,5.0,36,Monsoon,1.0,1,148,938,Low,0,1,67
6573,2022-09-11,2022-09-13,3.0,Heavy Rains,Telangana,0.0,0.0,2022.0,9.0,11.0,3.0,6.0,36,Monsoon,3.0,1,148,938,No Fatality,0,1,67
6574,2022-09-11,2022-09-13,3.0,Heavy Rains,Telangana,0.0,0.0,2022.0,9.0,11.0,3.0,6.0,36,Monsoon,3.0,1,148,938,No Fatality,0,1,67
6575,2022-09-27,2022-09-29,3.0,Heavy Rains,Telangana,0.0,0.0,2022.0,9.0,27.0,3.0,1.0,39,Monsoon,3.0,1,148,938,No Fatality,0,1,67
6576,2022-09-27,2022-09-29,3.0,Heavy Rains,Telangana,0.0,0.0,2022.0,9.0,27.0,3.0,1.0,39,Monsoon,3.0,1,148,938,No Fatality,0,1,67
6577,2022-09-01,2022-09-30,30.0,Heavy Rains & Floods,Telangana,0.0,2.0,2022.0,9.0,1.0,3.0,3.0,35,Monsoon,30.0,1,148,938,No Fatality,0,1,67
6578,2022-10-07,2022-10-07,1.0,Heavy Rains ,Telangana,0.0,0.0,2022.0,10.0,7.0,4.0,4.0,40,Post-Monsoon,1.0,1,148,501,No Fatality,0,0,67
6579,2022-10-07,2022-10-07,1.0,Heavy Rains ,Telangana,0.0,0.0,2022.0,10.0,7.0,4.0,4.0,40,Post-Monsoon,1.0,1,148,501,No Fatality,0,0,67
6580,2022-10-07,2022-10-07,1.0,Heavy Rains ,Telangana,0.0,0.0,2022.0,10.0,7.0,4.0,4.0,40,Post-Monsoon,1.0,1,148,501,No Fatality,0,0,67
6581,2022-10-08,2022-10-08,1.0,Heavy Rains,Telangana,0.0,0.0,2022.0,10.0,8.0,4.0,5.0,40,Post-Monsoon,1.0,1,148,501,No Fatality,0,0,67
6582,2022-10-08,2022-10-08,1.0,Heavy Rains,Telangana,1.0,0.0,2022.0,10.0,8.0,4.0,5.0,40,Post-Monsoon,1.0,1,148,501,Low,0,0,67
6583,2022-10-09,2022-10-11,3.0,Heavy Rains,Telangana,0.0,0.0,2022.0,10.0,9.0,4.0,6.0,40,Post-Monsoon,3.0,1,148,501,No Fatality,0,0,67
6584,2022-10-09,2022-10-11,3.0,Heavy Rains,Telangana,0.0,0.0,2022.0,10.0,9.0,4.0,6.0,40,Post-Monsoon,3.0,1,148,501,No Fatality,0,0,67
6585,2022-10-09,2022-10-11,3.0,Heavy Rains,Telangana,0.0,0.0,2022.0,10.0,9.0,4.0,6.0,40,Post-Monsoon,3.0,1,148,501,No Fatality,0,0,67
6586,2022-10-09,2022-10-11,3.0,Heavy Rains,Telangana,0.0,0.0,2022.0,10.0,9.0,4.0,6.0,40,Post-Monsoon,3.0,1,148,501,No Fatality,0,0,67
6587,2022-10-14,2022-10-14,1.0,Heavy Rains,Telangana,0.0,0.0,2022.0,10.0,14.0,4.0,4.0,41,Post-Monsoon,1.0,1,148,501,No Fatality,0,0,67
6588,2022-10-14,2022-10-14,1.0,Heavy Rains,Telangana,1.0,0.0,2022.0,10.0,14.0,4.0,4.0,41,Post-Monsoon,1.0,1,148,501,Low,0,0,67
6589,2022-10-15,2022-10-15,1.0,Heavy Rains,Telangana,0.0,0.0,2022.0,10.0,15.0,4.0,5.0,41,Post-Monsoon,1.0,1,148,501,No Fatality,0,0,67
6590,2022-10-15,2022-10-15,1.0,Heavy Rains,Telangana,0.0,0.0,2022.0,10.0,15.0,4.0,5.0,41,Post-Monsoon,1.0,1,148,501,No Fatality,0,0,67
6591,2022-10-19,2022-10-19,1.0,Heavy Rains,Telangana,0.0,0.0,2022.0,10.0,19.0,4.0,2.0,42,Post-Monsoon,1.0,1,148,501,No Fatality,0,0,67
6592,2022-10-21,2022-10-21,1.0,Heavy Rains,Telangana,0.0,0.0,2022.0,10.0,21.0,4.0,4.0,42,Post-Monsoon,1.0,1,148,501,No Fatality,0,0,67
6593,2022-11-01,2022-11-30,30.0,Heavy Rains & Floods,Telangana,1.0,0.0,2022.0,11.0,1.0,4.0,1.0,44,Post-Monsoon,30.0,1,148,194,Low,0,0,67
6594,2022-05-23,2022-05-23,1.0,Heavy rains & Floods,Uttar Pradesh,4.0,0.0,2022.0,5.0,23.0,2.0,0.0,21,Summer,1.0,1,448,479,Low,0,0,69
6595,2022-05-23,2022-05-23,1.0,Heavy rains & Floods,Uttar Pradesh,1.0,0.0,2022.0,5.0,23.0,2.0,0.0,21,Summer,1.0,1,448,479,Low,0,0,69
6596,2022-05-23,2022-05-23,1.0,Heavy rains & Floods,Uttar Pradesh,1.0,0.0,2022.0,5.0,23.0,2.0,0.0,21,Summer,1.0,1,448,479,Low,0,0,69
6597,2022-05-23,2022-05-23,1.0,Heavy rains & Floods,Uttar Pradesh,2.0,0.0,2022.0,5.0,23.0,2.0,0.0,21,Summer,1.0,1,448,479,Low,0,0,69
6598,2022-05-23,2022-05-23,1.0,Heavy rains & Floods,Uttar Pradesh,4.0,0.0,2022.0,5.0,23.0,2.0,0.0,21,Summer,1.0,1,448,479,Low,0,0,69
6599,2022-05-23,2022-05-23,1.0,Heavy rains & Floods,Uttar Pradesh,0.0,3.0,2022.0,5.0,23.0,2.0,0.0,21,Summer,1.0,1,448,479,No Fatality,0,0,69
6600,2022-06-20,2022-06-20,1.0,Heavy Rains,Uttar Pradesh,1.0,0.0,2022.0,6.0,20.0,2.0,0.0,25,Monsoon,1.0,1,448,1071,Low,0,1,69
6601,2022-06-20,2022-06-20,1.0,Heavy Rains,Uttar Pradesh,0.0,0.0,2022.0,6.0,20.0,2.0,0.0,25,Monsoon,1.0,1,448,1071,No Fatality,0,1,69
6602,2022-06-23,2022-06-23,1.0,Heavy Rains,Uttar Pradesh,1.0,0.0,2022.0,6.0,23.0,2.0,3.0,25,Monsoon,1.0,1,448,1071,Low,0,1,69
6603,2022-06-24,2022-06-24,1.0,Heavy Rains,Uttar Pradesh,1.0,0.0,2022.0,6.0,24.0,2.0,4.0,25,Monsoon,1.0,1,448,1071,Low,0,1,69
6604,2022-06-29,2022-06-30,2.0,Heavy Rains,Uttar Pradesh,2.0,0.0,2022.0,6.0,29.0,2.0,2.0,26,Monsoon,2.0,1,448,1071,Low,0,1,69
6605,2022-06-29,2022-06-30,2.0,Heavy Rains,Uttar Pradesh,0.0,0.0,2022.0,6.0,29.0,2.0,2.0,26,Monsoon,2.0,1,448,1071,No Fatality,0,1,69
6606,2022-06-29,2022-06-30,2.0,Heavy Rains,Uttar Pradesh,1.0,0.0,2022.0,6.0,29.0,2.0,2.0,26,Monsoon,2.0,1,448,1071,Low,0,1,69
6607,2022-06-29,2022-06-30,2.0,Heavy Rains,Uttar Pradesh,0.0,0.0,2022.0,6.0,29.0,2.0,2.0,26,Monsoon,2.0,1,448,1071,No Fatality,0,1,69
6608,2022-07-01,2022-07-01,1.0,Heavy Rains,Uttar Pradesh,0.0,0.0,2022.0,7.0,1.0,3.0,4.0,26,Monsoon,1.0,1,448,1709,No Fatality,0,1,69
6609,2022-07-05,2022-07-05,1.0,Heavy Rains,Uttar Pradesh,1.0,0.0,2022.0,7.0,5.0,3.0,1.0,27,Monsoon,1.0,1,448,1709,Low,0,1,69
6610,2022-07-21,2022-07-21,1.0,Heavy Rains,Uttar Pradesh,1.0,0.0,2022.0,7.0,21.0,3.0,3.0,29,Monsoon,1.0,1,448,1709,Low,0,1,69
6611,2022-07-25,2022-07-25,1.0,Heavy Rains,Uttar Pradesh,2.0,0.0,2022.0,7.0,25.0,3.0,0.0,30,Monsoon,1.0,1,448,1709,Low,0,1,69
6612,2022-07-25,2022-07-25,1.0,Heavy Rains,Uttar Pradesh,1.0,0.0,2022.0,7.0,25.0,3.0,0.0,30,Monsoon,1.0,1,448,1709,Low,0,1,69
6613,2022-07-26,2022-07-26,1.0,Heavy Rains,Uttar Pradesh,1.0,0.0,2022.0,7.0,26.0,3.0,1.0,30,Monsoon,1.0,1,448,1709,Low,0,1,69
6614,2022-07-28,2022-07-28,1.0,Heavy Rains,Uttar Pradesh,0.0,0.0,2022.0,7.0,28.0,3.0,3.0,30,Monsoon,1.0,1,448,1709,No Fatality,0,1,69
6615,2022-07-28,2022-07-28,1.0,Heavy Rains,Uttar Pradesh,2.0,0.0,2022.0,7.0,28.0,3.0,3.0,30,Monsoon,1.0,1,448,1709,Low,0,1,69
6616,2022-07-29,2022-07-29,1.0,Heavy Rains,Uttar Pradesh,1.0,0.0,2022.0,7.0,29.0,3.0,4.0,30,Monsoon,1.0,1,448,1709,Low,0,1,69
6617,2022-07-29,2022-07-29,1.0,Heavy Rains,Uttar Pradesh,2.0,0.0,2022.0,7.0,29.0,3.0,4.0,30,Monsoon,1.0,1,448,1709,Low,0,1,69
6618,2022-07-30,2022-07-30,1.0,Heavy Rains,Uttar Pradesh,1.0,0.0,2022.0,7.0,30.0,3.0,5.0,30,Monsoon,1.0,1,448,1709,Low,0,1,69
6619,2022-07-30,2022-07-30,1.0,Heavy Rains,Uttar Pradesh,1.0,0.0,2022.0,7.0,30.0,3.0,5.0,30,Monsoon,1.0,1,448,1709,Low,0,1,69
6620,2022-07-30,2022-07-30,1.0,Heavy Rains,Uttar Pradesh,1.0,0.0,2022.0,7.0,30.0,3.0,5.0,30,Monsoon,1.0,1,448,1709,Low,0,1,69
6621,2022-08-01,2022-08-01,1.0,Heavy Rains,Uttar Pradesh,1.0,0.0,2022.0,8.0,1.0,3.0,0.0,31,Monsoon,1.0,1,448,1382,Low,0,1,69
6622,2022-08-03,2022-08-03,1.0,Heavy Rains,Uttar Pradesh,1.0,0.0,2022.0,8.0,3.0,3.0,2.0,31,Monsoon,1.0,1,448,1382,Low,0,1,69
6623,2022-08-05,2022-08-05,1.0,Heavy Rains,Uttar Pradesh,1.0,0.0,2022.0,8.0,5.0,3.0,4.0,31,Monsoon,1.0,1,448,1382,Low,0,1,69
6624,2022-08-06,2022-08-06,1.0,Heavy Rains,Uttar Pradesh,1.0,0.0,2022.0,8.0,6.0,3.0,5.0,31,Monsoon,1.0,1,448,1382,Low,0,1,69
6625,2022-08-07,2022-08-07,1.0,Heavy Rains & Floods,Uttar Pradesh,0.0,0.0,2022.0,8.0,7.0,3.0,6.0,31,Monsoon,1.0,1,448,1382,No Fatality,0,1,69
6626,2022-08-07,2022-08-07,1.0,Heavy Rains & Floods,Uttar Pradesh,1.0,0.0,2022.0,8.0,7.0,3.0,6.0,31,Monsoon,1.0,1,448,1382,Low,0,1,69
6627,2022-08-08,2022-08-08,1.0,Heavy Rains,Uttar Pradesh,2.0,0.0,2022.0,8.0,8.0,3.0,0.0,32,Monsoon,1.0,1,448,1382,Low,0,1,69
6628,2022-08-08,2022-08-08,1.0,Heavy Rains,Uttar Pradesh,2.0,0.0,2022.0,8.0,8.0,3.0,0.0,32,Monsoon,1.0,1,448,1382,Low,0,1,69
6629,2022-08-12,2022-08-12,1.0,Heavy Rains,Uttar Pradesh,1.0,0.0,2022.0,8.0,12.0,3.0,4.0,32,Monsoon,1.0,1,448,1382,Low,0,1,69
6630,2022-08-14,2022-08-14,1.0,Heavy Rains,Uttar Pradesh,2.0,0.0,2022.0,8.0,14.0,3.0,6.0,32,Monsoon,1.0,1,448,1382,Low,0,1,69
6631,2022-08-16,2022-08-16,1.0,Heavy Rains,Uttar Pradesh,1.0,0.0,2022.0,8.0,16.0,3.0,1.0,33,Monsoon,1.0,1,448,1382,Low,0,1,69
6632,2022-08-20,2022-08-20,1.0,Heavy Rains,Uttar Pradesh,2.0,0.0,2022.0,8.0,20.0,3.0,5.0,33,Monsoon,1.0,1,448,1382,Low,0,1,69
6633,2022-08-20,2022-08-20,1.0,Heavy Rains,Uttar Pradesh,1.0,0.0,2022.0,8.0,20.0,3.0,5.0,33,Monsoon,1.0,1,448,1382,Low,0,1,69
6634,2022-08-20,2022-08-20,1.0,Heavy Rains,Uttar Pradesh,2.0,0.0,2022.0,8.0,20.0,3.0,5.0,33,Monsoon,1.0,1,448,1382,Low,0,1,69
6635,2022-08-20,2022-08-20,1.0,Heavy Rains,Uttar Pradesh,1.0,0.0,2022.0,8.0,20.0,3.0,5.0,33,Monsoon,1.0,1,448,1382,Low,0,1,69
6636,2022-08-20,2022-08-20,1.0,Heavy Rains,Uttar Pradesh,0.0,0.0,2022.0,8.0,20.0,3.0,5.0,33,Monsoon,1.0,1,448,1382,No Fatality,0,1,69
6637,2022-08-20,2022-08-20,1.0,Heavy Rains,Uttar Pradesh,1.0,0.0,2022.0,8.0,20.0,3.0,5.0,33,Monsoon,1.0,1,448,1382,Low,0,1,69
6638,2022-08-21,2022-08-21,1.0,Heavy Rains,Uttar Pradesh,1.0,0.0,2022.0,8.0,21.0,3.0,6.0,33,Monsoon,1.0,1,448,1382,Low,0,1,69
6639,2022-08-25,2022-08-25,1.0,Heavy Rains,Uttar Pradesh,2.0,1.0,2022.0,8.0,25.0,3.0,3.0,34,Monsoon,1.0,1,448,1382,Low,0,1,69
6640,2022-08-25,2022-08-25,1.0,Heavy Rains,Uttar Pradesh,1.0,0.0,2022.0,8.0,25.0,3.0,3.0,34,Monsoon,1.0,1,448,1382,Low,0,1,69
6641,2022-08-27,2022-08-27,1.0,Flood,Uttar Pradesh,1.0,0.0,2022.0,8.0,27.0,3.0,5.0,34,Monsoon,1.0,1,448,1382,Low,0,1,69
6642,2022-08-29,2022-08-29,1.0,Heavy Rains,Uttar Pradesh,1.0,0.0,2022.0,8.0,29.0,3.0,0.0,35,Monsoon,1.0,1,448,1382,Low,0,1,69
6643,2022-08-29,2022-08-29,1.0,Heavy Rains,Uttar Pradesh,1.0,0.0,2022.0,8.0,29.0,3.0,0.0,35,Monsoon,1.0,1,448,1382,Low,0,1,69
6644,2022-08-29,2022-08-29,1.0,Heavy Rains,Uttar Pradesh,1.0,0.0,2022.0,8.0,29.0,3.0,0.0,35,Monsoon,1.0,1,448,1382,Low,0,1,69
6645,2022-08-30,2022-08-30,1.0,Heavy Rains,Uttar Pradesh,0.0,0.0,2022.0,8.0,30.0,3.0,1.0,35,Monsoon,1.0,1,448,1382,No Fatality,0,1,69
6646,2022-09-13,2022-09-13,1.0,Heavy rains & Floods,Uttar Pradesh,9.0,0.0,2022.0,9.0,13.0,3.0,1.0,37,Monsoon,1.0,1,448,938,Low,0,1,69
6647,2022-09-13,2022-09-13,1.0,Heavy rains & Floods,Uttar Pradesh,1.0,0.0,2022.0,9.0,13.0,3.0,1.0,37,Monsoon,1.0,1,448,938,Low,0,1,69
6648,2022-09-14,2022-09-14,1.0,Heavy Rains,Uttar Pradesh,0.0,0.0,2022.0,9.0,14.0,3.0,2.0,37,Monsoon,1.0,1,448,938,No Fatality,0,1,69
6649,2022-09-14,2022-09-14,1.0,Heavy Rains,Uttar Pradesh,1.0,0.0,2022.0,9.0,14.0,3.0,2.0,37,Monsoon,1.0,1,448,938,Low,0,1,69
6650,2022-09-15,2022-09-15,1.0,Heavy Rains,Uttar Pradesh,0.0,0.0,2022.0,9.0,15.0,3.0,3.0,37,Monsoon,1.0,1,448,938,No Fatality,0,1,69
6651,2022-09-15,2022-09-15,1.0,Heavy Rains,Uttar Pradesh,0.0,0.0,2022.0,9.0,15.0,3.0,3.0,37,Monsoon,1.0,1,448,938,No Fatality,0,1,69
6652,2022-09-16,2022-09-16,1.0,Heavy rains,Uttar Pradesh,2.0,0.0,2022.0,9.0,16.0,3.0,4.0,37,Monsoon,1.0,1,448,938,Low,0,1,69
6653,2022-09-16,2022-09-16,1.0,Heavy rains,Uttar Pradesh,1.0,0.0,2022.0,9.0,16.0,3.0,4.0,37,Monsoon,1.0,1,448,938,Low,0,1,69
6654,2022-09-16,2022-09-16,1.0,Heavy rains,Uttar Pradesh,2.0,0.0,2022.0,9.0,16.0,3.0,4.0,37,Monsoon,1.0,1,448,938,Low,0,1,69
6655,2022-09-16,2022-09-16,1.0,Heavy rains,Uttar Pradesh,0.0,0.0,2022.0,9.0,16.0,3.0,4.0,37,Monsoon,1.0,1,448,938,No Fatality,0,1,69
6656,2022-09-16,2022-09-16,1.0,Heavy rains,Uttar Pradesh,1.0,0.0,2022.0,9.0,16.0,3.0,4.0,37,Monsoon,1.0,1,448,938,Low,0,1,69
6657,2022-09-16,2022-09-16,1.0,Heavy rains,Uttar Pradesh,9.0,2.0,2022.0,9.0,16.0,3.0,4.0,37,Monsoon,1.0,1,448,938,Low,0,1,69
6658,2022-09-16,2022-09-16,1.0,Heavy rains,Uttar Pradesh,3.0,0.0,2022.0,9.0,16.0,3.0,4.0,37,Monsoon,1.0,1,448,938,Low,0,1,69
6659,2022-09-16,2022-09-16,1.0,Heavy rains,Uttar Pradesh,1.0,0.0,2022.0,9.0,16.0,3.0,4.0,37,Monsoon,1.0,1,448,938,Low,0,1,69
6660,2022-09-16,2022-09-16,1.0,Heavy rains,Uttar Pradesh,1.0,0.0,2022.0,9.0,16.0,3.0,4.0,37,Monsoon,1.0,1,448,938,Low,0,1,69
6661,2022-09-16,2022-09-16,1.0,Heavy rains,Uttar Pradesh,1.0,1.0,2022.0,9.0,16.0,3.0,4.0,37,Monsoon,1.0,1,448,938,Low,0,1,69
6662,2022-09-16,2022-09-16,1.0,Heavy rains,Uttar Pradesh,5.0,1.0,2022.0,9.0,16.0,3.0,4.0,37,Monsoon,1.0,1,448,938,Low,0,1,69
6663,2022-09-17,2022-09-17,1.0,Heavy rains,Uttar Pradesh,1.0,0.0,2022.0,9.0,17.0,3.0,5.0,37,Monsoon,1.0,1,448,938,Low,0,1,69
6664,2022-09-18,2022-09-18,1.0,Heavy rains,Uttar Pradesh,1.0,1.0,2022.0,9.0,18.0,3.0,6.0,37,Monsoon,1.0,1,448,938,Low,0,1,69
6665,2022-09-19,2022-09-19,1.0,Heavy rains,Uttar Pradesh,3.0,0.0,2022.0,9.0,19.0,3.0,0.0,38,Monsoon,1.0,1,448,938,Low,0,1,69
6666,2022-09-19,2022-09-19,1.0,Heavy rains,Uttar Pradesh,3.0,0.0,2022.0,9.0,19.0,3.0,0.0,38,Monsoon,1.0,1,448,938,Low,0,1,69
6667,2022-09-19,2022-09-19,1.0,Heavy rains,Uttar Pradesh,1.0,0.0,2022.0,9.0,19.0,3.0,0.0,38,Monsoon,1.0,1,448,938,Low,0,1,69
6668,2022-09-19,2022-09-19,1.0,Heavy rains,Uttar Pradesh,1.0,0.0,2022.0,9.0,19.0,3.0,0.0,38,Monsoon,1.0,1,448,938,Low,0,1,69
6669,2022-09-20,2022-09-20,1.0,Heavy rains,Uttar Pradesh,2.0,0.0,2022.0,9.0,20.0,3.0,1.0,38,Monsoon,1.0,1,448,938,Low,0,1,69
6670,2022-09-21,2022-09-26,6.0,Heavy Rains & Floods,Uttar Pradesh,1.0,0.0,2022.0,9.0,21.0,3.0,2.0,38,Monsoon,6.0,1,448,938,Low,0,1,69
6671,2022-09-21,2022-09-26,6.0,Heavy Rains & Floods,Uttar Pradesh,1.0,0.0,2022.0,9.0,21.0,3.0,2.0,38,Monsoon,6.0,1,448,938,Low,0,1,69
6672,2022-09-21,2022-09-26,6.0,Heavy Rains & Floods,Uttar Pradesh,1.0,0.0,2022.0,9.0,21.0,3.0,2.0,38,Monsoon,6.0,1,448,938,Low,0,1,69
6673,2022-09-21,2022-09-26,6.0,Heavy Rains & Floods,Uttar Pradesh,0.0,0.0,2022.0,9.0,21.0,3.0,2.0,38,Monsoon,6.0,1,448,938,No Fatality,0,1,69
6674,2022-09-21,2022-09-26,6.0,Heavy Rains & Floods,Uttar Pradesh,1.0,0.0,2022.0,9.0,21.0,3.0,2.0,38,Monsoon,6.0,1,448,938,Low,0,1,69
6675,2022-09-21,2022-09-26,6.0,Heavy Rains & Floods,Uttar Pradesh,1.0,0.0,2022.0,9.0,21.0,3.0,2.0,38,Monsoon,6.0,1,448,938,Low,0,1,69
6676,2022-09-21,2022-09-26,6.0,Heavy Rains & Floods,Uttar Pradesh,2.0,0.0,2022.0,9.0,21.0,3.0,2.0,38,Monsoon,6.0,1,448,938,Low,0,1,69
6677,2022-09-21,2022-09-26,6.0,Heavy Rains & Floods,Uttar Pradesh,1.0,0.0,2022.0,9.0,21.0,3.0,2.0,38,Monsoon,6.0,1,448,938,Low,0,1,69
6678,2022-09-21,2022-09-26,6.0,Heavy Rains & Floods,Uttar Pradesh,10.0,4.0,2022.0,9.0,21.0,3.0,2.0,38,Monsoon,6.0,1,448,938,Low,0,1,69
6679,2022-09-21,2022-09-26,6.0,Heavy Rains & Floods,Uttar Pradesh,2.0,0.0,2022.0,9.0,21.0,3.0,2.0,38,Monsoon,6.0,1,448,938,Low,0,1,69
6680,2022-09-21,2022-09-26,6.0,Heavy Rains & Floods,Uttar Pradesh,7.0,14.0,2022.0,9.0,21.0,3.0,2.0,38,Monsoon,6.0,1,448,938,Low,0,1,69
6681,2022-09-21,2022-09-26,6.0,Heavy Rains & Floods,Uttar Pradesh,1.0,0.0,2022.0,9.0,21.0,3.0,2.0,38,Monsoon,6.0,1,448,938,Low,0,1,69
6682,2022-09-21,2022-09-26,6.0,Heavy Rains & Floods,Uttar Pradesh,1.0,0.0,2022.0,9.0,21.0,3.0,2.0,38,Monsoon,6.0,1,448,938,Low,0,1,69
6683,2022-09-21,2022-09-26,6.0,Heavy Rains & Floods,Uttar Pradesh,2.0,0.0,2022.0,9.0,21.0,3.0,2.0,38,Monsoon,6.0,1,448,938,Low,0,1,69
6684,2022-09-21,2022-09-26,6.0,Heavy Rains & Floods,Uttar Pradesh,5.0,1.0,2022.0,9.0,21.0,3.0,2.0,38,Monsoon,6.0,1,448,938,Low,0,1,69
6685,2022-09-21,2022-09-26,6.0,Heavy Rains & Floods,Uttar Pradesh,0.0,0.0,2022.0,9.0,21.0,3.0,2.0,38,Monsoon,6.0,1,448,938,No Fatality,0,1,69
6686,2022-09-21,2022-09-26,6.0,Heavy Rains & Floods,Uttar Pradesh,1.0,0.0,2022.0,9.0,21.0,3.0,2.0,38,Monsoon,6.0,1,448,938,Low,0,1,69
6687,2022-09-21,2022-09-26,6.0,Heavy Rains & Floods,Uttar Pradesh,2.0,0.0,2022.0,9.0,21.0,3.0,2.0,38,Monsoon,6.0,1,448,938,Low,0,1,69
6688,2022-09-21,2022-09-26,6.0,Heavy Rains & Floods,Uttar Pradesh,2.0,0.0,2022.0,9.0,21.0,3.0,2.0,38,Monsoon,6.0,1,448,938,Low,0,1,69
6689,2022-09-21,2022-09-26,6.0,Heavy Rains & Floods,Uttar Pradesh,2.0,0.0,2022.0,9.0,21.0,3.0,2.0,38,Monsoon,6.0,1,448,938,Low,0,1,69
6690,2022-09-21,2022-09-26,6.0,Heavy Rains & Floods,Uttar Pradesh,2.0,0.0,2022.0,9.0,21.0,3.0,2.0,38,Monsoon,6.0,1,448,938,Low,0,1,69
6691,2022-09-29,2022-09-29,1.0,Heavy Rains,Uttar Pradesh,0.0,0.0,2022.0,9.0,29.0,3.0,3.0,39,Monsoon,1.0,1,448,938,No Fatality,0,1,69
6692,2022-09-29,2022-09-29,1.0,Heavy Rains,Uttar Pradesh,1.0,0.0,2022.0,9.0,29.0,3.0,3.0,39,Monsoon,1.0,1,448,938,Low,0,1,69
6693,2022-10-03,2022-10-03,1.0,Heavy Rains,Uttar Pradesh,1.0,0.0,2022.0,10.0,3.0,4.0,0.0,40,Post-Monsoon,1.0,1,448,501,Low,0,0,69
6694,2022-10-05,2022-10-05,1.0,Heavy Rains,Uttar Pradesh,1.0,0.0,2022.0,10.0,5.0,4.0,2.0,40,Post-Monsoon,1.0,1,448,501,Low,0,0,69
6695,2022-10-05,2022-10-05,1.0,Heavy Rains,Uttar Pradesh,1.0,0.0,2022.0,10.0,5.0,4.0,2.0,40,Post-Monsoon,1.0,1,448,501,Low,0,0,69
6696,2022-10-06,2022-10-06,1.0,Heavy Rains,Uttar Pradesh,3.0,0.0,2022.0,10.0,6.0,4.0,3.0,40,Post-Monsoon,1.0,1,448,501,Low,0,0,69
6697,2022-10-06,2022-10-06,1.0,Heavy Rains,Uttar Pradesh,1.0,0.0,2022.0,10.0,6.0,4.0,3.0,40,Post-Monsoon,1.0,1,448,501,Low,0,0,69
6698,2022-10-06,2022-10-06,1.0,Heavy Rains,Uttar Pradesh,1.0,0.0,2022.0,10.0,6.0,4.0,3.0,40,Post-Monsoon,1.0,1,448,501,Low,0,0,69
6699,2022-10-06,2022-10-06,1.0,Heavy Rains,Uttar Pradesh,1.0,0.0,2022.0,10.0,6.0,4.0,3.0,40,Post-Monsoon,1.0,1,448,501,Low,0,0,69
6700,2022-10-06,2022-10-06,1.0,Heavy Rains,Uttar Pradesh,1.0,0.0,2022.0,10.0,6.0,4.0,3.0,40,Post-Monsoon,1.0,1,448,501,Low,0,0,69
6701,2022-10-07,2022-10-07,1.0,Heavy Rains,Uttar Pradesh,1.0,0.0,2022.0,10.0,7.0,4.0,4.0,40,Post-Monsoon,1.0,1,448,501,Low,0,0,69
6702,2022-10-07,2022-10-07,1.0,Heavy Rains,Uttar Pradesh,1.0,0.0,2022.0,10.0,7.0,4.0,4.0,40,Post-Monsoon,1.0,1,448,501,Low,0,0,69
6703,2022-10-07,2022-10-07,1.0,Heavy Rains,Uttar Pradesh,5.0,0.0,2022.0,10.0,7.0,4.0,4.0,40,Post-Monsoon,1.0,1,448,501,Low,0,0,69
6704,2022-10-07,2022-10-07,1.0,Heavy Rains,Uttar Pradesh,2.0,0.0,2022.0,10.0,7.0,4.0,4.0,40,Post-Monsoon,1.0,1,448,501,Low,0,0,69
6705,2022-10-07,2022-10-07,1.0,Heavy Rains,Uttar Pradesh,1.0,0.0,2022.0,10.0,7.0,4.0,4.0,40,Post-Monsoon,1.0,1,448,501,Low,0,0,69
6706,2022-10-07,2022-10-07,1.0,Heavy Rains,Uttar Pradesh,8.0,0.0,2022.0,10.0,7.0,4.0,4.0,40,Post-Monsoon,1.0,1,448,501,Low,0,0,69
6707,2022-10-07,2022-10-07,1.0,Heavy Rains,Uttar Pradesh,1.0,0.0,2022.0,10.0,7.0,4.0,4.0,40,Post-Monsoon,1.0,1,448,501,Low,0,0,69
6708,2022-10-08,2022-10-08,1.0,Heavy Rains,Uttar Pradesh,1.0,0.0,2022.0,10.0,8.0,4.0,5.0,40,Post-Monsoon,1.0,1,448,501,Low,0,0,69
6709,2022-10-08,2022-10-08,1.0,Heavy Rains,Uttar Pradesh,2.0,0.0,2022.0,10.0,8.0,4.0,5.0,40,Post-Monsoon,1.0,1,448,501,Low,0,0,69
6710,2022-10-08,2022-10-08,1.0,Heavy Rains,Uttar Pradesh,1.0,0.0,2022.0,10.0,8.0,4.0,5.0,40,Post-Monsoon,1.0,1,448,501,Low,0,0,69
6711,2022-10-08,2022-10-08,1.0,Heavy Rains,Uttar Pradesh,1.0,1.0,2022.0,10.0,8.0,4.0,5.0,40,Post-Monsoon,1.0,1,448,501,Low,0,0,69
6712,2022-10-08,2022-10-08,1.0,Heavy Rains,Uttar Pradesh,3.0,0.0,2022.0,10.0,8.0,4.0,5.0,40,Post-Monsoon,1.0,1,448,501,Low,0,0,69
6713,2022-10-09,2022-10-09,1.0,Heavy Rains,Uttar Pradesh,2.0,0.0,2022.0,10.0,9.0,4.0,6.0,40,Post-Monsoon,1.0,1,448,501,Low,0,0,69
6714,2022-10-09,2022-10-09,1.0,Heavy Rains,Uttar Pradesh,1.0,3.0,2022.0,10.0,9.0,4.0,6.0,40,Post-Monsoon,1.0,1,448,501,Low,0,0,69
6715,2022-10-09,2022-10-09,1.0,Heavy Rains,Uttar Pradesh,1.0,0.0,2022.0,10.0,9.0,4.0,6.0,40,Post-Monsoon,1.0,1,448,501,Low,0,0,69
6716,2022-10-09,2022-10-09,1.0,Heavy Rains,Uttar Pradesh,1.0,0.0,2022.0,10.0,9.0,4.0,6.0,40,Post-Monsoon,1.0,1,448,501,Low,0,0,69
6717,2022-10-09,2022-10-09,1.0,Heavy Rains,Uttar Pradesh,2.0,0.0,2022.0,10.0,9.0,4.0,6.0,40,Post-Monsoon,1.0,1,448,501,Low,0,0,69
6718,2022-10-09,2022-10-09,1.0,Heavy Rains,Uttar Pradesh,1.0,0.0,2022.0,10.0,9.0,4.0,6.0,40,Post-Monsoon,1.0,1,448,501,Low,0,0,69
6719,2022-10-09,2022-10-09,1.0,Heavy Rains,Uttar Pradesh,0.0,2.0,2022.0,10.0,9.0,4.0,6.0,40,Post-Monsoon,1.0,1,448,501,No Fatality,0,0,69
6720,2022-10-09,2022-10-09,1.0,Heavy Rains,Uttar Pradesh,1.0,0.0,2022.0,10.0,9.0,4.0,6.0,40,Post-Monsoon,1.0,1,448,501,Low,0,0,69
6721,2022-10-09,2022-10-09,1.0,Heavy Rains,Uttar Pradesh,1.0,1.0,2022.0,10.0,9.0,4.0,6.0,40,Post-Monsoon,1.0,1,448,501,Low,0,0,69
6722,2022-10-10,2022-10-10,1.0,Heavy Rains,Uttar Pradesh,1.0,0.0,2022.0,10.0,10.0,4.0,0.0,41,Post-Monsoon,1.0,1,448,501,Low,0,0,69
6723,2022-10-10,2022-10-10,1.0,Heavy Rains,Uttar Pradesh,1.0,0.0,2022.0,10.0,10.0,4.0,0.0,41,Post-Monsoon,1.0,1,448,501,Low,0,0,69
6724,2022-10-10,2022-10-10,1.0,Heavy Rains,Uttar Pradesh,1.0,0.0,2022.0,10.0,10.0,4.0,0.0,41,Post-Monsoon,1.0,1,448,501,Low,0,0,69
6725,2022-10-10,2022-10-10,1.0,Heavy Rains,Uttar Pradesh,1.0,1.0,2022.0,10.0,10.0,4.0,0.0,41,Post-Monsoon,1.0,1,448,501,Low,0,0,69
6726,2022-10-11,2022-10-11,1.0,Heavy Rains,Uttar Pradesh,2.0,0.0,2022.0,10.0,11.0,4.0,1.0,41,Post-Monsoon,1.0,1,448,501,Low,0,0,69
6727,2022-10-11,2022-10-11,1.0,Heavy Rains,Uttar Pradesh,1.0,0.0,2022.0,10.0,11.0,4.0,1.0,41,Post-Monsoon,1.0,1,448,501,Low,0,0,69
6728,2022-10-11,2022-10-11,1.0,Heavy Rains,Uttar Pradesh,1.0,0.0,2022.0,10.0,11.0,4.0,1.0,41,Post-Monsoon,1.0,1,448,501,Low,0,0,69
6729,2022-10-11,2022-10-11,1.0,Heavy Rains,Uttar Pradesh,1.0,0.0,2022.0,10.0,11.0,4.0,1.0,41,Post-Monsoon,1.0,1,448,501,Low,0,0,69
6730,2022-10-12,2022-10-12,1.0,Heavy Rains,Uttar Pradesh,1.0,0.0,2022.0,10.0,12.0,4.0,2.0,41,Post-Monsoon,1.0,1,448,501,Low,0,0,69
6731,2022-10-12,2022-10-12,1.0,Heavy Rains,Uttar Pradesh,3.0,0.0,2022.0,10.0,12.0,4.0,2.0,41,Post-Monsoon,1.0,1,448,501,Low,0,0,69
6732,2022-10-12,2022-10-12,1.0,Heavy Rains,Uttar Pradesh,0.0,0.0,2022.0,10.0,12.0,4.0,2.0,41,Post-Monsoon,1.0,1,448,501,No Fatality,0,0,69
6733,2022-10-12,2022-10-12,1.0,Heavy Rains,Uttar Pradesh,2.0,0.0,2022.0,10.0,12.0,4.0,2.0,41,Post-Monsoon,1.0,1,448,501,Low,0,0,69
6734,2022-10-13,2022-10-13,1.0,Heavy Rains & Floods,Uttar Pradesh,2.0,0.0,2022.0,10.0,13.0,4.0,3.0,41,Post-Monsoon,1.0,1,448,501,Low,0,0,69
6735,2022-10-13,2022-10-13,1.0,Heavy Rains & Floods,Uttar Pradesh,1.0,0.0,2022.0,10.0,13.0,4.0,3.0,41,Post-Monsoon,1.0,1,448,501,Low,0,0,69
6736,2022-10-13,2022-10-13,1.0,Heavy Rains & Floods,Uttar Pradesh,1.0,0.0,2022.0,10.0,13.0,4.0,3.0,41,Post-Monsoon,1.0,1,448,501,Low,0,0,69
6737,2022-10-13,2022-10-13,1.0,Heavy Rains & Floods,Uttar Pradesh,2.0,0.0,2022.0,10.0,13.0,4.0,3.0,41,Post-Monsoon,1.0,1,448,501,Low,0,0,69
6738,2022-10-15,2022-10-15,1.0,Flood,Uttar Pradesh,2.0,0.0,2022.0,10.0,15.0,4.0,5.0,41,Post-Monsoon,1.0,1,448,501,Low,0,0,69
6739,2022-10-17,2022-10-17,1.0,Heavy Rains,Uttar Pradesh,1.0,0.0,2022.0,10.0,17.0,4.0,0.0,42,Post-Monsoon,1.0,1,448,501,Low,0,0,69
6740,2022-10-18,2022-10-18,1.0,Heavy Rains,Uttar Pradesh,1.0,1.0,2022.0,10.0,18.0,4.0,1.0,42,Post-Monsoon,1.0,1,448,501,Low,0,0,69
6741,2022-10-20,2022-10-20,1.0,Heavy Rains,Uttar Pradesh,1.0,0.0,2022.0,10.0,20.0,4.0,3.0,42,Post-Monsoon,1.0,1,448,501,Low,0,0,69
6742,2022-10-21,2022-10-21,1.0,Heavy Rains,Uttar Pradesh,1.0,2.0,2022.0,10.0,21.0,4.0,4.0,42,Post-Monsoon,1.0,1,448,501,Low,0,0,69
6743,2022-10-28,2022-10-28,1.0,Heavy Rains,Uttar Pradesh,2.0,1.0,2022.0,10.0,28.0,4.0,4.0,43,Post-Monsoon,1.0,1,448,501,Low,0,0,69
6744,2022-07-19,2022-07-19,1.0,Heavy rains,Uttarakhand,2.0,6.0,2022.0,7.0,19.0,3.0,1.0,29,Monsoon,1.0,1,107,1709,Low,0,1,78
6745,2022-08-19,2022-08-19,1.0,Cloudburst,Uttarakhand,0.0,3.0,2022.0,8.0,19.0,3.0,4.0,33,Monsoon,1.0,1,107,1382,No Fatality,0,1,78
6746,2022-08-19,2022-08-19,1.0,Cloudburst,Uttarakhand,2.0,0.0,2022.0,8.0,19.0,3.0,4.0,33,Monsoon,1.0,1,107,1382,Low,0,1,78
6747,2022-08-19,2022-08-19,1.0,Cloudburst,Uttarakhand,5.0,0.0,2022.0,8.0,19.0,3.0,4.0,33,Monsoon,1.0,1,107,1382,Low,0,1,78
6748,2022-08-28,2022-08-28,1.0,Heavy Rains,Uttarakhand,3.0,0.0,2022.0,8.0,28.0,3.0,6.0,34,Monsoon,1.0,1,107,1382,Low,0,1,78
6749,2022-09-22,2022-09-22,1.0,Landslides triggered by Heavy Rains,Uttarakhand,0.0,0.0,2022.0,9.0,22.0,3.0,3.0,38,Monsoon,1.0,1,107,938,No Fatality,0,1,78
6750,2022-09-22,2022-09-22,1.0,Landslides triggered by Heavy Rains,Uttarakhand,1.0,0.0,2022.0,9.0,22.0,3.0,3.0,38,Monsoon,1.0,1,107,938,Low,0,1,78
6751,2022-04-03,2022-04-04,2.0,Heavy Rains & Floods ,West Bengal,0.0,0.0,2022.0,4.0,3.0,2.0,6.0,13,Summer,2.0,1,330,171,No Fatality,0,0,79
6752,2022-04-03,2022-04-04,2.0,Heavy Rains & Floods ,West Bengal,0.0,0.0,2022.0,4.0,3.0,2.0,6.0,13,Summer,2.0,1,330,171,No Fatality,0,0,79
6753,2022-05-15,2022-05-15,1.0,Heavy Rains,West Bengal,0.0,0.0,2022.0,5.0,15.0,2.0,6.0,19,Summer,1.0,1,330,479,No Fatality,0,0,79
6754,2022-10-05,2022-10-05,1.0,Flash Flood (Mal River),West Bengal,8.0,15.0,2022.0,10.0,5.0,4.0,2.0,40,Post-Monsoon,1.0,1,330,501,Low,0,0,79
6755,2022-10-09,2022-10-09,1.0,Heavy Rains,Delhi,3.0,9.0,2022.0,10.0,9.0,4.0,6.0,40,Post-Monsoon,1.0,1,43,501,Low,0,0,21
6756,2022-01-05,2022-01-05,1.0,Heavy Rains,Jammu & Kashmir,0.0,0.0,2022.0,1.0,5.0,1.0,2.0,1,Winter,1.0,1,109,108,No Fatality,0,0,32
6757,2022-01-05,2022-01-05,1.0,Heavy Rains,Jammu & Kashmir,1.0,1.0,2022.0,1.0,5.0,1.0,2.0,1,Winter,1.0,1,109,108,Low,0,0,32
6758,2022-01-08,2022-01-08,1.0,Heavy Rains,Jammu & Kashmir,0.0,0.0,2022.0,1.0,8.0,1.0,5.0,1,Winter,1.0,1,109,108,No Fatality,0,0,32
6759,2022-01-08,2022-01-08,1.0,Heavy Rains,Jammu & Kashmir,0.0,0.0,2022.0,1.0,8.0,1.0,5.0,1,Winter,1.0,1,109,108,No Fatality,0,0,32
6760,2022-01-08,2022-01-08,1.0,Heavy Rains,Jammu & Kashmir,0.0,0.0,2022.0,1.0,8.0,1.0,5.0,1,Winter,1.0,1,109,108,No Fatality,0,0,32
6761,2022-01-08,2022-01-08,1.0,Heavy Rains,Jammu & Kashmir,0.0,0.0,2022.0,1.0,8.0,1.0,5.0,1,Winter,1.0,1,109,108,No Fatality,0,0,32
6762,2022-01-08,2022-01-08,1.0,Heavy Rains,Jammu & Kashmir,0.0,0.0,2022.0,1.0,8.0,1.0,5.0,1,Winter,1.0,1,109,108,No Fatality,0,0,32
6763,2022-01-08,2022-01-08,1.0,Heavy Rains,Jammu & Kashmir,0.0,0.0,2022.0,1.0,8.0,1.0,5.0,1,Winter,1.0,1,109,108,No Fatality,0,0,32
6764,2022-01-08,2022-01-08,1.0,Heavy Rains,Jammu & Kashmir,0.0,0.0,2022.0,1.0,8.0,1.0,5.0,1,Winter,1.0,1,109,108,No Fatality,0,0,32
6765,2022-05-09,2022-05-09,1.0,Cloudburst,Jammu & Kashmir,3.0,0.0,2022.0,5.0,9.0,2.0,0.0,19,Summer,1.0,1,109,479,Low,0,0,32
6766,2022-06-19,2022-06-19,1.0,Landslide,Jammu & Kashmir,1.0,0.0,2022.0,6.0,19.0,2.0,6.0,24,Monsoon,1.0,1,109,1071,Low,0,1,32
6767,2022-07-06,2022-07-06,1.0,Cloud burst & Flash Floods,Jammu & Kashmir,0.0,0.0,2022.0,7.0,6.0,3.0,2.0,27,Monsoon,1.0,1,109,1709,No Fatality,0,1,32
6768,2022-07-07,2022-07-07,1.0,Landslide ,Jammu & Kashmir,1.0,0.0,2022.0,7.0,7.0,3.0,3.0,27,Monsoon,1.0,1,109,1709,Low,0,1,32
6769,2022-07-08,2022-07-08,1.0,Cloudburst triggered Flash Floods.,Jammu & Kashmir,16.0,21.0,2022.0,7.0,8.0,3.0,4.0,27,Monsoon,1.0,1,109,1709,Medium,1,1,32
6770,2022-07-13,2022-07-13,1.0,Landslide,Jammu & Kashmir,2.0,0.0,2022.0,7.0,13.0,3.0,2.0,28,Monsoon,1.0,1,109,1709,Low,0,1,32
6771,2022-07-20,2022-07-20,1.0,Cloudburst & Flash Floods,Jammu & Kashmir,0.0,0.0,2022.0,7.0,20.0,3.0,2.0,29,Monsoon,1.0,1,109,1709,No Fatality,0,1,32
6772,2022-07-20,2022-07-20,1.0,Cloudburst & Flash Floods,Jammu & Kashmir,0.0,0.0,2022.0,7.0,20.0,3.0,2.0,29,Monsoon,1.0,1,109,1709,No Fatality,0,1,32
6773,2022-07-20,2022-07-20,1.0,Landslide,Jammu & Kashmir,1.0,0.0,2022.0,7.0,20.0,3.0,2.0,29,Monsoon,1.0,1,109,1709,Low,0,1,32
6774,2022-07-27,2022-07-27,1.0,Flash Floods,Jammu & Kashmir,1.0,0.0,2022.0,7.0,27.0,3.0,2.0,30,Monsoon,1.0,1,109,1709,Low,0,1,32
6775,2022-07-30,2022-07-30,1.0,Heavy Rains,Jammu & Kashmir,2.0,4.0,2022.0,7.0,30.0,3.0,5.0,30,Monsoon,1.0,1,109,1709,Low,0,1,32
6776,2022-07-30,2022-07-31,2.0,Heavy Rains &  Flash Foods,Jammu & Kashmir,2.0,0.0,2022.0,7.0,30.0,3.0,5.0,30,Monsoon,2.0,1,109,1709,Low,0,1,32
6777,2022-07-30,2022-07-31,2.0,Heavy Rains &  Flash Foods,Jammu & Kashmir,0.0,0.0,2022.0,7.0,30.0,3.0,5.0,30,Monsoon,2.0,1,109,1709,No Fatality,0,1,32
6778,2022-07-30,2022-07-31,2.0,Heavy Rains &  Flash Foods,Jammu & Kashmir,0.0,0.0,2022.0,7.0,30.0,3.0,5.0,30,Monsoon,2.0,1,109,1709,No Fatality,0,1,32
6779,2022-07-31,2022-07-31,1.0,Heavy rain & Flash Floods,Jammu & Kashmir,3.0,0.0,2022.0,7.0,31.0,3.0,6.0,30,Monsoon,1.0,1,109,1709,Low,0,1,32
6780,2022-08-07,2022-08-07,1.0,Landslide,Jammu & Kashmir,1.0,2.0,2022.0,8.0,7.0,3.0,6.0,31,Monsoon,1.0,1,109,1382,Low,0,1,32
6781,2022-08-08,2022-08-08,1.0,Heavy rain,Jammu & Kashmir,2.0,1.0,2022.0,8.0,8.0,3.0,0.0,32,Monsoon,1.0,1,109,1382,Low,0,1,32
6782,2022-08-11,2022-08-11,1.0,Heavy rain & Flash Floods,Jammu & Kashmir,2.0,0.0,2022.0,8.0,11.0,3.0,3.0,32,Monsoon,1.0,1,109,1382,Low,0,1,32
6783,2022-08-11,2022-08-11,1.0,Heavy rain & Flash Floods,Jammu & Kashmir,2.0,0.0,2022.0,8.0,11.0,3.0,3.0,32,Monsoon,1.0,1,109,1382,Low,0,1,32
6784,2022-08-20,2022-08-20,1.0,Landslide,Jammu & Kashmir,2.0,0.0,2022.0,8.0,20.0,3.0,5.0,33,Monsoon,1.0,1,109,1382,Low,0,1,32
6785,2022-11-15,2022-11-15,1.0,Landslide,Jammu & Kashmir,1.0,0.0,2022.0,11.0,15.0,4.0,1.0,46,Post-Monsoon,1.0,1,109,194,Low,0,0,32
6786,2023-03-27,2023-03-27,1.0,Massive Landslide,Arunachal Pradesh,1.0,0.0,2023.0,3.0,27.0,1.0,0.0,13,Summer,1.0,1,150,166,Low,0,0,4
6787,2023-06-01,2023-06-01,1.0,Heavy Rains & Floods,Arunachal Pradesh,0.0,0.0,2023.0,6.0,1.0,2.0,3.0,22,Monsoon,1.0,1,150,1071,No Fatality,0,1,4
6788,2023-06-02,2023-06-02,1.0,Heavy Rains & Floods,Arunachal Pradesh,0.0,0.0,2023.0,6.0,2.0,2.0,4.0,22,Monsoon,1.0,1,150,1071,No Fatality,0,1,4
6789,2023-06-12,2023-06-12,1.0,Heavy Rains & Floods,Arunachal Pradesh,0.0,0.0,2023.0,6.0,12.0,2.0,0.0,24,Monsoon,1.0,1,150,1071,No Fatality,0,1,4
6790,2023-06-12,2023-06-12,1.0,Heavy Rains & Floods,Arunachal Pradesh,0.0,0.0,2023.0,6.0,12.0,2.0,0.0,24,Monsoon,1.0,1,150,1071,No Fatality,0,1,4
6791,2023-06-14,2023-06-15,2.0,"Heavy Rains, Floods & Landslides",Arunachal Pradesh,0.0,0.0,2023.0,6.0,14.0,2.0,2.0,24,Monsoon,2.0,1,150,1071,No Fatality,0,1,4
6792,2023-06-14,2023-06-15,2.0,"Heavy Rains, Floods & Landslides",Arunachal Pradesh,0.0,0.0,2023.0,6.0,14.0,2.0,2.0,24,Monsoon,2.0,1,150,1071,No Fatality,0,1,4
6793,2023-06-19,2023-06-19,1.0,"Heavy Rains, Floods & Landslides",Arunachal Pradesh,0.0,0.0,2023.0,6.0,19.0,2.0,0.0,25,Monsoon,1.0,1,150,1071,No Fatality,0,1,4
6794,2023-06-19,2023-06-19,1.0,"Heavy Rains, Floods & Landslides",Arunachal Pradesh,0.0,0.0,2023.0,6.0,19.0,2.0,0.0,25,Monsoon,1.0,1,150,1071,No Fatality,0,1,4
6795,2023-06-19,2023-06-19,1.0,"Heavy Rains, Floods & Landslides",Arunachal Pradesh,4.0,0.0,2023.0,6.0,19.0,2.0,0.0,25,Monsoon,1.0,1,150,1071,Low,0,1,4
6796,2023-06-23,2023-06-23,1.0,"Heavy Rains, Floods & Landslides",Arunachal Pradesh,4.0,0.0,2023.0,6.0,23.0,2.0,4.0,25,Monsoon,1.0,1,150,1071,Low,0,1,4
6797,2023-06-27,2023-06-29,2.0,Heavy Rains,Arunachal Pradesh,0.0,0.0,2023.0,6.0,27.0,2.0,1.0,26,Monsoon,3.0,1,150,1071,No Fatality,0,1,4
6798,2023-06-17,2023-06-17,1.0,Heavy Rains,Assam,1.0,0.0,2023.0,6.0,17.0,2.0,5.0,24,Monsoon,1.0,1,908,1071,Low,0,1,5
6799,2023-06-21,2023-06-21,1.0,Heavy Rains & Floods,Assam,0.0,0.0,2023.0,6.0,21.0,2.0,2.0,25,Monsoon,1.0,1,908,1071,No Fatality,0,1,5
6800,2023-06-21,2023-06-21,1.0,Heavy Rains & Floods,Assam,0.0,0.0,2023.0,6.0,21.0,2.0,2.0,25,Monsoon,1.0,1,908,1071,No Fatality,0,1,5
6801,2023-06-21,2023-06-21,1.0,Heavy Rains & Floods,Assam,0.0,0.0,2023.0,6.0,21.0,2.0,2.0,25,Monsoon,1.0,1,908,1071,No Fatality,0,1,5
6802,2023-06-21,2023-06-21,1.0,Heavy Rains & Floods,Assam,0.0,0.0,2023.0,6.0,21.0,2.0,2.0,25,Monsoon,1.0,1,908,1071,No Fatality,0,1,5
6803,2023-06-21,2023-06-21,1.0,Heavy Rains & Floods,Assam,0.0,0.0,2023.0,6.0,21.0,2.0,2.0,25,Monsoon,1.0,1,908,1071,No Fatality,0,1,5
6804,2023-06-21,2023-06-21,1.0,Heavy Rains & Floods,Assam,0.0,0.0,2023.0,6.0,21.0,2.0,2.0,25,Monsoon,1.0,1,908,1071,No Fatality,0,1,5
6805,2023-06-21,2023-06-21,1.0,Heavy Rains & Floods,Assam,0.0,0.0,2023.0,6.0,21.0,2.0,2.0,25,Monsoon,1.0,1,908,1071,No Fatality,0,1,5
6806,2023-06-21,2023-06-21,1.0,Heavy Rains & Floods,Assam,0.0,0.0,2023.0,6.0,21.0,2.0,2.0,25,Monsoon,1.0,1,908,1071,No Fatality,0,1,5
6807,2023-06-21,2023-06-21,1.0,Heavy Rains & Floods,Assam,0.0,0.0,2023.0,6.0,21.0,2.0,2.0,25,Monsoon,1.0,1,908,1071,No Fatality,0,1,5
6808,2023-06-21,2023-06-21,1.0,Heavy Rains & Floods,Assam,0.0,0.0,2023.0,6.0,21.0,2.0,2.0,25,Monsoon,1.0,1,908,1071,No Fatality,0,1,5
6809,2023-06-21,2023-06-21,1.0,Heavy Rains & Floods,Assam,0.0,0.0,2023.0,6.0,21.0,2.0,2.0,25,Monsoon,1.0,1,908,1071,No Fatality,0,1,5
6810,2023-06-21,2023-06-21,1.0,Heavy Rains & Floods,Assam,0.0,0.0,2023.0,6.0,21.0,2.0,2.0,25,Monsoon,1.0,1,908,1071,No Fatality,0,1,5
6811,2023-06-21,2023-06-21,1.0,Heavy Rains & Floods,Assam,0.0,0.0,2023.0,6.0,21.0,2.0,2.0,25,Monsoon,1.0,1,908,1071,No Fatality,0,1,5
6812,2023-06-21,2023-06-21,1.0,Heavy Rains & Floods,Assam,0.0,0.0,2023.0,6.0,21.0,2.0,2.0,25,Monsoon,1.0,1,908,1071,No Fatality,0,1,5
6813,2023-06-21,2023-06-21,1.0,Heavy Rains & Floods,Assam,0.0,0.0,2023.0,6.0,21.0,2.0,2.0,25,Monsoon,1.0,1,908,1071,No Fatality,0,1,5
6814,2023-06-21,2023-06-21,1.0,Heavy Rains & Floods,Assam,0.0,0.0,2023.0,6.0,21.0,2.0,2.0,25,Monsoon,1.0,1,908,1071,No Fatality,0,1,5
6815,2023-06-21,2023-06-21,1.0,Heavy Rains & Floods,Assam,0.0,0.0,2023.0,6.0,21.0,2.0,2.0,25,Monsoon,1.0,1,908,1071,No Fatality,0,1,5
6816,2023-06-21,2023-06-21,1.0,Heavy Rains & Floods,Assam,0.0,0.0,2023.0,6.0,21.0,2.0,2.0,25,Monsoon,1.0,1,908,1071,No Fatality,0,1,5
6817,2023-06-21,2023-06-21,1.0,Heavy Rains & Floods,Assam,0.0,0.0,2023.0,6.0,21.0,2.0,2.0,25,Monsoon,1.0,1,908,1071,No Fatality,0,1,5
6818,2023-06-21,2023-06-21,1.0,Heavy Rains & Floods,Assam,0.0,0.0,2023.0,6.0,21.0,2.0,2.0,25,Monsoon,1.0,1,908,1071,No Fatality,0,1,5
6819,2023-06-21,2023-06-21,1.0,Heavy Rains & Floods,Assam,0.0,0.0,2023.0,6.0,21.0,2.0,2.0,25,Monsoon,1.0,1,908,1071,No Fatality,0,1,5
6820,2023-06-21,2023-06-21,1.0,Heavy Rains & Floods,Assam,1.0,0.0,2023.0,6.0,21.0,2.0,2.0,25,Monsoon,1.0,1,908,1071,Low,0,1,5
6821,2023-06-22,2023-06-22,1.0,Heavy Rains & Floods,Assam,0.0,0.0,2023.0,6.0,22.0,2.0,3.0,25,Monsoon,1.0,1,908,1071,No Fatality,0,1,5
6822,2023-06-22,2023-06-22,1.0,Heavy Rains & Floods,Assam,0.0,0.0,2023.0,6.0,22.0,2.0,3.0,25,Monsoon,1.0,1,908,1071,No Fatality,0,1,5
6823,2023-06-22,2023-06-22,1.0,Heavy Rains & Floods,Assam,0.0,0.0,2023.0,6.0,22.0,2.0,3.0,25,Monsoon,1.0,1,908,1071,No Fatality,0,1,5
6824,2023-06-22,2023-06-22,1.0,Heavy Rains & Floods,Assam,0.0,0.0,2023.0,6.0,22.0,2.0,3.0,25,Monsoon,1.0,1,908,1071,No Fatality,0,1,5
6825,2023-06-22,2023-06-22,1.0,Heavy Rains & Floods,Assam,0.0,0.0,2023.0,6.0,22.0,2.0,3.0,25,Monsoon,1.0,1,908,1071,No Fatality,0,1,5
6826,2023-06-22,2023-06-22,1.0,Heavy Rains & Floods,Assam,0.0,0.0,2023.0,6.0,22.0,2.0,3.0,25,Monsoon,1.0,1,908,1071,No Fatality,0,1,5
6827,2023-06-22,2023-06-22,1.0,Heavy Rains & Floods,Assam,0.0,0.0,2023.0,6.0,22.0,2.0,3.0,25,Monsoon,1.0,1,908,1071,No Fatality,0,1,5
6828,2023-06-22,2023-06-22,1.0,Heavy Rains & Floods,Assam,0.0,0.0,2023.0,6.0,22.0,2.0,3.0,25,Monsoon,1.0,1,908,1071,No Fatality,0,1,5
6829,2023-06-22,2023-06-22,1.0,Heavy Rains & Floods,Assam,0.0,0.0,2023.0,6.0,22.0,2.0,3.0,25,Monsoon,1.0,1,908,1071,No Fatality,0,1,5
6830,2023-06-22,2023-06-22,1.0,Heavy Rains & Floods,Assam,0.0,0.0,2023.0,6.0,22.0,2.0,3.0,25,Monsoon,1.0,1,908,1071,No Fatality,0,1,5
6831,2023-06-22,2023-06-22,1.0,Heavy Rains & Floods,Assam,0.0,0.0,2023.0,6.0,22.0,2.0,3.0,25,Monsoon,1.0,1,908,1071,No Fatality,0,1,5
6832,2023-06-22,2023-06-22,1.0,Heavy Rains & Floods,Assam,0.0,0.0,2023.0,6.0,22.0,2.0,3.0,25,Monsoon,1.0,1,908,1071,No Fatality,0,1,5
6833,2023-06-22,2023-06-22,1.0,Heavy Rains & Floods,Assam,0.0,0.0,2023.0,6.0,22.0,2.0,3.0,25,Monsoon,1.0,1,908,1071,No Fatality,0,1,5
6834,2023-06-22,2023-06-22,1.0,Heavy Rains & Floods,Assam,0.0,0.0,2023.0,6.0,22.0,2.0,3.0,25,Monsoon,1.0,1,908,1071,No Fatality,0,1,5
6835,2023-06-22,2023-06-22,1.0,Heavy Rains & Floods,Assam,0.0,0.0,2023.0,6.0,22.0,2.0,3.0,25,Monsoon,1.0,1,908,1071,No Fatality,0,1,5
6836,2023-06-22,2023-06-22,1.0,Heavy Rains & Floods,Assam,0.0,0.0,2023.0,6.0,22.0,2.0,3.0,25,Monsoon,1.0,1,908,1071,No Fatality,0,1,5
6837,2023-06-22,2023-06-22,1.0,Heavy Rains & Floods,Assam,1.0,0.0,2023.0,6.0,22.0,2.0,3.0,25,Monsoon,1.0,1,908,1071,Low,0,1,5
6838,2023-06-22,2023-06-22,1.0,Heavy Rains & Floods,Assam,0.0,0.0,2023.0,6.0,22.0,2.0,3.0,25,Monsoon,1.0,1,908,1071,No Fatality,0,1,5
6839,2023-06-22,2023-06-22,1.0,Heavy Rains & Floods,Assam,0.0,0.0,2023.0,6.0,22.0,2.0,3.0,25,Monsoon,1.0,1,908,1071,No Fatality,0,1,5
6840,2023-06-23,2023-06-23,1.0,Heavy Rains & Floods,Assam,0.0,0.0,2023.0,6.0,23.0,2.0,4.0,25,Monsoon,1.0,1,908,1071,No Fatality,0,1,5
6841,2023-06-23,2023-06-23,1.0,Heavy Rains & Floods,Assam,0.0,0.0,2023.0,6.0,23.0,2.0,4.0,25,Monsoon,1.0,1,908,1071,No Fatality,0,1,5
6842,2023-06-23,2023-06-23,1.0,Heavy Rains & Floods,Assam,0.0,0.0,2023.0,6.0,23.0,2.0,4.0,25,Monsoon,1.0,1,908,1071,No Fatality,0,1,5
6843,2023-06-23,2023-06-23,1.0,Heavy Rains & Floods,Assam,0.0,0.0,2023.0,6.0,23.0,2.0,4.0,25,Monsoon,1.0,1,908,1071,No Fatality,0,1,5
6844,2023-06-23,2023-06-23,1.0,Heavy Rains & Floods,Assam,0.0,0.0,2023.0,6.0,23.0,2.0,4.0,25,Monsoon,1.0,1,908,1071,No Fatality,0,1,5
6845,2023-06-23,2023-06-23,1.0,Heavy Rains & Floods,Assam,0.0,0.0,2023.0,6.0,23.0,2.0,4.0,25,Monsoon,1.0,1,908,1071,No Fatality,0,1,5
6846,2023-06-23,2023-06-23,1.0,Heavy Rains & Floods,Assam,0.0,0.0,2023.0,6.0,23.0,2.0,4.0,25,Monsoon,1.0,1,908,1071,No Fatality,0,1,5
6847,2023-06-23,2023-06-23,1.0,Heavy Rains & Floods,Assam,0.0,0.0,2023.0,6.0,23.0,2.0,4.0,25,Monsoon,1.0,1,908,1071,No Fatality,0,1,5
6848,2023-06-23,2023-06-23,1.0,Heavy Rains & Floods,Assam,0.0,0.0,2023.0,6.0,23.0,2.0,4.0,25,Monsoon,1.0,1,908,1071,No Fatality,0,1,5
6849,2023-06-23,2023-06-23,1.0,Heavy Rains & Floods,Assam,0.0,0.0,2023.0,6.0,23.0,2.0,4.0,25,Monsoon,1.0,1,908,1071,No Fatality,0,1,5
6850,2023-06-23,2023-06-23,1.0,Heavy Rains & Floods,Assam,0.0,0.0,2023.0,6.0,23.0,2.0,4.0,25,Monsoon,1.0,1,908,1071,No Fatality,0,1,5
6851,2023-06-23,2023-06-23,1.0,Heavy Rains & Floods,Assam,0.0,0.0,2023.0,6.0,23.0,2.0,4.0,25,Monsoon,1.0,1,908,1071,No Fatality,0,1,5
6852,2023-06-23,2023-06-23,1.0,Heavy Rains & Floods,Assam,0.0,0.0,2023.0,6.0,23.0,2.0,4.0,25,Monsoon,1.0,1,908,1071,No Fatality,0,1,5
6853,2023-06-23,2023-06-23,1.0,Heavy Rains & Floods,Assam,1.0,0.0,2023.0,6.0,23.0,2.0,4.0,25,Monsoon,1.0,1,908,1071,Low,0,1,5
6854,2023-06-23,2023-06-23,1.0,Heavy Rains & Floods,Assam,0.0,0.0,2023.0,6.0,23.0,2.0,4.0,25,Monsoon,1.0,1,908,1071,No Fatality,0,1,5
6855,2023-06-24,2023-06-24,1.0,Heavy Rains & Floods,Assam,0.0,0.0,2023.0,6.0,24.0,2.0,5.0,25,Monsoon,1.0,1,908,1071,No Fatality,0,1,5
6856,2023-06-24,2023-06-24,1.0,Heavy Rains & Floods,Assam,0.0,0.0,2023.0,6.0,24.0,2.0,5.0,25,Monsoon,1.0,1,908,1071,No Fatality,0,1,5
6857,2023-06-24,2023-06-24,1.0,Heavy Rains & Floods,Assam,0.0,0.0,2023.0,6.0,24.0,2.0,5.0,25,Monsoon,1.0,1,908,1071,No Fatality,0,1,5
6858,2023-06-24,2023-06-24,1.0,Heavy Rains & Floods,Assam,0.0,0.0,2023.0,6.0,24.0,2.0,5.0,25,Monsoon,1.0,1,908,1071,No Fatality,0,1,5
6859,2023-06-24,2023-06-24,1.0,Heavy Rains & Floods,Assam,0.0,0.0,2023.0,6.0,24.0,2.0,5.0,25,Monsoon,1.0,1,908,1071,No Fatality,0,1,5
6860,2023-06-24,2023-06-24,1.0,Heavy Rains & Floods,Assam,0.0,0.0,2023.0,6.0,24.0,2.0,5.0,25,Monsoon,1.0,1,908,1071,No Fatality,0,1,5
6861,2023-06-24,2023-06-24,1.0,Heavy Rains & Floods,Assam,0.0,0.0,2023.0,6.0,24.0,2.0,5.0,25,Monsoon,1.0,1,908,1071,No Fatality,0,1,5
6862,2023-06-24,2023-06-24,1.0,Heavy Rains & Floods,Assam,0.0,0.0,2023.0,6.0,24.0,2.0,5.0,25,Monsoon,1.0,1,908,1071,No Fatality,0,1,5
6863,2023-06-24,2023-06-24,1.0,Heavy Rains & Floods,Assam,0.0,0.0,2023.0,6.0,24.0,2.0,5.0,25,Monsoon,1.0,1,908,1071,No Fatality,0,1,5
6864,2023-06-24,2023-06-24,1.0,Heavy Rains & Floods,Assam,0.0,0.0,2023.0,6.0,24.0,2.0,5.0,25,Monsoon,1.0,1,908,1071,No Fatality,0,1,5
6865,2023-06-24,2023-06-24,1.0,Heavy Rains & Floods,Assam,0.0,0.0,2023.0,6.0,24.0,2.0,5.0,25,Monsoon,1.0,1,908,1071,No Fatality,0,1,5
6866,2023-06-24,2023-06-24,1.0,Heavy Rains & Floods,Assam,0.0,0.0,2023.0,6.0,24.0,2.0,5.0,25,Monsoon,1.0,1,908,1071,No Fatality,0,1,5
6867,2023-06-24,2023-06-24,1.0,Heavy Rains & Floods,Assam,0.0,0.0,2023.0,6.0,24.0,2.0,5.0,25,Monsoon,1.0,1,908,1071,No Fatality,0,1,5
6868,2023-06-24,2023-06-24,1.0,Heavy Rains & Floods,Assam,0.0,0.0,2023.0,6.0,24.0,2.0,5.0,25,Monsoon,1.0,1,908,1071,No Fatality,0,1,5
6869,2023-06-24,2023-06-24,1.0,Heavy Rains & Floods,Assam,0.0,0.0,2023.0,6.0,24.0,2.0,5.0,25,Monsoon,1.0,1,908,1071,No Fatality,0,1,5
6870,2023-06-25,2023-06-25,1.0,Heavy Rains & Floods,Assam,0.0,0.0,2023.0,6.0,25.0,2.0,6.0,25,Monsoon,1.0,1,908,1071,No Fatality,0,1,5
6871,2023-06-25,2023-06-25,1.0,Heavy Rains & Floods,Assam,0.0,0.0,2023.0,6.0,25.0,2.0,6.0,25,Monsoon,1.0,1,908,1071,No Fatality,0,1,5
6872,2023-06-25,2023-06-25,1.0,Heavy Rains & Floods,Assam,2.0,0.0,2023.0,6.0,25.0,2.0,6.0,25,Monsoon,1.0,1,908,1071,Low,0,1,5
6873,2023-06-25,2023-06-25,1.0,Heavy Rains & Floods,Assam,0.0,0.0,2023.0,6.0,25.0,2.0,6.0,25,Monsoon,1.0,1,908,1071,No Fatality,0,1,5
6874,2023-06-25,2023-06-25,1.0,Heavy Rains & Floods,Assam,0.0,0.0,2023.0,6.0,25.0,2.0,6.0,25,Monsoon,1.0,1,908,1071,No Fatality,0,1,5
6875,2023-06-25,2023-06-25,1.0,Heavy Rains & Floods,Assam,0.0,0.0,2023.0,6.0,25.0,2.0,6.0,25,Monsoon,1.0,1,908,1071,No Fatality,0,1,5
6876,2023-06-25,2023-06-25,1.0,Heavy Rains & Floods,Assam,0.0,0.0,2023.0,6.0,25.0,2.0,6.0,25,Monsoon,1.0,1,908,1071,No Fatality,0,1,5
6877,2023-06-25,2023-06-25,1.0,Heavy Rains & Floods,Assam,0.0,0.0,2023.0,6.0,25.0,2.0,6.0,25,Monsoon,1.0,1,908,1071,No Fatality,0,1,5
6878,2023-06-25,2023-06-25,1.0,Heavy Rains & Floods,Assam,0.0,0.0,2023.0,6.0,25.0,2.0,6.0,25,Monsoon,1.0,1,908,1071,No Fatality,0,1,5
6879,2023-06-25,2023-06-25,1.0,Heavy Rains & Floods,Assam,0.0,0.0,2023.0,6.0,25.0,2.0,6.0,25,Monsoon,1.0,1,908,1071,No Fatality,0,1,5
6880,2023-06-25,2023-06-25,1.0,Heavy Rains & Floods,Assam,0.0,0.0,2023.0,6.0,25.0,2.0,6.0,25,Monsoon,1.0,1,908,1071,No Fatality,0,1,5
6881,2023-06-26,2023-06-26,1.0,Heavy Rains & Floods,Assam,0.0,0.0,2023.0,6.0,26.0,2.0,0.0,26,Monsoon,1.0,1,908,1071,No Fatality,0,1,5
6882,2023-06-26,2023-06-26,1.0,Heavy Rains & Floods,Assam,0.0,0.0,2023.0,6.0,26.0,2.0,0.0,26,Monsoon,1.0,1,908,1071,No Fatality,0,1,5
6883,2023-06-26,2023-06-26,1.0,Heavy Rains & Floods,Assam,1.0,0.0,2023.0,6.0,26.0,2.0,0.0,26,Monsoon,1.0,1,908,1071,Low,0,1,5
6884,2023-06-26,2023-06-26,1.0,Heavy Rains & Floods,Assam,0.0,0.0,2023.0,6.0,26.0,2.0,0.0,26,Monsoon,1.0,1,908,1071,No Fatality,0,1,5
6885,2023-06-26,2023-06-26,1.0,Heavy Rains & Floods,Assam,0.0,0.0,2023.0,6.0,26.0,2.0,0.0,26,Monsoon,1.0,1,908,1071,No Fatality,0,1,5
6886,2023-06-26,2023-06-26,1.0,Heavy Rains & Floods,Assam,0.0,0.0,2023.0,6.0,26.0,2.0,0.0,26,Monsoon,1.0,1,908,1071,No Fatality,0,1,5
6887,2023-06-26,2023-06-26,1.0,Heavy Rains & Floods,Assam,0.0,0.0,2023.0,6.0,26.0,2.0,0.0,26,Monsoon,1.0,1,908,1071,No Fatality,0,1,5
6888,2023-06-26,2023-06-26,1.0,Heavy Rains & Floods,Assam,0.0,0.0,2023.0,6.0,26.0,2.0,0.0,26,Monsoon,1.0,1,908,1071,No Fatality,0,1,5
6889,2023-06-26,2023-06-26,1.0,Heavy Rains & Floods,Assam,0.0,0.0,2023.0,6.0,26.0,2.0,0.0,26,Monsoon,1.0,1,908,1071,No Fatality,0,1,5
6890,2023-06-26,2023-06-26,1.0,Heavy Rains & Floods,Assam,0.0,0.0,2023.0,6.0,26.0,2.0,0.0,26,Monsoon,1.0,1,908,1071,No Fatality,0,1,5
6891,2023-06-26,2023-06-26,1.0,Heavy Rains & Floods,Assam,0.0,0.0,2023.0,6.0,26.0,2.0,0.0,26,Monsoon,1.0,1,908,1071,No Fatality,0,1,5
6892,2023-06-27,2023-06-27,1.0,Heavy Rains & Floods,Assam,0.0,0.0,2023.0,6.0,27.0,2.0,1.0,26,Monsoon,1.0,1,908,1071,No Fatality,0,1,5
6893,2023-06-27,2023-06-27,1.0,Heavy Rains & Floods,Assam,0.0,0.0,2023.0,6.0,27.0,2.0,1.0,26,Monsoon,1.0,1,908,1071,No Fatality,0,1,5
6894,2023-06-27,2023-06-27,1.0,Heavy Rains & Floods,Assam,0.0,0.0,2023.0,6.0,27.0,2.0,1.0,26,Monsoon,1.0,1,908,1071,No Fatality,0,1,5
6895,2023-06-27,2023-06-27,1.0,Heavy Rains & Floods,Assam,0.0,0.0,2023.0,6.0,27.0,2.0,1.0,26,Monsoon,1.0,1,908,1071,No Fatality,0,1,5
6896,2023-06-27,2023-06-27,1.0,Heavy Rains & Floods,Assam,0.0,0.0,2023.0,6.0,27.0,2.0,1.0,26,Monsoon,1.0,1,908,1071,No Fatality,0,1,5
6897,2023-06-27,2023-06-27,1.0,Heavy Rains & Floods,Assam,1.0,0.0,2023.0,6.0,27.0,2.0,1.0,26,Monsoon,1.0,1,908,1071,Low,0,1,5
6898,2023-06-27,2023-06-27,1.0,Heavy Rains & Floods,Assam,0.0,0.0,2023.0,6.0,27.0,2.0,1.0,26,Monsoon,1.0,1,908,1071,No Fatality,0,1,5
6899,2023-06-27,2023-06-27,1.0,Heavy Rains & Floods,Assam,0.0,0.0,2023.0,6.0,27.0,2.0,1.0,26,Monsoon,1.0,1,908,1071,No Fatality,0,1,5
6900,2023-06-27,2023-06-27,1.0,Heavy Rains & Floods,Assam,0.0,0.0,2023.0,6.0,27.0,2.0,1.0,26,Monsoon,1.0,1,908,1071,No Fatality,0,1,5
6901,2023-06-27,2023-06-27,1.0,Heavy Rains & Floods,Assam,0.0,0.0,2023.0,6.0,27.0,2.0,1.0,26,Monsoon,1.0,1,908,1071,No Fatality,0,1,5
6902,2023-06-27,2023-06-27,1.0,Heavy Rains & Floods,Assam,0.0,0.0,2023.0,6.0,27.0,2.0,1.0,26,Monsoon,1.0,1,908,1071,No Fatality,0,1,5
6903,2023-06-27,2023-06-27,1.0,Heavy Rains & Floods,Assam,0.0,0.0,2023.0,6.0,27.0,2.0,1.0,26,Monsoon,1.0,1,908,1071,No Fatality,0,1,5
6904,2023-07-05,2023-07-05,1.0,Heavy Rains & Floods,Assam,0.0,0.0,2023.0,7.0,5.0,3.0,2.0,27,Monsoon,1.0,1,908,1709,No Fatality,0,1,5
6905,2023-07-05,2023-07-05,1.0,Heavy Rains & Floods,Assam,0.0,0.0,2023.0,7.0,5.0,3.0,2.0,27,Monsoon,1.0,1,908,1709,No Fatality,0,1,5
6906,2023-07-05,2023-07-05,1.0,Heavy Rains & Floods,Assam,0.0,0.0,2023.0,7.0,5.0,3.0,2.0,27,Monsoon,1.0,1,908,1709,No Fatality,0,1,5
6907,2023-07-05,2023-07-05,1.0,Heavy Rains & Floods,Assam,0.0,0.0,2023.0,7.0,5.0,3.0,2.0,27,Monsoon,1.0,1,908,1709,No Fatality,0,1,5
6908,2023-07-05,2023-07-05,1.0,Heavy Rains & Floods,Assam,0.0,0.0,2023.0,7.0,5.0,3.0,2.0,27,Monsoon,1.0,1,908,1709,No Fatality,0,1,5
6909,2023-07-05,2023-07-05,1.0,Heavy Rains & Floods,Assam,0.0,0.0,2023.0,7.0,5.0,3.0,2.0,27,Monsoon,1.0,1,908,1709,No Fatality,0,1,5
6910,2023-07-16,2023-07-16,1.0,Heavy Rains & Floods,Assam,0.0,0.0,2023.0,7.0,16.0,3.0,6.0,28,Monsoon,1.0,1,908,1709,No Fatality,0,1,5
6911,2023-07-16,2023-07-16,1.0,Heavy Rains & Floods,Assam,0.0,0.0,2023.0,7.0,16.0,3.0,6.0,28,Monsoon,1.0,1,908,1709,No Fatality,0,1,5
6912,2023-07-16,2023-07-16,1.0,Heavy Rains & Floods,Assam,0.0,0.0,2023.0,7.0,16.0,3.0,6.0,28,Monsoon,1.0,1,908,1709,No Fatality,0,1,5
6913,2023-07-16,2023-07-16,1.0,Heavy Rains & Floods,Assam,0.0,0.0,2023.0,7.0,16.0,3.0,6.0,28,Monsoon,1.0,1,908,1709,No Fatality,0,1,5
6914,2023-07-16,2023-07-16,1.0,Heavy Rains & Floods,Assam,0.0,0.0,2023.0,7.0,16.0,3.0,6.0,28,Monsoon,1.0,1,908,1709,No Fatality,0,1,5
6915,2023-07-16,2023-07-16,1.0,Heavy Rains & Floods,Assam,0.0,0.0,2023.0,7.0,16.0,3.0,6.0,28,Monsoon,1.0,1,908,1709,No Fatality,0,1,5
6916,2023-07-16,2023-07-16,1.0,Heavy Rains & Floods,Assam,0.0,0.0,2023.0,7.0,16.0,3.0,6.0,28,Monsoon,1.0,1,908,1709,No Fatality,0,1,5
6917,2023-07-16,2023-07-16,1.0,Heavy Rains & Floods,Assam,0.0,0.0,2023.0,7.0,16.0,3.0,6.0,28,Monsoon,1.0,1,908,1709,No Fatality,0,1,5
6918,2023-07-16,2023-07-16,1.0,Heavy Rains & Floods,Assam,0.0,0.0,2023.0,7.0,16.0,3.0,6.0,28,Monsoon,1.0,1,908,1709,No Fatality,0,1,5
6919,2023-07-16,2023-07-16,1.0,Heavy Rains & Floods,Assam,0.0,0.0,2023.0,7.0,16.0,3.0,6.0,28,Monsoon,1.0,1,908,1709,No Fatality,0,1,5
6920,2023-07-16,2023-07-16,1.0,Heavy Rains & Floods,Assam,0.0,0.0,2023.0,7.0,16.0,3.0,6.0,28,Monsoon,1.0,1,908,1709,No Fatality,0,1,5
6921,2023-07-16,2023-07-16,1.0,Heavy Rains & Floods,Assam,0.0,0.0,2023.0,7.0,16.0,3.0,6.0,28,Monsoon,1.0,1,908,1709,No Fatality,0,1,5
6922,2023-07-16,2023-07-16,1.0,Heavy Rains & Floods,Assam,0.0,0.0,2023.0,7.0,16.0,3.0,6.0,28,Monsoon,1.0,1,908,1709,No Fatality,0,1,5
6923,2023-07-16,2023-07-16,1.0,Heavy Rains & Floods,Assam,0.0,0.0,2023.0,7.0,16.0,3.0,6.0,28,Monsoon,1.0,1,908,1709,No Fatality,0,1,5
6924,2023-07-16,2023-07-16,1.0,Heavy Rains & Floods,Assam,0.0,0.0,2023.0,7.0,16.0,3.0,6.0,28,Monsoon,1.0,1,908,1709,No Fatality,0,1,5
6925,2023-07-16,2023-07-16,1.0,Heavy Rains & Floods,Assam,1.0,0.0,2023.0,7.0,16.0,3.0,6.0,28,Monsoon,1.0,1,908,1709,Low,0,1,5
6926,2023-07-16,2023-07-16,1.0,Heavy Rains & Floods,Assam,0.0,0.0,2023.0,7.0,16.0,3.0,6.0,28,Monsoon,1.0,1,908,1709,No Fatality,0,1,5
6927,2023-07-18,2023-07-18,1.0,Heavy Rains & Floods,Assam,0.0,0.0,2023.0,7.0,18.0,3.0,1.0,29,Monsoon,1.0,1,908,1709,No Fatality,0,1,5
6928,2023-07-18,2023-07-18,1.0,Heavy Rains & Floods,Assam,0.0,0.0,2023.0,7.0,18.0,3.0,1.0,29,Monsoon,1.0,1,908,1709,No Fatality,0,1,5
6929,2023-07-18,2023-07-18,1.0,Heavy Rains & Floods,Assam,0.0,0.0,2023.0,7.0,18.0,3.0,1.0,29,Monsoon,1.0,1,908,1709,No Fatality,0,1,5
6930,2023-07-18,2023-07-18,1.0,Heavy Rains & Floods,Assam,0.0,0.0,2023.0,7.0,18.0,3.0,1.0,29,Monsoon,1.0,1,908,1709,No Fatality,0,1,5
6931,2023-07-18,2023-07-18,1.0,Heavy Rains & Floods,Assam,0.0,0.0,2023.0,7.0,18.0,3.0,1.0,29,Monsoon,1.0,1,908,1709,No Fatality,0,1,5
6932,2023-07-18,2023-07-18,1.0,Heavy Rains & Floods,Assam,0.0,0.0,2023.0,7.0,18.0,3.0,1.0,29,Monsoon,1.0,1,908,1709,No Fatality,0,1,5
6933,2023-07-18,2023-07-18,1.0,Heavy Rains & Floods,Assam,0.0,0.0,2023.0,7.0,18.0,3.0,1.0,29,Monsoon,1.0,1,908,1709,No Fatality,0,1,5
6934,2023-07-18,2023-07-18,1.0,Heavy Rains & Floods,Assam,0.0,0.0,2023.0,7.0,18.0,3.0,1.0,29,Monsoon,1.0,1,908,1709,No Fatality,0,1,5
6935,2023-07-18,2023-07-18,1.0,Heavy Rains & Floods,Assam,0.0,0.0,2023.0,7.0,18.0,3.0,1.0,29,Monsoon,1.0,1,908,1709,No Fatality,0,1,5
6936,2023-07-18,2023-07-18,1.0,Heavy Rains & Floods,Assam,0.0,0.0,2023.0,7.0,18.0,3.0,1.0,29,Monsoon,1.0,1,908,1709,No Fatality,0,1,5
6937,2023-07-18,2023-07-18,1.0,Heavy Rains & Floods,Assam,0.0,0.0,2023.0,7.0,18.0,3.0,1.0,29,Monsoon,1.0,1,908,1709,No Fatality,0,1,5
6938,2023-07-18,2023-07-18,1.0,Heavy Rains & Floods,Assam,0.0,0.0,2023.0,7.0,18.0,3.0,1.0,29,Monsoon,1.0,1,908,1709,No Fatality,0,1,5
6939,2023-07-18,2023-07-18,1.0,Heavy Rains & Floods,Assam,0.0,0.0,2023.0,7.0,18.0,3.0,1.0,29,Monsoon,1.0,1,908,1709,No Fatality,0,1,5
6940,2023-07-18,2023-07-18,1.0,Heavy Rains & Floods,Assam,1.0,0.0,2023.0,7.0,18.0,3.0,1.0,29,Monsoon,1.0,1,908,1709,Low,0,1,5
6941,2023-08-07,2023-08-07,1.0,Heavy Rains & Floods,Assam,0.0,0.0,2023.0,8.0,7.0,3.0,0.0,32,Monsoon,1.0,1,908,1382,No Fatality,0,1,5
6942,2023-08-07,2023-08-07,1.0,Heavy Rains & Floods,Assam,0.0,0.0,2023.0,8.0,7.0,3.0,0.0,32,Monsoon,1.0,1,908,1382,No Fatality,0,1,5
6943,2023-08-07,2023-08-07,1.0,Heavy Rains & Floods,Assam,1.0,0.0,2023.0,8.0,7.0,3.0,0.0,32,Monsoon,1.0,1,908,1382,Low,0,1,5
6944,2023-08-07,2023-08-07,1.0,Heavy Rains & Floods,Assam,0.0,0.0,2023.0,8.0,7.0,3.0,0.0,32,Monsoon,1.0,1,908,1382,No Fatality,0,1,5
6945,2023-08-07,2023-08-07,1.0,Heavy Rains & Floods,Assam,0.0,0.0,2023.0,8.0,7.0,3.0,0.0,32,Monsoon,1.0,1,908,1382,No Fatality,0,1,5
6946,2023-08-10,2023-08-10,1.0,Heavy Rains & Floods,Assam,0.0,0.0,2023.0,8.0,10.0,3.0,3.0,32,Monsoon,1.0,1,908,1382,No Fatality,0,1,5
6947,2023-08-10,2023-08-10,1.0,Heavy Rains & Floods,Assam,0.0,0.0,2023.0,8.0,10.0,3.0,3.0,32,Monsoon,1.0,1,908,1382,No Fatality,0,1,5
6948,2023-08-10,2023-08-10,1.0,Heavy Rains & Floods,Assam,0.0,0.0,2023.0,8.0,10.0,3.0,3.0,32,Monsoon,1.0,1,908,1382,No Fatality,0,1,5
6949,2023-08-10,2023-08-10,1.0,Heavy Rains & Floods,Assam,1.0,0.0,2023.0,8.0,10.0,3.0,3.0,32,Monsoon,1.0,1,908,1382,Low,0,1,5
6950,2023-08-10,2023-08-10,1.0,Heavy Rains & Floods,Assam,0.0,0.0,2023.0,8.0,10.0,3.0,3.0,32,Monsoon,1.0,1,908,1382,No Fatality,0,1,5
6951,2023-08-10,2023-08-10,1.0,Heavy Rains & Floods,Assam,0.0,0.0,2023.0,8.0,10.0,3.0,3.0,32,Monsoon,1.0,1,908,1382,No Fatality,0,1,5
6952,2023-08-10,2023-08-10,1.0,Heavy Rains & Floods,Assam,0.0,0.0,2023.0,8.0,10.0,3.0,3.0,32,Monsoon,1.0,1,908,1382,No Fatality,0,1,5
6953,2023-08-12,2023-08-12,1.0,Heavy Rains & Floods,Assam,0.0,0.0,2023.0,8.0,12.0,3.0,5.0,32,Monsoon,1.0,1,908,1382,No Fatality,0,1,5
6954,2023-08-12,2023-08-12,1.0,Heavy Rains & Floods,Assam,0.0,0.0,2023.0,8.0,12.0,3.0,5.0,32,Monsoon,1.0,1,908,1382,No Fatality,0,1,5
6955,2023-08-12,2023-08-12,1.0,Heavy Rains & Floods,Assam,0.0,0.0,2023.0,8.0,12.0,3.0,5.0,32,Monsoon,1.0,1,908,1382,No Fatality,0,1,5
6956,2023-08-12,2023-08-12,1.0,Heavy Rains & Floods,Assam,0.0,0.0,2023.0,8.0,12.0,3.0,5.0,32,Monsoon,1.0,1,908,1382,No Fatality,0,1,5
6957,2023-08-12,2023-08-12,1.0,Heavy Rains & Floods,Assam,0.0,0.0,2023.0,8.0,12.0,3.0,5.0,32,Monsoon,1.0,1,908,1382,No Fatality,0,1,5
6958,2023-08-12,2023-08-12,1.0,Heavy Rains & Floods,Assam,0.0,0.0,2023.0,8.0,12.0,3.0,5.0,32,Monsoon,1.0,1,908,1382,No Fatality,0,1,5
6959,2023-08-12,2023-08-12,1.0,Heavy Rains & Floods,Assam,1.0,0.0,2023.0,8.0,12.0,3.0,5.0,32,Monsoon,1.0,1,908,1382,Low,0,1,5
6960,2023-08-12,2023-08-12,1.0,Heavy Rains & Floods,Assam,0.0,0.0,2023.0,8.0,12.0,3.0,5.0,32,Monsoon,1.0,1,908,1382,No Fatality,0,1,5
6961,2023-08-13,2023-08-13,1.0,Heavy Rains & Floods,Assam,0.0,0.0,2023.0,8.0,13.0,3.0,6.0,32,Monsoon,1.0,1,908,1382,No Fatality,0,1,5
6962,2023-08-13,2023-08-13,1.0,Heavy Rains & Floods,Assam,0.0,0.0,2023.0,8.0,13.0,3.0,6.0,32,Monsoon,1.0,1,908,1382,No Fatality,0,1,5
6963,2023-08-13,2023-08-13,1.0,Heavy Rains & Floods,Assam,0.0,0.0,2023.0,8.0,13.0,3.0,6.0,32,Monsoon,1.0,1,908,1382,No Fatality,0,1,5
6964,2023-08-13,2023-08-13,1.0,Heavy Rains & Floods,Assam,0.0,0.0,2023.0,8.0,13.0,3.0,6.0,32,Monsoon,1.0,1,908,1382,No Fatality,0,1,5
6965,2023-08-13,2023-08-13,1.0,Heavy Rains & Floods,Assam,0.0,0.0,2023.0,8.0,13.0,3.0,6.0,32,Monsoon,1.0,1,908,1382,No Fatality,0,1,5
6966,2023-08-13,2023-08-13,1.0,Heavy Rains & Floods,Assam,0.0,0.0,2023.0,8.0,13.0,3.0,6.0,32,Monsoon,1.0,1,908,1382,No Fatality,0,1,5
6967,2023-08-13,2023-08-13,1.0,Heavy Rains & Floods,Assam,0.0,0.0,2023.0,8.0,13.0,3.0,6.0,32,Monsoon,1.0,1,908,1382,No Fatality,0,1,5
6968,2023-08-13,2023-08-13,1.0,Heavy Rains & Floods,Assam,2.0,0.0,2023.0,8.0,13.0,3.0,6.0,32,Monsoon,1.0,1,908,1382,Low,0,1,5
6969,2023-08-27,2023-08-27,1.0,Heavy Rains & Floods,Assam,0.0,0.0,2023.0,8.0,27.0,3.0,6.0,34,Monsoon,1.0,1,908,1382,No Fatality,0,1,5
6970,2023-08-27,2023-08-27,1.0,Heavy Rains & Floods,Assam,0.0,0.0,2023.0,8.0,27.0,3.0,6.0,34,Monsoon,1.0,1,908,1382,No Fatality,0,1,5
6971,2023-08-27,2023-08-27,1.0,Heavy Rains & Floods,Assam,0.0,0.0,2023.0,8.0,27.0,3.0,6.0,34,Monsoon,1.0,1,908,1382,No Fatality,0,1,5
6972,2023-08-27,2023-08-27,1.0,Heavy Rains & Floods,Assam,0.0,0.0,2023.0,8.0,27.0,3.0,6.0,34,Monsoon,1.0,1,908,1382,No Fatality,0,1,5
6973,2023-08-27,2023-08-27,1.0,Heavy Rains & Floods,Assam,0.0,0.0,2023.0,8.0,27.0,3.0,6.0,34,Monsoon,1.0,1,908,1382,No Fatality,0,1,5
6974,2023-08-27,2023-08-27,1.0,Heavy Rains & Floods,Assam,0.0,0.0,2023.0,8.0,27.0,3.0,6.0,34,Monsoon,1.0,1,908,1382,No Fatality,0,1,5
6975,2023-08-27,2023-08-27,1.0,Heavy Rains & Floods,Assam,0.0,0.0,2023.0,8.0,27.0,3.0,6.0,34,Monsoon,1.0,1,908,1382,No Fatality,0,1,5
6976,2023-08-27,2023-08-27,1.0,Heavy Rains & Floods,Assam,0.0,0.0,2023.0,8.0,27.0,3.0,6.0,34,Monsoon,1.0,1,908,1382,No Fatality,0,1,5
6977,2023-08-27,2023-08-27,1.0,Heavy Rains & Floods,Assam,0.0,0.0,2023.0,8.0,27.0,3.0,6.0,34,Monsoon,1.0,1,908,1382,No Fatality,0,1,5
6978,2023-08-27,2023-08-27,1.0,Heavy Rains & Floods,Assam,0.0,0.0,2023.0,8.0,27.0,3.0,6.0,34,Monsoon,1.0,1,908,1382,No Fatality,0,1,5
6979,2023-08-27,2023-08-27,1.0,Heavy Rains & Floods,Assam,0.0,0.0,2023.0,8.0,27.0,3.0,6.0,34,Monsoon,1.0,1,908,1382,No Fatality,0,1,5
6980,2023-08-27,2023-08-27,1.0,Heavy Rains & Floods,Assam,0.0,0.0,2023.0,8.0,27.0,3.0,6.0,34,Monsoon,1.0,1,908,1382,No Fatality,0,1,5
6981,2023-08-27,2023-08-27,1.0,Heavy Rains & Floods,Assam,0.0,0.0,2023.0,8.0,27.0,3.0,6.0,34,Monsoon,1.0,1,908,1382,No Fatality,0,1,5
6982,2023-08-27,2023-08-27,1.0,Heavy Rains & Floods,Assam,1.0,0.0,2023.0,8.0,27.0,3.0,6.0,34,Monsoon,1.0,1,908,1382,Low,0,1,5
6983,2023-08-27,2023-08-27,1.0,Heavy Rains & Floods,Assam,0.0,0.0,2023.0,8.0,27.0,3.0,6.0,34,Monsoon,1.0,1,908,1382,No Fatality,0,1,5
6984,2023-08-27,2023-08-27,1.0,Heavy Rains & Floods,Assam,0.0,0.0,2023.0,8.0,27.0,3.0,6.0,34,Monsoon,1.0,1,908,1382,No Fatality,0,1,5
6985,2023-08-27,2023-08-27,1.0,Heavy Rains & Floods,Assam,0.0,0.0,2023.0,8.0,27.0,3.0,6.0,34,Monsoon,1.0,1,908,1382,No Fatality,0,1,5
6986,2023-08-30,2023-08-30,1.0,Heavy Rains & Floods,Assam,0.0,0.0,2023.0,8.0,30.0,3.0,2.0,35,Monsoon,1.0,1,908,1382,No Fatality,0,1,5
6987,2023-08-30,2023-08-30,1.0,Heavy Rains & Floods,Assam,0.0,0.0,2023.0,8.0,30.0,3.0,2.0,35,Monsoon,1.0,1,908,1382,No Fatality,0,1,5
6988,2023-08-30,2023-08-30,1.0,Heavy Rains & Floods,Assam,0.0,0.0,2023.0,8.0,30.0,3.0,2.0,35,Monsoon,1.0,1,908,1382,No Fatality,0,1,5
6989,2023-08-30,2023-08-30,1.0,Heavy Rains & Floods,Assam,0.0,0.0,2023.0,8.0,30.0,3.0,2.0,35,Monsoon,1.0,1,908,1382,No Fatality,0,1,5
6990,2023-08-30,2023-08-30,1.0,Heavy Rains & Floods,Assam,0.0,0.0,2023.0,8.0,30.0,3.0,2.0,35,Monsoon,1.0,1,908,1382,No Fatality,0,1,5
6991,2023-08-30,2023-08-30,1.0,Heavy Rains & Floods,Assam,0.0,0.0,2023.0,8.0,30.0,3.0,2.0,35,Monsoon,1.0,1,908,1382,No Fatality,0,1,5
6992,2023-08-30,2023-08-30,1.0,Heavy Rains & Floods,Assam,0.0,0.0,2023.0,8.0,30.0,3.0,2.0,35,Monsoon,1.0,1,908,1382,No Fatality,0,1,5
6993,2023-08-30,2023-08-30,1.0,Heavy Rains & Floods,Assam,0.0,0.0,2023.0,8.0,30.0,3.0,2.0,35,Monsoon,1.0,1,908,1382,No Fatality,0,1,5
6994,2023-08-30,2023-08-30,1.0,Heavy Rains & Floods,Assam,0.0,0.0,2023.0,8.0,30.0,3.0,2.0,35,Monsoon,1.0,1,908,1382,No Fatality,0,1,5
6995,2023-08-30,2023-08-30,1.0,Heavy Rains & Floods,Assam,1.0,0.0,2023.0,8.0,30.0,3.0,2.0,35,Monsoon,1.0,1,908,1382,Low,0,1,5
6996,2023-08-30,2023-08-30,1.0,Heavy Rains & Floods,Assam,0.0,0.0,2023.0,8.0,30.0,3.0,2.0,35,Monsoon,1.0,1,908,1382,No Fatality,0,1,5
6997,2023-08-30,2023-08-30,1.0,Heavy Rains & Floods,Assam,0.0,0.0,2023.0,8.0,30.0,3.0,2.0,35,Monsoon,1.0,1,908,1382,No Fatality,0,1,5
6998,2023-08-30,2023-08-30,1.0,Heavy Rains & Floods,Assam,0.0,0.0,2023.0,8.0,30.0,3.0,2.0,35,Monsoon,1.0,1,908,1382,No Fatality,0,1,5
6999,2023-08-30,2023-08-30,1.0,Heavy Rains & Floods,Assam,0.0,0.0,2023.0,8.0,30.0,3.0,2.0,35,Monsoon,1.0,1,908,1382,No Fatality,0,1,5
7000,2023-08-30,2023-08-30,1.0,Heavy Rains & Floods,Assam,0.0,0.0,2023.0,8.0,30.0,3.0,2.0,35,Monsoon,1.0,1,908,1382,No Fatality,0,1,5
7001,2023-08-30,2023-08-30,1.0,Heavy Rains & Floods,Assam,0.0,0.0,2023.0,8.0,30.0,3.0,2.0,35,Monsoon,1.0,1,908,1382,No Fatality,0,1,5
7002,2023-08-30,2023-08-30,1.0,Heavy Rains & Floods,Assam,0.0,0.0,2023.0,8.0,30.0,3.0,2.0,35,Monsoon,1.0,1,908,1382,No Fatality,0,1,5
7003,2023-08-30,2023-08-30,1.0,Heavy Rains & Floods,Assam,0.0,0.0,2023.0,8.0,30.0,3.0,2.0,35,Monsoon,1.0,1,908,1382,No Fatality,0,1,5
7004,2023-08-30,2023-08-30,1.0,Heavy Rains & Floods,Assam,0.0,0.0,2023.0,8.0,30.0,3.0,2.0,35,Monsoon,1.0,1,908,1382,No Fatality,0,1,5
7005,2023-09-01,2023-09-01,1.0,Heavy Rains & Floods,Assam,0.0,0.0,2023.0,9.0,1.0,3.0,4.0,35,Monsoon,1.0,1,908,938,No Fatality,0,1,5
7006,2023-09-01,2023-09-01,1.0,Heavy Rains & Floods,Assam,0.0,0.0,2023.0,9.0,1.0,3.0,4.0,35,Monsoon,1.0,1,908,938,No Fatality,0,1,5
7007,2023-09-01,2023-09-01,1.0,Heavy Rains & Floods,Assam,0.0,0.0,2023.0,9.0,1.0,3.0,4.0,35,Monsoon,1.0,1,908,938,No Fatality,0,1,5
7008,2023-09-01,2023-09-01,1.0,Heavy Rains & Floods,Assam,1.0,0.0,2023.0,9.0,1.0,3.0,4.0,35,Monsoon,1.0,1,908,938,Low,0,1,5
7009,2023-09-01,2023-09-01,1.0,Heavy Rains & Floods,Assam,0.0,0.0,2023.0,9.0,1.0,3.0,4.0,35,Monsoon,1.0,1,908,938,No Fatality,0,1,5
7010,2023-09-01,2023-09-01,1.0,Heavy Rains & Floods,Assam,0.0,0.0,2023.0,9.0,1.0,3.0,4.0,35,Monsoon,1.0,1,908,938,No Fatality,0,1,5
7011,2023-09-01,2023-09-01,1.0,Heavy Rains & Floods,Assam,0.0,0.0,2023.0,9.0,1.0,3.0,4.0,35,Monsoon,1.0,1,908,938,No Fatality,0,1,5
7012,2023-09-01,2023-09-01,1.0,Heavy Rains & Floods,Assam,0.0,0.0,2023.0,9.0,1.0,3.0,4.0,35,Monsoon,1.0,1,908,938,No Fatality,0,1,5
7013,2023-09-01,2023-09-01,1.0,Heavy Rains & Floods,Assam,0.0,0.0,2023.0,9.0,1.0,3.0,4.0,35,Monsoon,1.0,1,908,938,No Fatality,0,1,5
7014,2023-09-01,2023-09-01,1.0,Heavy Rains & Floods,Assam,0.0,0.0,2023.0,9.0,1.0,3.0,4.0,35,Monsoon,1.0,1,908,938,No Fatality,0,1,5
7015,2023-09-01,2023-09-01,1.0,Heavy Rains & Floods,Assam,0.0,0.0,2023.0,9.0,1.0,3.0,4.0,35,Monsoon,1.0,1,908,938,No Fatality,0,1,5
7016,2023-09-01,2023-09-01,1.0,Heavy Rains & Floods,Assam,0.0,0.0,2023.0,9.0,1.0,3.0,4.0,35,Monsoon,1.0,1,908,938,No Fatality,0,1,5
7017,2023-09-01,2023-09-01,1.0,Heavy Rains & Floods,Assam,0.0,0.0,2023.0,9.0,1.0,3.0,4.0,35,Monsoon,1.0,1,908,938,No Fatality,0,1,5
7018,2023-09-01,2023-09-01,1.0,Heavy Rains & Floods,Assam,0.0,0.0,2023.0,9.0,1.0,3.0,4.0,35,Monsoon,1.0,1,908,938,No Fatality,0,1,5
7019,2023-09-01,2023-09-01,1.0,Heavy Rains & Floods,Assam,0.0,0.0,2023.0,9.0,1.0,3.0,4.0,35,Monsoon,1.0,1,908,938,No Fatality,0,1,5
7020,2023-09-01,2023-09-01,1.0,Heavy Rains & Floods,Assam,0.0,0.0,2023.0,9.0,1.0,3.0,4.0,35,Monsoon,1.0,1,908,938,No Fatality,0,1,5
7021,2023-09-01,2023-09-01,1.0,Heavy Rains & Floods,Assam,0.0,0.0,2023.0,9.0,1.0,3.0,4.0,35,Monsoon,1.0,1,908,938,No Fatality,0,1,5
7022,2023-09-01,2023-09-01,1.0,Heavy Rains & Floods,Assam,0.0,0.0,2023.0,9.0,1.0,3.0,4.0,35,Monsoon,1.0,1,908,938,No Fatality,0,1,5
7023,2023-09-02,2023-09-02,1.0,Heavy Rains & Floods,Assam,0.0,0.0,2023.0,9.0,2.0,3.0,5.0,35,Monsoon,1.0,1,908,938,No Fatality,0,1,5
7024,2023-09-02,2023-09-02,1.0,Heavy Rains & Floods,Assam,0.0,0.0,2023.0,9.0,2.0,3.0,5.0,35,Monsoon,1.0,1,908,938,No Fatality,0,1,5
7025,2023-09-02,2023-09-02,1.0,Heavy Rains & Floods,Assam,0.0,0.0,2023.0,9.0,2.0,3.0,5.0,35,Monsoon,1.0,1,908,938,No Fatality,0,1,5
7026,2023-09-02,2023-09-02,1.0,Heavy Rains & Floods,Assam,0.0,0.0,2023.0,9.0,2.0,3.0,5.0,35,Monsoon,1.0,1,908,938,No Fatality,0,1,5
7027,2023-09-02,2023-09-02,1.0,Heavy Rains & Floods,Assam,0.0,0.0,2023.0,9.0,2.0,3.0,5.0,35,Monsoon,1.0,1,908,938,No Fatality,0,1,5
7028,2023-09-02,2023-09-02,1.0,Heavy Rains & Floods,Assam,0.0,0.0,2023.0,9.0,2.0,3.0,5.0,35,Monsoon,1.0,1,908,938,No Fatality,0,1,5
7029,2023-09-02,2023-09-02,1.0,Heavy Rains & Floods,Assam,0.0,0.0,2023.0,9.0,2.0,3.0,5.0,35,Monsoon,1.0,1,908,938,No Fatality,0,1,5
7030,2023-09-02,2023-09-02,1.0,Heavy Rains & Floods,Assam,0.0,0.0,2023.0,9.0,2.0,3.0,5.0,35,Monsoon,1.0,1,908,938,No Fatality,0,1,5
7031,2023-09-02,2023-09-02,1.0,Heavy Rains & Floods,Assam,0.0,0.0,2023.0,9.0,2.0,3.0,5.0,35,Monsoon,1.0,1,908,938,No Fatality,0,1,5
7032,2023-09-02,2023-09-02,1.0,Heavy Rains & Floods,Assam,0.0,0.0,2023.0,9.0,2.0,3.0,5.0,35,Monsoon,1.0,1,908,938,No Fatality,0,1,5
7033,2023-09-02,2023-09-02,1.0,Heavy Rains & Floods,Assam,0.0,0.0,2023.0,9.0,2.0,3.0,5.0,35,Monsoon,1.0,1,908,938,No Fatality,0,1,5
7034,2023-09-02,2023-09-02,1.0,Heavy Rains & Floods,Assam,0.0,0.0,2023.0,9.0,2.0,3.0,5.0,35,Monsoon,1.0,1,908,938,No Fatality,0,1,5
7035,2023-07-04,2023-07-04,1.0,Heavy Rains,Bihar,1.0,2.0,2023.0,7.0,4.0,3.0,1.0,27,Monsoon,1.0,1,149,1709,Low,0,1,9
7036,2023-03-19,2023-03-20,2.0,Unseasonal Heavy  Rains,Chhattisgarh,0.0,0.0,2023.0,3.0,19.0,1.0,6.0,11,Summer,2.0,1,52,166,No Fatality,0,0,17
7037,2023-03-19,2023-03-20,2.0,Unseasonal Heavy  Rains,Chhattisgarh,0.0,0.0,2023.0,3.0,19.0,1.0,6.0,11,Summer,2.0,1,52,166,No Fatality,0,0,17
7038,2023-03-19,2023-03-20,2.0,Unseasonal Heavy  Rains,Chhattisgarh,0.0,0.0,2023.0,3.0,19.0,1.0,6.0,11,Summer,2.0,1,52,166,No Fatality,0,0,17
7039,2023-03-19,2023-03-20,2.0,Unseasonal Heavy  Rains,Chhattisgarh,0.0,0.0,2023.0,3.0,19.0,1.0,6.0,11,Summer,2.0,1,52,166,No Fatality,0,0,17
7040,2023-04-25,2023-04-25,1.0,Heavy Rains,Chhattisgarh,0.0,0.0,2023.0,4.0,25.0,2.0,1.0,17,Summer,1.0,1,52,171,No Fatality,0,0,17
7041,2023-07-27,2023-07-27,1.0,Heavy Rains,Chhattisgarh,0.0,0.0,2023.0,7.0,27.0,3.0,3.0,30,Monsoon,1.0,1,52,1709,No Fatality,0,1,17
7042,2023-06-26,2023-06-26,1.0,Heavy Rains,Chhattisgarh,1.0,0.0,2023.0,6.0,26.0,2.0,0.0,26,Monsoon,1.0,1,52,1071,Low,0,1,17
7043,2023-03-17,2023-03-17,1.0,Unseasonal Heavy Rains,Gujarat,1.0,0.0,2023.0,3.0,17.0,1.0,4.0,11,Summer,1.0,1,168,166,Low,0,0,26
7044,2023-07-18,2023-07-18,1.0,Heavy Rains,Gujarat,0.0,0.0,2023.0,7.0,18.0,3.0,1.0,29,Monsoon,1.0,1,168,1709,No Fatality,0,1,26
7045,2023-07-18,2023-07-18,1.0,Heavy Rains,Gujarat,0.0,0.0,2023.0,7.0,18.0,3.0,1.0,29,Monsoon,1.0,1,168,1709,No Fatality,0,1,26
7046,2023-07-18,2023-07-18,1.0,Heavy Rains,Gujarat,0.0,0.0,2023.0,7.0,18.0,3.0,1.0,29,Monsoon,1.0,1,168,1709,No Fatality,0,1,26
7047,2023-07-18,2023-07-18,1.0,Heavy Rains,Gujarat,0.0,0.0,2023.0,7.0,18.0,3.0,1.0,29,Monsoon,1.0,1,168,1709,No Fatality,0,1,26
7048,2023-07-19,2023-07-19,1.0,Heavy Rains & Floods,Gujarat,0.0,0.0,2023.0,7.0,19.0,3.0,2.0,29,Monsoon,1.0,1,168,1709,No Fatality,0,1,26
7049,2023-07-19,2023-07-19,1.0,Heavy Rains & Floods,Gujarat,0.0,0.0,2023.0,7.0,19.0,3.0,2.0,29,Monsoon,1.0,1,168,1709,No Fatality,0,1,26
7050,2023-07-19,2023-07-19,1.0,Heavy Rains & Floods,Gujarat,0.0,0.0,2023.0,7.0,19.0,3.0,2.0,29,Monsoon,1.0,1,168,1709,No Fatality,0,1,26
7051,2023-07-19,2023-07-19,1.0,Heavy Rains & Floods,Gujarat,0.0,0.0,2023.0,7.0,19.0,3.0,2.0,29,Monsoon,1.0,1,168,1709,No Fatality,0,1,26
7052,2023-07-21,2023-07-23,3.0,Unknown,Gujarat,0.0,0.0,2023.0,7.0,21.0,3.0,4.0,29,Monsoon,3.0,1,168,1709,No Fatality,0,1,26
7053,2023-07-21,2023-07-23,3.0,Unknown,Gujarat,0.0,0.0,2023.0,7.0,21.0,3.0,4.0,29,Monsoon,3.0,1,168,1709,No Fatality,0,1,26
7054,2023-07-21,2023-07-23,3.0,Unknown,Gujarat,0.0,0.0,2023.0,7.0,21.0,3.0,4.0,29,Monsoon,3.0,1,168,1709,No Fatality,0,1,26
7055,2023-07-21,2023-07-23,3.0,Unknown,Gujarat,0.0,0.0,2023.0,7.0,21.0,3.0,4.0,29,Monsoon,3.0,1,168,1709,No Fatality,0,1,26
7056,2023-07-21,2023-07-23,3.0,Unknown,Gujarat,0.0,0.0,2023.0,7.0,21.0,3.0,4.0,29,Monsoon,3.0,1,168,1709,No Fatality,0,1,26
7057,2023-07-21,2023-07-23,3.0,Unknown,Gujarat,1.0,0.0,2023.0,7.0,21.0,3.0,4.0,29,Monsoon,3.0,1,168,1709,Low,0,1,26
7058,2023-06-25,2023-06-25,1.0,Heavy Rains & Floods,Haryana ,0.0,2.0,2023.0,6.0,25.0,2.0,6.0,25,Monsoon,1.0,1,29,1071,No Fatality,0,1,28
7059,2023-07-08,2023-07-11,4.0,Heavy Rains & Floods,Haryana ,7.0,0.0,2023.0,7.0,8.0,3.0,5.0,27,Monsoon,4.0,1,29,1709,Low,0,1,28
7060,2023-07-08,2023-07-11,4.0,Heavy Rains & Floods,Haryana ,0.0,0.0,2023.0,7.0,8.0,3.0,5.0,27,Monsoon,4.0,1,29,1709,No Fatality,0,1,28
7061,2023-07-08,2023-07-11,4.0,Heavy Rains & Floods,Haryana ,0.0,0.0,2023.0,7.0,8.0,3.0,5.0,27,Monsoon,4.0,1,29,1709,No Fatality,0,1,28
7062,2023-07-08,2023-07-11,4.0,Heavy Rains & Floods,Haryana ,0.0,0.0,2023.0,7.0,8.0,3.0,5.0,27,Monsoon,4.0,1,29,1709,No Fatality,0,1,28
7063,2023-07-08,2023-07-11,4.0,Heavy Rains & Floods,Haryana ,0.0,0.0,2023.0,7.0,8.0,3.0,5.0,27,Monsoon,4.0,1,29,1709,No Fatality,0,1,28
7064,2023-07-08,2023-07-11,4.0,Heavy Rains & Floods,Haryana ,0.0,3.0,2023.0,7.0,8.0,3.0,5.0,27,Monsoon,4.0,1,29,1709,No Fatality,0,1,28
7065,2023-07-08,2023-07-11,4.0,Heavy Rains & Floods,Haryana ,0.0,0.0,2023.0,7.0,8.0,3.0,5.0,27,Monsoon,4.0,1,29,1709,No Fatality,0,1,28
7066,2023-07-08,2023-07-11,4.0,Heavy Rains & Floods,Haryana ,0.0,0.0,2023.0,7.0,8.0,3.0,5.0,27,Monsoon,4.0,1,29,1709,No Fatality,0,1,28
7067,2023-07-08,2023-07-11,4.0,Heavy Rains & Floods,Haryana ,0.0,0.0,2023.0,7.0,8.0,3.0,5.0,27,Monsoon,4.0,1,29,1709,No Fatality,0,1,28
7068,2023-07-08,2023-07-11,4.0,Heavy Rains & Floods,Haryana ,0.0,0.0,2023.0,7.0,8.0,3.0,5.0,27,Monsoon,4.0,1,29,1709,No Fatality,0,1,28
7069,2023-07-28,2023-07-28,1.0,Heavy Rains,Haryana ,0.0,0.0,2023.0,7.0,28.0,3.0,4.0,30,Monsoon,1.0,1,29,1709,No Fatality,0,1,28
7070,2023-06-24,2023-06-25,2.0,Heavy Rains & Floods,Himachal Pradesh,1.0,0.0,2023.0,6.0,24.0,2.0,5.0,25,Monsoon,2.0,1,362,1071,Low,0,1,29
7071,2023-06-24,2023-06-25,2.0,Heavy Rains & Floods,Himachal Pradesh,0.0,0.0,2023.0,6.0,24.0,2.0,5.0,25,Monsoon,2.0,1,362,1071,No Fatality,0,1,29
7072,2023-06-24,2023-06-25,2.0,Heavy Rains & Floods,Himachal Pradesh,0.0,0.0,2023.0,6.0,24.0,2.0,5.0,25,Monsoon,2.0,1,362,1071,No Fatality,0,1,29
7073,2023-06-24,2023-06-25,2.0,Heavy Rains & Floods,Himachal Pradesh,0.0,2.0,2023.0,6.0,24.0,2.0,5.0,25,Monsoon,2.0,1,362,1071,No Fatality,0,1,29
7074,2023-06-24,2023-06-25,2.0,Heavy Rains & Floods,Himachal Pradesh,1.0,0.0,2023.0,6.0,24.0,2.0,5.0,25,Monsoon,2.0,1,362,1071,Low,0,1,29
7075,2023-06-24,2023-06-25,2.0,Heavy Rains & Floods,Himachal Pradesh,0.0,0.0,2023.0,6.0,24.0,2.0,5.0,25,Monsoon,2.0,1,362,1071,No Fatality,0,1,29
7076,2023-06-24,2023-06-25,2.0,Heavy Rains & Floods,Himachal Pradesh,0.0,0.0,2023.0,6.0,24.0,2.0,5.0,25,Monsoon,2.0,1,362,1071,No Fatality,0,1,29
7077,2023-06-24,2023-06-25,2.0,Heavy Rains & Floods,Himachal Pradesh,4.0,0.0,2023.0,6.0,24.0,2.0,5.0,25,Monsoon,2.0,1,362,1071,Low,0,1,29
7078,2023-07-06,2023-07-06,1.0,Heavy Rains,Himachal Pradesh,1.0,2.0,2023.0,7.0,6.0,3.0,3.0,27,Monsoon,1.0,1,362,1709,Low,0,1,29
7079,2023-07-06,2023-07-06,1.0,Heavy Rains,Himachal Pradesh,0.0,0.0,2023.0,7.0,6.0,3.0,3.0,27,Monsoon,1.0,1,362,1709,No Fatality,0,1,29
7080,2023-07-09,2023-07-11,3.0,"Heavy Rains,  Floods & Landslides",Himachal Pradesh,18.0,0.0,2023.0,7.0,9.0,3.0,6.0,27,Monsoon,3.0,1,362,1709,Medium,1,1,29
7081,2023-07-09,2023-07-11,3.0,"Heavy Rains,  Floods & Landslides",Himachal Pradesh,1.0,0.0,2023.0,7.0,9.0,3.0,6.0,27,Monsoon,3.0,1,362,1709,Low,0,1,29
7082,2023-07-09,2023-07-11,3.0,"Heavy Rains,  Floods & Landslides",Himachal Pradesh,1.0,0.0,2023.0,7.0,9.0,3.0,6.0,27,Monsoon,3.0,1,362,1709,Low,0,1,29
7083,2023-07-09,2023-07-11,3.0,"Heavy Rains,  Floods & Landslides",Himachal Pradesh,0.0,0.0,2023.0,7.0,9.0,3.0,6.0,27,Monsoon,3.0,1,362,1709,No Fatality,0,1,29
7084,2023-07-09,2023-07-11,3.0,"Heavy Rains,  Floods & Landslides",Himachal Pradesh,0.0,0.0,2023.0,7.0,9.0,3.0,6.0,27,Monsoon,3.0,1,362,1709,No Fatality,0,1,29
7085,2023-07-09,2023-07-11,3.0,"Heavy Rains,  Floods & Landslides",Himachal Pradesh,11.0,0.0,2023.0,7.0,9.0,3.0,6.0,27,Monsoon,3.0,1,362,1709,Medium,1,1,29
7086,2023-07-09,2023-07-11,3.0,"Heavy Rains,  Floods & Landslides",Himachal Pradesh,0.0,0.0,2023.0,7.0,9.0,3.0,6.0,27,Monsoon,3.0,1,362,1709,No Fatality,0,1,29
7087,2023-07-09,2023-07-11,3.0,"Heavy Rains,  Floods & Landslides",Himachal Pradesh,0.0,0.0,2023.0,7.0,9.0,3.0,6.0,27,Monsoon,3.0,1,362,1709,No Fatality,0,1,29
7088,2023-07-16,2023-07-16,1.0,Heavy Rains,Himachal Pradesh,1.0,3.0,2023.0,7.0,16.0,3.0,6.0,28,Monsoon,1.0,1,362,1709,Low,0,1,29
7089,2023-07-18,2023-07-18,1.0,Heavy Rains,Himachal Pradesh,3.0,0.0,2023.0,7.0,18.0,3.0,1.0,29,Monsoon,1.0,1,362,1709,Low,0,1,29
7090,2023-07-22,2023-07-22,1.0,Landslide,Himachal Pradesh,2.0,0.0,2023.0,7.0,22.0,3.0,5.0,29,Monsoon,1.0,1,362,1709,Low,0,1,29
7091,2023-07-22,2023-07-22,1.0,Heavy Rains & Flash  Floods,Himachal Pradesh,3.0,0.0,2023.0,7.0,22.0,3.0,5.0,29,Monsoon,1.0,1,362,1709,Low,0,1,29
7092,2023-08-09,2023-08-09,1.0,Heavy Rains,Himachal Pradesh,5.0,0.0,2023.0,8.0,9.0,3.0,2.0,32,Monsoon,1.0,1,362,1382,Low,0,1,29
7093,2023-08-11,2023-08-11,1.0,Landslide,Himachal Pradesh,7.0,4.0,2023.0,8.0,11.0,3.0,4.0,32,Monsoon,1.0,1,362,1382,Low,0,1,29
7094,2023-08-13,2023-08-13,1.0,"Heavy Rains, Cloud burst,  Floods",Himachal Pradesh,1.0,0.0,2023.0,8.0,13.0,3.0,6.0,32,Monsoon,1.0,1,362,1382,Low,0,1,29
7095,2023-08-13,2023-08-13,1.0,"Heavy Rains, Cloud burst,  Floods",Himachal Pradesh,2.0,0.0,2023.0,8.0,13.0,3.0,6.0,32,Monsoon,1.0,1,362,1382,Low,0,1,29
7096,2023-08-13,2023-08-13,1.0,"Heavy Rains, Cloud burst,  Floods",Himachal Pradesh,0.0,0.0,2023.0,8.0,13.0,3.0,6.0,32,Monsoon,1.0,1,362,1382,No Fatality,0,1,29
7097,2023-08-13,2023-08-13,1.0,"Heavy Rains, Cloud burst,  Floods",Himachal Pradesh,0.0,1.0,2023.0,8.0,13.0,3.0,6.0,32,Monsoon,1.0,1,362,1382,No Fatality,0,1,29
7098,2023-08-13,2023-08-13,1.0,"Heavy Rains, Cloud burst,  Floods",Himachal Pradesh,1.0,0.0,2023.0,8.0,13.0,3.0,6.0,32,Monsoon,1.0,1,362,1382,Low,0,1,29
7099,2023-08-13,2023-08-13,1.0,"Heavy Rains, Cloud burst,  Floods",Himachal Pradesh,7.0,0.0,2023.0,8.0,13.0,3.0,6.0,32,Monsoon,1.0,1,362,1382,Low,0,1,29
7100,2023-08-13,2023-08-13,1.0,Landslides,Himachal Pradesh,3.0,3.0,2023.0,8.0,13.0,3.0,6.0,32,Monsoon,1.0,1,362,1382,Low,0,1,29
7101,2023-08-13,2023-08-13,1.0,Landslides,Himachal Pradesh,3.0,0.0,2023.0,8.0,13.0,3.0,6.0,32,Monsoon,1.0,1,362,1382,Low,0,1,29
7102,2023-08-13,2023-08-13,1.0,Landslides,Himachal Pradesh,14.0,0.0,2023.0,8.0,13.0,3.0,6.0,32,Monsoon,1.0,1,362,1382,Medium,1,1,29
7103,2023-08-14,2023-08-14,1.0,Landslides,Himachal Pradesh,22.0,0.0,2023.0,8.0,14.0,3.0,0.0,33,Monsoon,1.0,1,362,1382,Medium,1,1,29
7104,2023-08-14,2023-08-14,1.0,Landslide,Himachal Pradesh,2.0,2.0,2023.0,8.0,14.0,3.0,0.0,33,Monsoon,1.0,1,362,1382,Low,0,1,29
7105,2023-08-15,2023-08-15,1.0,Landslide,Himachal Pradesh,2.0,0.0,2023.0,8.0,15.0,3.0,1.0,33,Monsoon,1.0,1,362,1382,Low,0,1,29
7106,2023-08-13,2023-08-17,5.0,Heavy Rains & Landslides,Himachal Pradesh,0.0,0.0,2023.0,8.0,13.0,3.0,6.0,32,Monsoon,5.0,1,362,1382,No Fatality,0,1,29
7107,2023-08-13,2023-08-17,5.0,Heavy Rains & Landslides,Himachal Pradesh,0.0,0.0,2023.0,8.0,13.0,3.0,6.0,32,Monsoon,5.0,1,362,1382,No Fatality,0,1,29
7108,2023-08-13,2023-08-17,5.0,Heavy Rains & Landslides,Himachal Pradesh,0.0,0.0,2023.0,8.0,13.0,3.0,6.0,32,Monsoon,5.0,1,362,1382,No Fatality,0,1,29
7109,2023-08-13,2023-08-17,5.0,Heavy Rains & Landslides,Himachal Pradesh,0.0,0.0,2023.0,8.0,13.0,3.0,6.0,32,Monsoon,5.0,1,362,1382,No Fatality,0,1,29
7110,2023-08-13,2023-08-17,5.0,Heavy Rains & Landslides,Himachal Pradesh,0.0,0.0,2023.0,8.0,13.0,3.0,6.0,32,Monsoon,5.0,1,362,1382,No Fatality,0,1,29
7111,2023-08-23,2023-08-24,2.0,Heavy Rains & Landslides,Himachal Pradesh,0.0,0.0,2023.0,8.0,23.0,3.0,2.0,34,Monsoon,2.0,1,362,1382,No Fatality,0,1,29
7112,2023-08-23,2023-08-24,2.0,Heavy Rains & Landslides,Himachal Pradesh,0.0,0.0,2023.0,8.0,23.0,3.0,2.0,34,Monsoon,2.0,1,362,1382,No Fatality,0,1,29
7113,2023-08-23,2023-08-24,2.0,Heavy Rains & Landslides,Himachal Pradesh,0.0,0.0,2023.0,8.0,23.0,3.0,2.0,34,Monsoon,2.0,1,362,1382,No Fatality,0,1,29
7114,2023-08-23,2023-08-24,2.0,Heavy Rains & Landslides,Himachal Pradesh,0.0,0.0,2023.0,8.0,23.0,3.0,2.0,34,Monsoon,2.0,1,362,1382,No Fatality,0,1,29
7115,2023-08-23,2023-08-24,2.0,Heavy Rains & Landslides,Himachal Pradesh,0.0,0.0,2023.0,8.0,23.0,3.0,2.0,34,Monsoon,2.0,1,362,1382,No Fatality,0,1,29
7116,2023-08-23,2023-08-24,2.0,Heavy Rains & Landslides,Himachal Pradesh,0.0,0.0,2023.0,8.0,23.0,3.0,2.0,34,Monsoon,2.0,1,362,1382,No Fatality,0,1,29
7117,2023-08-23,2023-08-24,2.0,Heavy Rains & Landslides,Himachal Pradesh,0.0,0.0,2023.0,8.0,23.0,3.0,2.0,34,Monsoon,2.0,1,362,1382,No Fatality,0,1,29
7118,2023-08-23,2023-08-24,2.0,Heavy Rains & Landslides,Himachal Pradesh,0.0,0.0,2023.0,8.0,23.0,3.0,2.0,34,Monsoon,2.0,1,362,1382,No Fatality,0,1,29
7119,2023-08-23,2023-08-23,1.0,Landslides,Himachal Pradesh,5.0,0.0,2023.0,8.0,23.0,3.0,2.0,34,Monsoon,1.0,1,362,1382,Low,0,1,29
7120,2023-08-23,2023-08-23,1.0,Landslide,Himachal Pradesh,2.0,0.0,2023.0,8.0,23.0,3.0,2.0,34,Monsoon,1.0,1,362,1382,Low,0,1,29
7121,2023-05-21,2023-05-21,1.0,Heavy Rains & Floods,Karnataka,2.0,0.0,2023.0,5.0,21.0,2.0,6.0,20,Summer,1.0,1,491,479,Low,0,0,37
7122,2023-07-05,2023-07-05,1.0,Heavy Rains,Karnataka,0.0,0.0,2023.0,7.0,5.0,3.0,2.0,27,Monsoon,1.0,1,491,1709,No Fatality,0,1,37
7123,2023-07-05,2023-07-05,1.0,Heavy Rains,Karnataka,0.0,0.0,2023.0,7.0,5.0,3.0,2.0,27,Monsoon,1.0,1,491,1709,No Fatality,0,1,37
7124,2023-07-05,2023-07-05,1.0,Heavy Rains,Karnataka,2.0,0.0,2023.0,7.0,5.0,3.0,2.0,27,Monsoon,1.0,1,491,1709,Low,0,1,37
7125,2023-07-05,2023-07-05,1.0,Heavy Rains,Karnataka,0.0,0.0,2023.0,7.0,5.0,3.0,2.0,27,Monsoon,1.0,1,491,1709,No Fatality,0,1,37
7126,2023-07-05,2023-07-05,1.0,Heavy Rains,Karnataka,0.0,0.0,2023.0,7.0,5.0,3.0,2.0,27,Monsoon,1.0,1,491,1709,No Fatality,0,1,37
7127,2023-07-05,2023-07-05,1.0,Heavy Rains,Karnataka,0.0,0.0,2023.0,7.0,5.0,3.0,2.0,27,Monsoon,1.0,1,491,1709,No Fatality,0,1,37
7128,2023-07-23,2023-07-23,1.0,Heavy Rains & Floods,Karnataka,0.0,1.0,2023.0,7.0,23.0,3.0,6.0,29,Monsoon,1.0,1,491,1709,No Fatality,0,1,37
7129,2023-07-23,2023-07-23,1.0,Heavy Rains & Floods,Karnataka,1.0,0.0,2023.0,7.0,23.0,3.0,6.0,29,Monsoon,1.0,1,491,1709,Low,0,1,37
7130,2023-07-25,2023-07-25,1.0,Heavy Rains & Floods,Karnataka,4.0,0.0,2023.0,7.0,25.0,3.0,1.0,30,Monsoon,1.0,1,491,1709,Low,0,1,37
7131,2023-07-25,2023-07-25,1.0,Heavy Rains & Floods,Karnataka,0.0,0.0,2023.0,7.0,25.0,3.0,1.0,30,Monsoon,1.0,1,491,1709,No Fatality,0,1,37
7132,2023-07-25,2023-07-25,1.0,Heavy Rains & Floods,Karnataka,0.0,0.0,2023.0,7.0,25.0,3.0,1.0,30,Monsoon,1.0,1,491,1709,No Fatality,0,1,37
7133,2023-07-03,2023-07-07,5.0,Heavy Rains & Floods,Kerala,0.0,0.0,2023.0,7.0,3.0,3.0,0.0,27,Monsoon,5.0,1,604,1709,No Fatality,0,1,39
7134,2023-07-03,2023-07-07,5.0,Heavy Rains & Floods,Kerala,0.0,0.0,2023.0,7.0,3.0,3.0,0.0,27,Monsoon,5.0,1,604,1709,No Fatality,0,1,39
7135,2023-07-03,2023-07-07,5.0,Heavy Rains & Floods,Kerala,0.0,0.0,2023.0,7.0,3.0,3.0,0.0,27,Monsoon,5.0,1,604,1709,No Fatality,0,1,39
7136,2023-07-03,2023-07-07,5.0,Heavy Rains & Floods,Kerala,0.0,0.0,2023.0,7.0,3.0,3.0,0.0,27,Monsoon,5.0,1,604,1709,No Fatality,0,1,39
7137,2023-07-03,2023-07-07,5.0,Heavy Rains & Floods,Kerala,0.0,0.0,2023.0,7.0,3.0,3.0,0.0,27,Monsoon,5.0,1,604,1709,No Fatality,0,1,39
7138,2023-07-03,2023-07-07,5.0,Heavy Rains & Floods,Kerala,19.0,0.0,2023.0,7.0,3.0,3.0,0.0,27,Monsoon,5.0,1,604,1709,Medium,1,1,39
7139,2023-07-10,2023-07-10,1.0,Heavy Rains & Floods (Nilambur River),Kerala,2.0,0.0,2023.0,7.0,10.0,3.0,0.0,28,Monsoon,1.0,1,604,1709,Low,0,1,39
7140,2023-07-23,2023-07-23,1.0,Heavy Rains & Floods,Kerala,1.0,0.0,2023.0,7.0,23.0,3.0,6.0,29,Monsoon,1.0,1,604,1709,Low,0,1,39
7141,2023-07-23,2023-07-23,1.0,Heavy Rains & Floods,Kerala,2.0,0.0,2023.0,7.0,23.0,3.0,6.0,29,Monsoon,1.0,1,604,1709,Low,0,1,39
7142,2023-03-06,2023-03-09,4.0,Unseasonal Heavy Rains,Madhya Pradesh,0.0,0.0,2023.0,3.0,6.0,1.0,0.0,10,Summer,4.0,1,238,166,No Fatality,0,0,43
7143,2023-03-06,2023-03-09,4.0,Unseasonal Heavy Rains,Madhya Pradesh,0.0,0.0,2023.0,3.0,6.0,1.0,0.0,10,Summer,4.0,1,238,166,No Fatality,0,0,43
7144,2023-03-06,2023-03-09,4.0,Unseasonal Heavy Rains,Madhya Pradesh,0.0,0.0,2023.0,3.0,6.0,1.0,0.0,10,Summer,4.0,1,238,166,No Fatality,0,0,43
7145,2023-03-06,2023-03-09,4.0,Unseasonal Heavy Rains,Madhya Pradesh,0.0,0.0,2023.0,3.0,6.0,1.0,0.0,10,Summer,4.0,1,238,166,No Fatality,0,0,43
7146,2023-03-17,2023-03-19,3.0,Unseasonal Heavy Rains,Madhya Pradesh,0.0,0.0,2023.0,3.0,17.0,1.0,4.0,11,Summer,3.0,1,238,166,No Fatality,0,0,43
7147,2023-03-17,2023-03-19,3.0,Unseasonal Heavy Rains,Madhya Pradesh,0.0,0.0,2023.0,3.0,17.0,1.0,4.0,11,Summer,3.0,1,238,166,No Fatality,0,0,43
7148,2023-03-17,2023-03-19,3.0,Unseasonal Heavy Rains,Madhya Pradesh,0.0,0.0,2023.0,3.0,17.0,1.0,4.0,11,Summer,3.0,1,238,166,No Fatality,0,0,43
7149,2023-03-17,2023-03-19,3.0,Unseasonal Heavy Rains,Madhya Pradesh,0.0,0.0,2023.0,3.0,17.0,1.0,4.0,11,Summer,3.0,1,238,166,No Fatality,0,0,43
7150,2023-03-17,2023-03-19,3.0,Unseasonal Heavy Rains,Madhya Pradesh,0.0,0.0,2023.0,3.0,17.0,1.0,4.0,11,Summer,3.0,1,238,166,No Fatality,0,0,43
7151,2023-03-17,2023-03-19,3.0,Unseasonal Heavy Rains,Madhya Pradesh,0.0,0.0,2023.0,3.0,17.0,1.0,4.0,11,Summer,3.0,1,238,166,No Fatality,0,0,43
7152,2023-03-17,2023-03-19,3.0,Unseasonal Heavy Rains,Madhya Pradesh,0.0,0.0,2023.0,3.0,17.0,1.0,4.0,11,Summer,3.0,1,238,166,No Fatality,0,0,43
7153,2023-03-17,2023-03-19,3.0,Unseasonal Heavy Rains,Madhya Pradesh,0.0,0.0,2023.0,3.0,17.0,1.0,4.0,11,Summer,3.0,1,238,166,No Fatality,0,0,43
7154,2023-03-17,2023-03-19,3.0,Unseasonal Heavy Rains,Madhya Pradesh,0.0,0.0,2023.0,3.0,17.0,1.0,4.0,11,Summer,3.0,1,238,166,No Fatality,0,0,43
7155,2023-03-17,2023-03-19,3.0,Unseasonal Heavy Rains,Madhya Pradesh,0.0,0.0,2023.0,3.0,17.0,1.0,4.0,11,Summer,3.0,1,238,166,No Fatality,0,0,43
7156,2023-03-17,2023-03-19,3.0,Unseasonal Heavy Rains,Madhya Pradesh,0.0,0.0,2023.0,3.0,17.0,1.0,4.0,11,Summer,3.0,1,238,166,No Fatality,0,0,43
7157,2023-03-17,2023-03-19,3.0,Unseasonal Heavy Rains,Madhya Pradesh,0.0,0.0,2023.0,3.0,17.0,1.0,4.0,11,Summer,3.0,1,238,166,No Fatality,0,0,43
7158,2023-03-17,2023-03-19,3.0,Unseasonal Heavy Rains,Madhya Pradesh,0.0,0.0,2023.0,3.0,17.0,1.0,4.0,11,Summer,3.0,1,238,166,No Fatality,0,0,43
7159,2023-03-17,2023-03-19,3.0,Unseasonal Heavy Rains,Madhya Pradesh,0.0,0.0,2023.0,3.0,17.0,1.0,4.0,11,Summer,3.0,1,238,166,No Fatality,0,0,43
7160,2023-03-17,2023-03-19,3.0,Unseasonal Heavy Rains,Madhya Pradesh,0.0,0.0,2023.0,3.0,17.0,1.0,4.0,11,Summer,3.0,1,238,166,No Fatality,0,0,43
7161,2023-03-17,2023-03-19,3.0,Unseasonal Heavy Rains,Madhya Pradesh,0.0,0.0,2023.0,3.0,17.0,1.0,4.0,11,Summer,3.0,1,238,166,No Fatality,0,0,43
7162,2023-03-17,2023-03-19,3.0,Unseasonal Heavy Rains,Madhya Pradesh,0.0,0.0,2023.0,3.0,17.0,1.0,4.0,11,Summer,3.0,1,238,166,No Fatality,0,0,43
7163,2023-03-17,2023-03-19,3.0,Unseasonal Heavy Rains,Madhya Pradesh,0.0,0.0,2023.0,3.0,17.0,1.0,4.0,11,Summer,3.0,1,238,166,No Fatality,0,0,43
7164,2023-03-17,2023-03-19,3.0,Unseasonal Heavy Rains,Madhya Pradesh,0.0,0.0,2023.0,3.0,17.0,1.0,4.0,11,Summer,3.0,1,238,166,No Fatality,0,0,43
7165,2023-03-17,2023-03-19,3.0,Unseasonal Heavy Rains,Madhya Pradesh,0.0,0.0,2023.0,3.0,17.0,1.0,4.0,11,Summer,3.0,1,238,166,No Fatality,0,0,43
7166,2023-03-17,2023-03-19,3.0,Unseasonal Heavy Rains,Madhya Pradesh,0.0,0.0,2023.0,3.0,17.0,1.0,4.0,11,Summer,3.0,1,238,166,No Fatality,0,0,43
7167,2023-03-17,2023-03-19,3.0,Unseasonal Heavy Rains,Madhya Pradesh,0.0,0.0,2023.0,3.0,17.0,1.0,4.0,11,Summer,3.0,1,238,166,No Fatality,0,0,43
7168,2023-03-17,2023-03-19,3.0,Unseasonal Heavy Rains,Madhya Pradesh,0.0,0.0,2023.0,3.0,17.0,1.0,4.0,11,Summer,3.0,1,238,166,No Fatality,0,0,43
7169,2023-08-21,2023-08-21,1.0,Heavy Rains & Floods,Madhya Pradesh,1.0,0.0,2023.0,8.0,21.0,3.0,0.0,34,Monsoon,1.0,1,238,1382,Low,0,1,43
7170,2023-08-21,2023-08-21,1.0,Heavy Rains & Floods,Madhya Pradesh,1.0,0.0,2023.0,8.0,21.0,3.0,0.0,34,Monsoon,1.0,1,238,1382,Low,0,1,43
7182,2023-07-01,2023-07-01,1.0,Heavy Rains ,Madhya Pradesh,1.0,0.0,2023.0,7.0,1.0,3.0,5.0,26,Monsoon,1.0,1,238,1709,Low,0,1,43
7183,2023-07-02,2023-07-02,1.0,Heavy Rains,Madhya Pradesh,1.0,0.0,2023.0,7.0,2.0,3.0,6.0,26,Monsoon,1.0,1,238,1709,Low,0,1,43
7184,2023-07-10,2023-07-10,1.0,Heavy Rains ,Madhya Pradesh,3.0,0.0,2023.0,7.0,10.0,3.0,0.0,28,Monsoon,1.0,1,238,1709,Low,0,1,43
7185,2023-07-14,2023-07-14,1.0,Heavy Rains & Floods,Madhya Pradesh,0.0,0.0,2023.0,7.0,14.0,3.0,4.0,28,Monsoon,1.0,1,238,1709,No Fatality,0,1,43
7186,2023-07-14,2023-07-14,1.0,Heavy Rains & Floods,Madhya Pradesh,0.0,0.0,2023.0,7.0,14.0,3.0,4.0,28,Monsoon,1.0,1,238,1709,No Fatality,0,1,43
7187,2023-07-14,2023-07-14,1.0,Heavy Rains & Floods,Madhya Pradesh,0.0,0.0,2023.0,7.0,14.0,3.0,4.0,28,Monsoon,1.0,1,238,1709,No Fatality,0,1,43
7188,2023-07-14,2023-07-14,1.0,Heavy Rains & Floods,Madhya Pradesh,0.0,0.0,2023.0,7.0,14.0,3.0,4.0,28,Monsoon,1.0,1,238,1709,No Fatality,0,1,43
7189,2023-07-14,2023-07-14,1.0,Heavy Rains & Floods,Madhya Pradesh,0.0,0.0,2023.0,7.0,14.0,3.0,4.0,28,Monsoon,1.0,1,238,1709,No Fatality,0,1,43
7190,2023-07-30,2023-07-30,1.0,Heavy Rains ,Madhya Pradesh,3.0,0.0,2023.0,7.0,30.0,3.0,6.0,30,Monsoon,1.0,1,238,1709,Low,0,1,43
7191,2023-07-30,2023-07-30,1.0,Heavy Rains ,Madhya Pradesh,0.0,0.0,2023.0,7.0,30.0,3.0,6.0,30,Monsoon,1.0,1,238,1709,No Fatality,0,1,43
7192,2023-07-30,2023-07-30,1.0,Heavy Rains ,Madhya Pradesh,0.0,0.0,2023.0,7.0,30.0,3.0,6.0,30,Monsoon,1.0,1,238,1709,No Fatality,0,1,43
7193,2023-07-30,2023-07-30,1.0,Heavy Rains ,Madhya Pradesh,0.0,0.0,2023.0,7.0,30.0,3.0,6.0,30,Monsoon,1.0,1,238,1709,No Fatality,0,1,43
7194,2023-07-30,2023-07-30,1.0,Heavy Rains ,Madhya Pradesh,0.0,0.0,2023.0,7.0,30.0,3.0,6.0,30,Monsoon,1.0,1,238,1709,No Fatality,0,1,43
7195,2023-03-14,2023-03-17,4.0,Unseasonal Heavy Rains,Maharashtra,0.0,23.0,2023.0,3.0,14.0,1.0,1.0,11,Summer,4.0,1,1011,166,No Fatality,0,0,47
7196,2023-03-14,2023-03-17,4.0,Unseasonal Heavy Rains,Maharashtra,0.0,0.0,2023.0,3.0,14.0,1.0,1.0,11,Summer,4.0,1,1011,166,No Fatality,0,0,47
7197,2023-03-14,2023-03-17,4.0,Unseasonal Heavy Rains,Maharashtra,0.0,0.0,2023.0,3.0,14.0,1.0,1.0,11,Summer,4.0,1,1011,166,No Fatality,0,0,47
7198,2023-03-14,2023-03-17,4.0,Unseasonal Heavy Rains,Maharashtra,0.0,0.0,2023.0,3.0,14.0,1.0,1.0,11,Summer,4.0,1,1011,166,No Fatality,0,0,47
7199,2023-03-14,2023-03-17,4.0,Unseasonal Heavy Rains,Maharashtra,0.0,0.0,2023.0,3.0,14.0,1.0,1.0,11,Summer,4.0,1,1011,166,No Fatality,0,0,47
7200,2023-03-14,2023-03-17,4.0,Unseasonal Heavy Rains,Maharashtra,0.0,0.0,2023.0,3.0,14.0,1.0,1.0,11,Summer,4.0,1,1011,166,No Fatality,0,0,47
7201,2023-03-19,2023-03-19,1.0,Unseasonal Heavy Rains,Maharashtra,0.0,0.0,2023.0,3.0,19.0,1.0,6.0,11,Summer,1.0,1,1011,166,No Fatality,0,0,47
7202,2023-03-19,2023-03-19,1.0,Unseasonal Heavy Rains,Maharashtra,0.0,0.0,2023.0,3.0,19.0,1.0,6.0,11,Summer,1.0,1,1011,166,No Fatality,0,0,47
7203,2023-03-19,2023-03-19,1.0,Unseasonal Heavy Rains,Maharashtra,0.0,0.0,2023.0,3.0,19.0,1.0,6.0,11,Summer,1.0,1,1011,166,No Fatality,0,0,47
7204,2023-04-07,2023-04-07,1.0,Heavy Rains,Maharashtra,0.0,0.0,2023.0,4.0,7.0,2.0,4.0,14,Summer,1.0,1,1011,171,No Fatality,0,0,47
7205,2023-04-07,2023-04-07,1.0,Heavy Rains,Maharashtra,0.0,0.0,2023.0,4.0,7.0,2.0,4.0,14,Summer,1.0,1,1011,171,No Fatality,0,0,47
7206,2023-04-07,2023-04-07,1.0,Heavy Rains,Maharashtra,0.0,0.0,2023.0,4.0,7.0,2.0,4.0,14,Summer,1.0,1,1011,171,No Fatality,0,0,47
7207,2023-04-07,2023-04-07,1.0,Heavy Rains,Maharashtra,0.0,0.0,2023.0,4.0,7.0,2.0,4.0,14,Summer,1.0,1,1011,171,No Fatality,0,0,47
7208,2023-04-07,2023-04-07,1.0,Heavy Rains,Maharashtra,0.0,0.0,2023.0,4.0,7.0,2.0,4.0,14,Summer,1.0,1,1011,171,No Fatality,0,0,47
7209,2023-04-07,2023-04-07,1.0,Heavy Rains,Maharashtra,0.0,0.0,2023.0,4.0,7.0,2.0,4.0,14,Summer,1.0,1,1011,171,No Fatality,0,0,47
7210,2023-04-07,2023-04-07,1.0,Heavy Rains,Maharashtra,0.0,0.0,2023.0,4.0,7.0,2.0,4.0,14,Summer,1.0,1,1011,171,No Fatality,0,0,47
7211,2023-04-07,2023-04-07,1.0,Heavy Rains,Maharashtra,0.0,0.0,2023.0,4.0,7.0,2.0,4.0,14,Summer,1.0,1,1011,171,No Fatality,0,0,47
7212,2023-04-07,2023-04-07,1.0,Heavy Rains,Maharashtra,0.0,0.0,2023.0,4.0,7.0,2.0,4.0,14,Summer,1.0,1,1011,171,No Fatality,0,0,47
7213,2023-04-07,2023-04-07,1.0,Heavy Rains,Maharashtra,0.0,0.0,2023.0,4.0,7.0,2.0,4.0,14,Summer,1.0,1,1011,171,No Fatality,0,0,47
7214,2023-04-09,2023-04-09,1.0,Flash floods triggered by torrential rain,Maharashtra,1.0,0.0,2023.0,4.0,9.0,2.0,6.0,14,Summer,1.0,1,1011,171,Low,0,0,47
7215,2023-04-09,2023-04-10,2.0,Heavy Rains,Maharashtra,0.0,0.0,2023.0,4.0,9.0,2.0,6.0,14,Summer,2.0,1,1011,171,No Fatality,0,0,47
7216,2023-04-09,2023-04-10,2.0,Heavy Rains,Maharashtra,0.0,0.0,2023.0,4.0,9.0,2.0,6.0,14,Summer,2.0,1,1011,171,No Fatality,0,0,47
7217,2023-04-09,2023-04-10,2.0,Heavy Rains,Maharashtra,0.0,1.0,2023.0,4.0,9.0,2.0,6.0,14,Summer,2.0,1,1011,171,No Fatality,0,0,47
7218,2023-04-09,2023-04-10,2.0,Heavy Rains,Maharashtra,0.0,0.0,2023.0,4.0,9.0,2.0,6.0,14,Summer,2.0,1,1011,171,No Fatality,0,0,47
7219,2023-04-09,2023-04-10,2.0,Heavy Rains,Maharashtra,0.0,0.0,2023.0,4.0,9.0,2.0,6.0,14,Summer,2.0,1,1011,171,No Fatality,0,0,47
7220,2023-04-15,2023-04-15,1.0,Heavy Rains,Maharashtra,0.0,0.0,2023.0,4.0,15.0,2.0,5.0,15,Summer,1.0,1,1011,171,No Fatality,0,0,47
7221,2023-04-28,2023-04-28,1.0,Heavy Rain,Maharashtra,1.0,10.0,2023.0,4.0,28.0,2.0,4.0,17,Summer,1.0,1,1011,171,Low,0,0,47
7222,2023-06-24,2023-06-24,1.0,Heavy Rains,Maharashtra,0.0,3.0,2023.0,6.0,24.0,2.0,5.0,25,Monsoon,1.0,1,1011,1071,No Fatality,0,1,47
7223,2023-06-25,2023-06-26,2.0,Heavy Rains,Maharashtra,0.0,4.0,2023.0,6.0,25.0,2.0,6.0,25,Monsoon,2.0,1,1011,1071,No Fatality,0,1,47
7224,2023-06-25,2023-06-26,2.0,Heavy Rains,Maharashtra,0.0,0.0,2023.0,6.0,25.0,2.0,6.0,25,Monsoon,2.0,1,1011,1071,No Fatality,0,1,47
7225,2023-06-28,2023-06-28,1.0,Heavy Rains & Floods,Maharashtra,2.0,0.0,2023.0,6.0,28.0,2.0,2.0,26,Monsoon,1.0,1,1011,1071,Low,0,1,47
7226,2023-06-28,2023-06-28,1.0,Heavy Rains & Floods,Maharashtra,2.0,0.0,2023.0,6.0,28.0,2.0,2.0,26,Monsoon,1.0,1,1011,1071,Low,0,1,47
7227,2023-06-28,2023-06-28,1.0,Heavy Rains & Floods,Maharashtra,1.0,0.0,2023.0,6.0,28.0,2.0,2.0,26,Monsoon,1.0,1,1011,1071,Low,0,1,47
7228,2023-06-28,2023-06-28,1.0,Heavy Rains & Floods,Maharashtra,1.0,1.0,2023.0,6.0,28.0,2.0,2.0,26,Monsoon,1.0,1,1011,1071,Low,0,1,47
7229,2023-06-29,2023-06-29,1.0,Heavy Rains,Maharashtra,1.0,5.0,2023.0,6.0,29.0,2.0,3.0,26,Monsoon,1.0,1,1011,1071,Low,0,1,47
7231,2023-07-12,2023-07-12,1.0,Heavy Rains & Floods,Maharashtra,1.0,0.0,2023.0,7.0,12.0,3.0,2.0,28,Monsoon,1.0,1,1011,1709,Low,0,1,47
7232,2023-07-18,2023-07-18,1.0,Heavy Rains & Floods,Maharashtra,0.0,0.0,2023.0,7.0,18.0,3.0,1.0,29,Monsoon,1.0,1,1011,1709,No Fatality,0,1,47
7233,2023-07-18,2023-07-18,1.0,Heavy Rains & Floods,Maharashtra,0.0,0.0,2023.0,7.0,18.0,3.0,1.0,29,Monsoon,1.0,1,1011,1709,No Fatality,0,1,47
7234,2023-07-19,2023-07-19,1.0,Heavy Rains & Floods,Maharashtra,0.0,0.0,2023.0,7.0,19.0,3.0,2.0,29,Monsoon,1.0,1,1011,1709,No Fatality,0,1,47
7235,2023-07-19,2023-07-19,1.0,Heavy Rains & Floods,Maharashtra,0.0,0.0,2023.0,7.0,19.0,3.0,2.0,29,Monsoon,1.0,1,1011,1709,No Fatality,0,1,47
7236,2023-07-19,2023-07-19,1.0,Heavy Rains & Floods,Maharashtra,1.0,1.0,2023.0,7.0,19.0,3.0,2.0,29,Monsoon,1.0,1,1011,1709,Low,0,1,47
7237,2023-07-19,2023-07-19,1.0,Heavy Rains & Floods,Maharashtra,0.0,0.0,2023.0,7.0,19.0,3.0,2.0,29,Monsoon,1.0,1,1011,1709,No Fatality,0,1,47
7238,2023-07-19,2023-07-19,1.0,Heavy Rains & Floods,Maharashtra,1.0,0.0,2023.0,7.0,19.0,3.0,2.0,29,Monsoon,1.0,1,1011,1709,Low,0,1,47
7239,2023-07-19,2023-07-19,1.0,Heavy Rains & Floods,Maharashtra,0.0,0.0,2023.0,7.0,19.0,3.0,2.0,29,Monsoon,1.0,1,1011,1709,No Fatality,0,1,47
7240,2023-07-19,2023-07-19,1.0,Heavy Rains & Floods,Maharashtra,0.0,0.0,2023.0,7.0,19.0,3.0,2.0,29,Monsoon,1.0,1,1011,1709,No Fatality,0,1,47
7241,2023-07-19,2023-07-19,1.0,Heavy Rains & Floods,Maharashtra,0.0,0.0,2023.0,7.0,19.0,3.0,2.0,29,Monsoon,1.0,1,1011,1709,No Fatality,0,1,47
7242,2023-07-19,2023-07-19,1.0,Heavy Rains & Floods,Maharashtra,1.0,0.0,2023.0,7.0,19.0,3.0,2.0,29,Monsoon,1.0,1,1011,1709,Low,0,1,47
7243,2023-07-19,2023-07-19,1.0,Heavy Rains & Floods,Maharashtra,1.0,0.0,2023.0,7.0,19.0,3.0,2.0,29,Monsoon,1.0,1,1011,1709,Low,0,1,47
7244,2023-07-19,2023-07-19,1.0,Massive Landslide,Maharashtra,27.0,0.0,2023.0,7.0,19.0,3.0,2.0,29,Monsoon,1.0,1,1011,1709,Medium,1,1,47
7245,2023-07-20,2023-07-20,1.0,Heavy Rains & Floods,Maharashtra,0.0,0.0,2023.0,7.0,20.0,3.0,3.0,29,Monsoon,1.0,1,1011,1709,No Fatality,0,1,47
7246,2023-07-20,2023-07-20,1.0,Heavy Rains & Floods,Maharashtra,1.0,0.0,2023.0,7.0,20.0,3.0,3.0,29,Monsoon,1.0,1,1011,1709,Low,0,1,47
7247,2023-07-20,2023-07-20,1.0,Heavy Rains & Floods,Maharashtra,1.0,4.0,2023.0,7.0,20.0,3.0,3.0,29,Monsoon,1.0,1,1011,1709,Low,0,1,47
7248,2023-07-21,2023-07-22,2.0,Heavy Rains & Floods,Maharashtra,1.0,0.0,2023.0,7.0,21.0,3.0,4.0,29,Monsoon,2.0,1,1011,1709,Low,0,1,47
7249,2023-07-21,2023-07-22,2.0,Heavy Rains & Floods,Maharashtra,3.0,0.0,2023.0,7.0,21.0,3.0,4.0,29,Monsoon,2.0,1,1011,1709,Low,0,1,47
7250,2023-07-21,2023-07-22,2.0,Heavy Rains & Floods,Maharashtra,1.0,0.0,2023.0,7.0,21.0,3.0,4.0,29,Monsoon,2.0,1,1011,1709,Low,0,1,47
7251,2023-07-21,2023-07-22,2.0,Heavy Rains & Floods,Maharashtra,0.0,0.0,2023.0,7.0,21.0,3.0,4.0,29,Monsoon,2.0,1,1011,1709,No Fatality,0,1,47
7252,2023-07-21,2023-07-22,2.0,Heavy Rains & Floods,Maharashtra,0.0,0.0,2023.0,7.0,21.0,3.0,4.0,29,Monsoon,2.0,1,1011,1709,No Fatality,0,1,47
7253,2023-07-21,2023-07-22,2.0,Heavy Rains & Floods,Maharashtra,1.0,0.0,2023.0,7.0,21.0,3.0,4.0,29,Monsoon,2.0,1,1011,1709,Low,0,1,47
7254,2023-07-21,2023-07-22,2.0,Heavy Rains & Floods,Maharashtra,1.0,0.0,2023.0,7.0,21.0,3.0,4.0,29,Monsoon,2.0,1,1011,1709,Low,0,1,47
7255,2023-07-21,2023-07-22,2.0,Heavy Rains & Floods,Maharashtra,0.0,0.0,2023.0,7.0,21.0,3.0,4.0,29,Monsoon,2.0,1,1011,1709,No Fatality,0,1,47
7256,2023-07-21,2023-07-22,2.0,Heavy Rains & Floods,Maharashtra,4.0,0.0,2023.0,7.0,21.0,3.0,4.0,29,Monsoon,2.0,1,1011,1709,Low,0,1,47
7257,2023-07-23,2023-07-23,1.0,Heavy Rains & Floods ,Maharashtra,0.0,0.0,2023.0,7.0,23.0,3.0,6.0,29,Monsoon,1.0,1,1011,1709,No Fatality,0,1,47
7258,2023-07-23,2023-07-23,1.0,Heavy Rains & Floods ,Maharashtra,0.0,0.0,2023.0,7.0,23.0,3.0,6.0,29,Monsoon,1.0,1,1011,1709,No Fatality,0,1,47
7259,2023-07-23,2023-07-23,1.0,Heavy Rains & Floods ,Maharashtra,0.0,0.0,2023.0,7.0,23.0,3.0,6.0,29,Monsoon,1.0,1,1011,1709,No Fatality,0,1,47
7260,2023-07-23,2023-07-23,1.0,Heavy Rains & Floods ,Maharashtra,0.0,0.0,2023.0,7.0,23.0,3.0,6.0,29,Monsoon,1.0,1,1011,1709,No Fatality,0,1,47
7261,2023-07-26,2023-07-26,1.0,Heavy Rains & Floods,Maharashtra,1.0,0.0,2023.0,7.0,26.0,3.0,2.0,30,Monsoon,1.0,1,1011,1709,Low,0,1,47
7262,2023-07-27,2023-07-27,1.0,Heavy Rains & Floods,Maharashtra,0.0,0.0,2023.0,7.0,27.0,3.0,3.0,30,Monsoon,1.0,1,1011,1709,No Fatality,0,1,47
7263,2023-07-27,2023-07-27,1.0,Heavy Rains & Floods,Maharashtra,1.0,0.0,2023.0,7.0,27.0,3.0,3.0,30,Monsoon,1.0,1,1011,1709,Low,0,1,47
7264,2023-07-27,2023-07-27,1.0,Heavy Rains & Floods,Maharashtra,1.0,0.0,2023.0,7.0,27.0,3.0,3.0,30,Monsoon,1.0,1,1011,1709,Low,0,1,47
7265,2023-07-27,2023-07-27,1.0,Heavy Rains & Floods,Maharashtra,2.0,0.0,2023.0,7.0,27.0,3.0,3.0,30,Monsoon,1.0,1,1011,1709,Low,0,1,47
7266,2023-07-27,2023-07-27,1.0,Heavy Rains & Floods,Maharashtra,2.0,0.0,2023.0,7.0,27.0,3.0,3.0,30,Monsoon,1.0,1,1011,1709,Low,0,1,47
7267,2023-07-27,2023-07-27,1.0,Heavy Rains & Floods,Maharashtra,1.0,0.0,2023.0,7.0,27.0,3.0,3.0,30,Monsoon,1.0,1,1011,1709,Low,0,1,47
7268,2023-07-27,2023-07-27,1.0,Heavy Rains & Floods,Maharashtra,2.0,0.0,2023.0,7.0,27.0,3.0,3.0,30,Monsoon,1.0,1,1011,1709,Low,0,1,47
7269,2023-07-27,2023-07-27,1.0,Heavy Rains & Floods,Maharashtra,0.0,0.0,2023.0,7.0,27.0,3.0,3.0,30,Monsoon,1.0,1,1011,1709,No Fatality,0,1,47
7270,2023-08-19,2023-08-19,1.0,Heavy Rains,Maharashtra,1.0,0.0,2023.0,8.0,19.0,3.0,5.0,33,Monsoon,1.0,1,1011,1382,Low,0,1,47
7271,2023-06-03,2023-06-03,1.0,Landslide,Meghalaya,2.0,3.0,2023.0,6.0,3.0,2.0,5.0,22,Monsoon,1.0,1,57,1071,Low,0,1,51
7272,2023-06-10,2023-06-19,10.0,"Heavy Rains, Floods & Landslide",Meghalaya,0.0,0.0,2023.0,6.0,10.0,2.0,5.0,23,Monsoon,10.0,1,57,1071,No Fatality,0,1,51
7273,2023-06-10,2023-06-19,10.0,"Heavy Rains, Floods & Landslide",Meghalaya,0.0,0.0,2023.0,6.0,10.0,2.0,5.0,23,Monsoon,10.0,1,57,1071,No Fatality,0,1,51
7274,2023-06-10,2023-06-19,10.0,"Heavy Rains, Floods & Landslide",Meghalaya,0.0,0.0,2023.0,6.0,10.0,2.0,5.0,23,Monsoon,10.0,1,57,1071,No Fatality,0,1,51
7275,2023-06-10,2023-06-19,10.0,"Heavy Rains, Floods & Landslide",Meghalaya,0.0,0.0,2023.0,6.0,10.0,2.0,5.0,23,Monsoon,10.0,1,57,1071,No Fatality,0,1,51
7276,2023-06-10,2023-06-19,10.0,"Heavy Rains, Floods & Landslide",Meghalaya,0.0,0.0,2023.0,6.0,10.0,2.0,5.0,23,Monsoon,10.0,1,57,1071,No Fatality,0,1,51
7277,2023-06-10,2023-06-19,10.0,"Heavy Rains, Floods & Landslide",Meghalaya,0.0,0.0,2023.0,6.0,10.0,2.0,5.0,23,Monsoon,10.0,1,57,1071,No Fatality,0,1,51
7278,2023-06-10,2023-06-19,10.0,"Heavy Rains, Floods & Landslide",Meghalaya,0.0,0.0,2023.0,6.0,10.0,2.0,5.0,23,Monsoon,10.0,1,57,1071,No Fatality,0,1,51
7279,2023-06-11,2023-06-11,1.0,Heavy Rains & Floods,Meghalaya,1.0,0.0,2023.0,6.0,11.0,2.0,6.0,23,Monsoon,1.0,1,57,1071,Low,0,1,51
7280,2023-06-16,2023-06-16,1.0,Heavy Rains & Floods,Meghalaya,1.0,0.0,2023.0,6.0,16.0,2.0,4.0,24,Monsoon,1.0,1,57,1071,Low,0,1,51
7281,2023-06-17,2023-06-17,1.0,Mudslide,Meghalaya,2.0,0.0,2023.0,6.0,17.0,2.0,5.0,24,Monsoon,1.0,1,57,1071,Low,0,1,51
7282,2023-06-17,2023-06-17,1.0,Heavy Rains & Floods,Meghalaya,3.0,0.0,2023.0,6.0,17.0,2.0,5.0,24,Monsoon,1.0,1,57,1071,Low,0,1,51
7283,2023-04-22,2023-04-22,1.0,Heavy Rains,Mizoram,0.0,0.0,2023.0,4.0,22.0,2.0,5.0,16,Summer,1.0,1,27,171,No Fatality,0,0,52
7284,2023-05-06,2023-05-06,1.0,Massive landslide,Mizoram,8.0,25.0,2023.0,5.0,6.0,2.0,5.0,18,Summer,1.0,1,27,479,Low,0,0,52
7285,2023-08-20,2023-08-21,2.0,Heavy Rains & Floods,Odisha,2.0,0.0,2023.0,8.0,20.0,3.0,6.0,33,Monsoon,2.0,1,144,1382,Low,0,1,55
7286,2023-08-20,2023-08-21,2.0,Heavy Rains & Floods,Odisha,1.0,0.0,2023.0,8.0,20.0,3.0,6.0,33,Monsoon,2.0,1,144,1382,Low,0,1,55
7287,2023-08-20,2023-08-21,2.0,Heavy Rains & Floods,Odisha,1.0,0.0,2023.0,8.0,20.0,3.0,6.0,33,Monsoon,2.0,1,144,1382,Low,0,1,55
7288,2023-07-05,2023-07-11,7.0,Heavy Rains & Floods,Punjab,7.0,0.0,2023.0,7.0,5.0,3.0,2.0,27,Monsoon,7.0,1,171,1709,Low,0,1,61
7289,2023-07-05,2023-07-11,7.0,Heavy Rains & Floods,Punjab,0.0,0.0,2023.0,7.0,5.0,3.0,2.0,27,Monsoon,7.0,1,171,1709,No Fatality,0,1,61
7290,2023-07-05,2023-07-11,7.0,Heavy Rains & Floods,Punjab,0.0,0.0,2023.0,7.0,5.0,3.0,2.0,27,Monsoon,7.0,1,171,1709,No Fatality,0,1,61
7291,2023-07-05,2023-07-11,7.0,Heavy Rains & Floods,Punjab,0.0,0.0,2023.0,7.0,5.0,3.0,2.0,27,Monsoon,7.0,1,171,1709,No Fatality,0,1,61
7292,2023-07-05,2023-07-11,7.0,Heavy Rains & Floods,Punjab,0.0,0.0,2023.0,7.0,5.0,3.0,2.0,27,Monsoon,7.0,1,171,1709,No Fatality,0,1,61
7293,2023-07-05,2023-07-11,7.0,Heavy Rains & Floods,Punjab,0.0,0.0,2023.0,7.0,5.0,3.0,2.0,27,Monsoon,7.0,1,171,1709,No Fatality,0,1,61
7294,2023-07-05,2023-07-11,7.0,Heavy Rains & Floods,Punjab,0.0,0.0,2023.0,7.0,5.0,3.0,2.0,27,Monsoon,7.0,1,171,1709,No Fatality,0,1,61
7295,2023-07-05,2023-07-11,7.0,Heavy Rains & Floods,Punjab,0.0,0.0,2023.0,7.0,5.0,3.0,2.0,27,Monsoon,7.0,1,171,1709,No Fatality,0,1,61
7296,2023-07-05,2023-07-11,7.0,Heavy Rains & Floods,Punjab,1.0,0.0,2023.0,7.0,5.0,3.0,2.0,27,Monsoon,7.0,1,171,1709,Low,0,1,61
7297,2023-07-05,2023-07-11,7.0,Heavy Rains & Floods,Punjab,0.0,0.0,2023.0,7.0,5.0,3.0,2.0,27,Monsoon,7.0,1,171,1709,No Fatality,0,1,61
7298,2023-06-18,2023-06-18,1.0,Heavy rains & Flood,Rajasthan,1.0,0.0,2023.0,6.0,18.0,2.0,6.0,24,Monsoon,1.0,1,259,1071,Low,0,1,62
7299,2023-06-18,2023-06-18,1.0,Heavy rains & Flood,Rajasthan,3.0,0.0,2023.0,6.0,18.0,2.0,6.0,24,Monsoon,1.0,1,259,1071,Low,0,1,62
7300,2023-06-19,2023-06-19,1.0,Heavy rains & Flood,Rajasthan,1.0,0.0,2023.0,6.0,19.0,2.0,0.0,25,Monsoon,1.0,1,259,1071,Low,0,1,62
7301,2023-06-19,2023-06-19,1.0,Heavy rains & Flood,Rajasthan,1.0,0.0,2023.0,6.0,19.0,2.0,0.0,25,Monsoon,1.0,1,259,1071,Low,0,1,62
7302,2023-06-19,2023-06-19,1.0,Heavy rains & Flood,Rajasthan,1.0,0.0,2023.0,6.0,19.0,2.0,0.0,25,Monsoon,1.0,1,259,1071,Low,0,1,62
7303,2023-06-19,2023-06-19,1.0,Heavy rains & Flood,Rajasthan,4.0,0.0,2023.0,6.0,19.0,2.0,0.0,25,Monsoon,1.0,1,259,1071,Low,0,1,62
7304,2023-06-20,2023-06-20,1.0,Heavy rains & Flood,Rajasthan,9.0,0.0,2023.0,6.0,20.0,2.0,1.0,25,Monsoon,1.0,1,259,1071,Low,0,1,62
7305,2023-06-21,2023-06-21,1.0,Heavy rains & Flood,Rajasthan,1.0,0.0,2023.0,6.0,21.0,2.0,2.0,25,Monsoon,1.0,1,259,1071,Low,0,1,62
7306,2023-06-21,2023-06-21,1.0,Heavy rains & Flood,Rajasthan,2.0,0.0,2023.0,6.0,21.0,2.0,2.0,25,Monsoon,1.0,1,259,1071,Low,0,1,62
7307,2023-06-26,2023-06-26,1.0,Heavy rains,Rajasthan,3.0,0.0,2023.0,6.0,26.0,2.0,0.0,26,Monsoon,1.0,1,259,1071,Low,0,1,62
7308,2023-06-27,2023-06-27,1.0,Heavy rains,Rajasthan,1.0,0.0,2023.0,6.0,27.0,2.0,1.0,26,Monsoon,1.0,1,259,1071,Low,0,1,62
7309,2023-07-07,2023-07-07,1.0,Heavy rains,Rajasthan,1.0,0.0,2023.0,7.0,7.0,3.0,4.0,27,Monsoon,1.0,1,259,1709,Low,0,1,62
7310,2023-07-20,2023-07-20,1.0,Heavy rains,Rajasthan,1.0,0.0,2023.0,7.0,20.0,3.0,3.0,29,Monsoon,1.0,1,259,1709,Low,0,1,62
7311,2023-07-24,2023-07-24,1.0,Heavy rains,Rajasthan,1.0,0.0,2023.0,7.0,24.0,3.0,0.0,30,Monsoon,1.0,1,259,1709,Low,0,1,62
7312,2023-07-24,2023-07-24,1.0,Heavy rains,Rajasthan,1.0,0.0,2023.0,7.0,24.0,3.0,0.0,30,Monsoon,1.0,1,259,1709,Low,0,1,62
7313,2023-07-26,2023-07-26,1.0,Heavy rains,Rajasthan,1.0,0.0,2023.0,7.0,26.0,3.0,2.0,30,Monsoon,1.0,1,259,1709,Low,0,1,62
7314,2023-07-20,2023-07-20,1.0,Heavy rains,Rajasthan,1.0,0.0,2023.0,7.0,20.0,3.0,3.0,29,Monsoon,1.0,1,259,1709,Low,0,1,62
7315,2023-07-30,2023-07-30,1.0,Heavy rains,Rajasthan,1.0,0.0,2023.0,7.0,30.0,3.0,6.0,30,Monsoon,1.0,1,259,1709,Low,0,1,62
7316,2023-07-30,2023-07-30,1.0,Heavy rains,Rajasthan,1.0,0.0,2023.0,7.0,30.0,3.0,6.0,30,Monsoon,1.0,1,259,1709,Low,0,1,62
7317,2023-07-09,2023-07-09,1.0,Heavy Rains & Floods,Rajasthan,3.0,0.0,2023.0,7.0,9.0,3.0,6.0,27,Monsoon,1.0,1,259,1709,Low,0,1,62
7318,2023-07-09,2023-07-09,1.0,Heavy Rains & Floods,Rajasthan,1.0,0.0,2023.0,7.0,9.0,3.0,6.0,27,Monsoon,1.0,1,259,1709,Low,0,1,62
7319,2023-07-09,2023-07-09,1.0,Heavy Rains & Floods,Rajasthan,2.0,0.0,2023.0,7.0,9.0,3.0,6.0,27,Monsoon,1.0,1,259,1709,Low,0,1,62
7320,2023-07-09,2023-07-09,1.0,Heavy Rains & Floods,Rajasthan,2.0,0.0,2023.0,7.0,9.0,3.0,6.0,27,Monsoon,1.0,1,259,1709,Low,0,1,62
7321,2023-07-09,2023-07-09,1.0,Heavy Rains & Floods,Rajasthan,1.0,0.0,2023.0,7.0,9.0,3.0,6.0,27,Monsoon,1.0,1,259,1709,Low,0,1,62
7322,2023-07-10,2023-07-10,1.0,Heavy rains & Flood (Karmvachhni River),Rajasthan,1.0,0.0,2023.0,7.0,10.0,3.0,0.0,28,Monsoon,1.0,1,259,1709,Low,0,1,62
7323,2023-06-15,2023-06-15,1.0,Unprecedented Heavy Rain,Sikkim,1.0,0.0,2023.0,6.0,15.0,2.0,3.0,24,Monsoon,1.0,1,64,1071,Low,0,1,65
7324,2023-06-17,2023-06-17,1.0,"Heavy Rains, Floods & Landslides",Sikkim,0.0,0.0,2023.0,6.0,17.0,2.0,5.0,24,Monsoon,1.0,1,64,1071,No Fatality,0,1,65
7325,2023-06-17,2023-06-17,1.0,"Heavy Rains, Floods & Landslides",Sikkim,0.0,0.0,2023.0,6.0,17.0,2.0,5.0,24,Monsoon,1.0,1,64,1071,No Fatality,0,1,65
7326,2023-03-15,2023-03-16,2.0,Unseasonal Heavy Rains,Telangana,0.0,0.0,2023.0,3.0,15.0,1.0,2.0,11,Summer,2.0,1,148,166,No Fatality,0,0,67
7327,2023-03-15,2023-03-16,2.0,Unseasonal Heavy Rains,Telangana,0.0,0.0,2023.0,3.0,15.0,1.0,2.0,11,Summer,2.0,1,148,166,No Fatality,0,0,67
7328,2023-03-15,2023-03-16,2.0,Unseasonal Heavy Rains,Telangana,0.0,0.0,2023.0,3.0,15.0,1.0,2.0,11,Summer,2.0,1,148,166,No Fatality,0,0,67
7329,2023-03-15,2023-03-16,2.0,Unseasonal Heavy Rains,Telangana,0.0,0.0,2023.0,3.0,15.0,1.0,2.0,11,Summer,2.0,1,148,166,No Fatality,0,0,67
7330,2023-03-15,2023-03-16,2.0,Unseasonal Heavy Rains,Telangana,0.0,0.0,2023.0,3.0,15.0,1.0,2.0,11,Summer,2.0,1,148,166,No Fatality,0,0,67
7331,2023-07-22,2023-07-29,8.0,Unprecedented Heavy Rains & Floods,Telangana,1.0,0.0,2023.0,7.0,22.0,3.0,5.0,29,Monsoon,8.0,1,148,1709,Low,0,1,67
7332,2023-07-22,2023-07-29,8.0,Unprecedented Heavy Rains & Floods,Telangana,3.0,0.0,2023.0,7.0,22.0,3.0,5.0,29,Monsoon,8.0,1,148,1709,Low,0,1,67
7333,2023-07-22,2023-07-29,8.0,Unprecedented Heavy Rains & Floods,Telangana,2.0,0.0,2023.0,7.0,22.0,3.0,5.0,29,Monsoon,8.0,1,148,1709,Low,0,1,67
7334,2023-07-22,2023-07-29,8.0,Unprecedented Heavy Rains & Floods,Telangana,3.0,0.0,2023.0,7.0,22.0,3.0,5.0,29,Monsoon,8.0,1,148,1709,Low,0,1,67
7335,2023-07-22,2023-07-29,8.0,Unprecedented Heavy Rains & Floods,Telangana,2.0,0.0,2023.0,7.0,22.0,3.0,5.0,29,Monsoon,8.0,1,148,1709,Low,0,1,67
7336,2023-07-22,2023-07-29,8.0,Unprecedented Heavy Rains & Floods,Telangana,2.0,0.0,2023.0,7.0,22.0,3.0,5.0,29,Monsoon,8.0,1,148,1709,Low,0,1,67
7337,2023-07-22,2023-07-29,8.0,Unprecedented Heavy Rains & Floods,Telangana,16.0,0.0,2023.0,7.0,22.0,3.0,5.0,29,Monsoon,8.0,1,148,1709,Medium,1,1,67
7338,2023-07-22,2023-07-29,8.0,Unprecedented Heavy Rains & Floods,Telangana,0.0,0.0,2023.0,7.0,22.0,3.0,5.0,29,Monsoon,8.0,1,148,1709,No Fatality,0,1,67
7339,2023-03-17,2023-03-18,2.0,Heavy Rains & water from mountains,Uttar Pradesh,5.0,0.0,2023.0,3.0,17.0,1.0,4.0,11,Summer,2.0,1,448,166,Low,0,0,69
7340,2023-05-01,2023-05-01,1.0,Heavy Rains,Uttar Pradesh,0.0,2.0,2023.0,5.0,1.0,2.0,0.0,18,Summer,1.0,1,448,479,No Fatality,0,0,69
7341,2023-07-07,2023-07-09,3.0,Heavy rains & Floods,Uttar Pradesh,2.0,0.0,2023.0,7.0,7.0,3.0,4.0,27,Monsoon,3.0,1,448,1709,Low,0,1,69
7342,2023-07-07,2023-07-09,3.0,Heavy rains & Floods,Uttar Pradesh,4.0,0.0,2023.0,7.0,7.0,3.0,4.0,27,Monsoon,3.0,1,448,1709,Low,0,1,69
7343,2023-07-07,2023-07-09,3.0,Heavy rains & Floods,Uttar Pradesh,5.0,0.0,2023.0,7.0,7.0,3.0,4.0,27,Monsoon,3.0,1,448,1709,Low,0,1,69
7344,2023-07-07,2023-07-09,3.0,Heavy rains & Floods,Uttar Pradesh,2.0,0.0,2023.0,7.0,7.0,3.0,4.0,27,Monsoon,3.0,1,448,1709,Low,0,1,69
7345,2023-07-11,2023-07-11,1.0,Heavy Rains & Floods,Uttar Pradesh,1.0,2.0,2023.0,7.0,11.0,3.0,1.0,28,Monsoon,1.0,1,448,1709,Low,0,1,69
7346,2023-07-12,2023-07-15,4.0,Heavy Rains & Floods,Uttar Pradesh,4.0,0.0,2023.0,7.0,12.0,3.0,2.0,28,Monsoon,4.0,1,448,1709,Low,0,1,69
7347,2023-07-12,2023-07-15,4.0,Heavy Rains & Floods,Uttar Pradesh,1.0,0.0,2023.0,7.0,12.0,3.0,2.0,28,Monsoon,4.0,1,448,1709,Low,0,1,69
7348,2023-07-12,2023-07-15,4.0,Heavy Rains & Floods,Uttar Pradesh,1.0,0.0,2023.0,7.0,12.0,3.0,2.0,28,Monsoon,4.0,1,448,1709,Low,0,1,69
7349,2023-07-12,2023-07-15,4.0,Heavy Rains & Floods,Uttar Pradesh,21.0,0.0,2023.0,7.0,12.0,3.0,2.0,28,Monsoon,4.0,1,448,1709,Medium,1,1,69
7350,2023-07-16,2023-07-16,1.0,Heavy Rains & Floods,Uttar Pradesh,1.0,0.0,2023.0,7.0,16.0,3.0,6.0,28,Monsoon,1.0,1,448,1709,Low,0,1,69
7351,2023-07-16,2023-07-16,1.0,Heavy Rains & Floods,Uttar Pradesh,1.0,0.0,2023.0,7.0,16.0,3.0,6.0,28,Monsoon,1.0,1,448,1709,Low,0,1,69
7352,2023-07-16,2023-07-16,1.0,Heavy Rains & Floods,Uttar Pradesh,1.0,0.0,2023.0,7.0,16.0,3.0,6.0,28,Monsoon,1.0,1,448,1709,Low,0,1,69
7353,2023-07-16,2023-07-16,1.0,Heavy Rains & Floods,Uttar Pradesh,1.0,0.0,2023.0,7.0,16.0,3.0,6.0,28,Monsoon,1.0,1,448,1709,Low,0,1,69
7354,2023-07-19,2023-07-19,1.0,Heavy Rains & Floods,Uttar Pradesh,1.0,0.0,2023.0,7.0,19.0,3.0,2.0,29,Monsoon,1.0,1,448,1709,Low,0,1,69
7355,2023-07-19,2023-07-19,1.0,Heavy Rains & Floods,Uttar Pradesh,1.0,0.0,2023.0,7.0,19.0,3.0,2.0,29,Monsoon,1.0,1,448,1709,Low,0,1,69
7356,2023-07-19,2023-07-19,1.0,Heavy Rains & Floods,Uttar Pradesh,1.0,0.0,2023.0,7.0,19.0,3.0,2.0,29,Monsoon,1.0,1,448,1709,Low,0,1,69
7357,2023-08-04,2023-08-04,1.0,Heavy Rains,Uttar Pradesh,2.0,0.0,2023.0,8.0,4.0,3.0,4.0,31,Monsoon,1.0,1,448,1382,Low,0,1,69
7358,2023-08-07,2023-08-07,1.0,Heavy Rains,Uttar Pradesh,2.0,3.0,2023.0,8.0,7.0,3.0,0.0,32,Monsoon,1.0,1,448,1382,Low,0,1,69
7359,2023-06-25,2023-06-25,1.0,Heavy rains,Uttarakhand,1.0,0.0,2023.0,6.0,25.0,2.0,6.0,25,Monsoon,1.0,1,107,1071,Low,0,1,78
7360,2023-06-25,2023-06-25,1.0,Heavy rains,Uttarakhand,1.0,3.0,2023.0,6.0,25.0,2.0,6.0,25,Monsoon,1.0,1,107,1071,Low,0,1,78
7361,2023-07-09,2023-07-09,1.0,Landslide,Uttarakhand,3.0,0.0,2023.0,7.0,9.0,3.0,6.0,27,Monsoon,1.0,1,107,1709,Low,0,1,78
7362,2023-07-09,2023-07-09,1.0,Heavy rains,Uttarakhand,2.0,1.0,2023.0,7.0,9.0,3.0,6.0,27,Monsoon,1.0,1,107,1709,Low,0,1,78
7363,2023-07-10,2023-07-10,1.0,Heavy rains,Uttarakhand,4.0,7.0,2023.0,7.0,10.0,3.0,0.0,28,Monsoon,1.0,1,107,1709,Low,0,1,78
7364,2023-07-11,2023-07-11,1.0,Heavy rains & Landslides,Uttarakhand,5.0,0.0,2023.0,7.0,11.0,3.0,1.0,28,Monsoon,1.0,1,107,1709,Low,0,1,78
7365,2023-07-11,2023-07-11,1.0,Heavy rains & Landslides,Uttarakhand,3.0,0.0,2023.0,7.0,11.0,3.0,1.0,28,Monsoon,1.0,1,107,1709,Low,0,1,78
7366,2023-07-16,2023-07-16,1.0,Heavy rains & Floods,Uttarakhand,5.0,0.0,2023.0,7.0,16.0,3.0,6.0,28,Monsoon,1.0,1,107,1709,Low,0,1,78
7367,2023-07-16,2023-07-16,1.0,Heavy rains & Floods,Uttarakhand,0.0,0.0,2023.0,7.0,16.0,3.0,6.0,28,Monsoon,1.0,1,107,1709,No Fatality,0,1,78
7368,2023-07-17,2023-07-17,1.0,Heavy Rains & Floods,Uttarakhand,0.0,14.0,2023.0,7.0,17.0,3.0,0.0,29,Monsoon,1.0,1,107,1709,No Fatality,0,1,78
7369,2023-08-04,2023-08-04,1.0,Massive Landslide,Uttarakhand,10.0,0.0,2023.0,8.0,4.0,3.0,4.0,31,Monsoon,1.0,1,107,1382,Low,0,1,78
7370,2023-08-06,2023-08-06,1.0,Heavy Rains,Uttarakhand,2.0,1.0,2023.0,8.0,6.0,3.0,6.0,31,Monsoon,1.0,1,107,1382,Low,0,1,78
7371,2023-08-07,2023-08-07,1.0,Landslide,Uttarakhand,3.0,0.0,2023.0,8.0,7.0,3.0,0.0,32,Monsoon,1.0,1,107,1382,Low,0,1,78
7372,2023-08-09,2023-08-09,1.0,Landslides,Uttarakhand,7.0,3.0,2023.0,8.0,9.0,3.0,2.0,32,Monsoon,1.0,1,107,1382,Low,0,1,78
7373,2023-08-10,2023-08-10,1.0,Heavy Rains,Uttarakhand,1.0,0.0,2023.0,8.0,10.0,3.0,3.0,32,Monsoon,1.0,1,107,1382,Low,0,1,78
7374,2023-08-10,2023-08-10,1.0,Landslide,Uttarakhand,5.0,0.0,2023.0,8.0,10.0,3.0,3.0,32,Monsoon,1.0,1,107,1382,Low,0,1,78
7375,2023-08-14,2023-08-14,1.0,Torrential rains & Landslides,Uttarakhand,4.0,0.0,2023.0,8.0,14.0,3.0,0.0,33,Monsoon,1.0,1,107,1382,Low,0,1,78
7376,2023-08-14,2023-08-14,1.0,Landslide,Uttarakhand,4.0,0.0,2023.0,8.0,14.0,3.0,0.0,33,Monsoon,1.0,1,107,1382,Low,0,1,78
7377,2023-08-15,2023-08-15,1.0,Heavy Rains,Uttarakhand,0.0,3.0,2023.0,8.0,15.0,3.0,1.0,33,Monsoon,1.0,1,107,1382,No Fatality,0,1,78
7378,2023-08-21,2023-08-21,1.0,Landslide,Uttarakhand,5.0,0.0,2023.0,8.0,21.0,3.0,0.0,34,Monsoon,1.0,1,107,1382,Low,0,1,78
7379,2023-08-23,2023-08-23,1.0,Heavy Rains,Uttarakhand,1.0,0.0,2023.0,8.0,23.0,3.0,2.0,34,Monsoon,1.0,1,107,1382,Low,0,1,78
7380,2023-07-13,2023-07-13,1.0,Heavy Rains & Floods     (Kaljani River) ,West Bengal,2.0,0.0,2023.0,7.0,13.0,3.0,3.0,28,Monsoon,1.0,1,330,1709,Low,0,1,79
7381,2023-07-09,2023-07-09,1.0,Heavy rains,Chandigarh ,1.0,0.0,2023.0,7.0,9.0,3.0,6.0,27,Monsoon,1.0,1,6,1709,Low,0,1,16
7382,2023-07-21,2023-07-21,1.0,Heavy Rains & Floods,Dadar&Nagar Haveli,2.0,0.0,2023.0,7.0,21.0,3.0,4.0,29,Monsoon,1.0,1,1,1709,Low,0,1,18
7383,2023-07-09,2023-07-09,1.0,Heavy Rains & Floods (Yamuna River),Delhi,2.0,5.0,2023.0,7.0,9.0,3.0,6.0,27,Monsoon,1.0,1,43,1709,Low,0,1,21
7384,2023-07-09,2023-07-09,1.0,Heavy Rains & Floods (Yamuna River),Delhi,0.0,3.0,2023.0,7.0,9.0,3.0,6.0,27,Monsoon,1.0,1,43,1709,No Fatality,0,1,21
7385,2023-07-09,2023-07-09,1.0,Heavy Rains & Floods (Yamuna River),Delhi,0.0,2.0,2023.0,7.0,9.0,3.0,6.0,27,Monsoon,1.0,1,43,1709,No Fatality,0,1,21
7386,2023-01-15,2023-01-15,1.0,Landslide,Jammu & Kashmir,1.0,0.0,2023.0,1.0,15.0,1.0,6.0,2,Winter,1.0,1,109,108,Low,0,0,32
7387,2023-02-19,2023-02-19,1.0,Massive Landslide,Jammu & Kashmir,0.0,0.0,2023.0,2.0,19.0,1.0,6.0,7,Winter,1.0,1,109,66,No Fatality,0,0,32
7388,2023-03-07,2023-03-07,1.0,Massive Landslide,Jammu & Kashmir,1.0,6.0,2023.0,3.0,7.0,1.0,1.0,10,Summer,1.0,1,109,166,Low,0,0,32
7389,2023-04-03,2023-04-03,1.0,Heavy Rains,Jammu & Kashmir,0.0,0.0,2023.0,4.0,3.0,2.0,0.0,14,Summer,1.0,1,109,171,No Fatality,0,0,32
7390,2023-04-27,2023-04-27,1.0,Massive Landslide,Jammu & Kashmir,0.0,2.0,2023.0,4.0,27.0,2.0,3.0,17,Summer,1.0,1,109,171,No Fatality,0,0,32
7391,2023-05-06,2023-05-06,1.0,Cloudburst,Jammu & Kashmir,2.0,0.0,2023.0,5.0,6.0,2.0,5.0,18,Summer,1.0,1,109,479,Low,0,0,32
7392,2023-05-23,2023-05-23,1.0,Heavy Rains & Floods,Jammu & Kashmir,1.0,0.0,2023.0,5.0,23.0,2.0,1.0,21,Summer,1.0,1,109,479,Low,0,0,32
7393,2023-05-25,2023-05-25,1.0,Heavy Rains,Jammu & Kashmir,4.0,0.0,2023.0,5.0,25.0,2.0,3.0,21,Summer,1.0,1,109,479,Low,0,0,32
7394,2023-06-01,2023-06-01,1.0,Heavy Rains & Landslide,Jammu & Kashmir,0.0,0.0,2023.0,6.0,1.0,2.0,3.0,22,Monsoon,1.0,1,109,1071,No Fatality,0,1,32
7395,2023-06-02,2023-06-02,1.0,Landslide,Jammu & Kashmir,0.0,1.0,2023.0,6.0,2.0,2.0,4.0,22,Monsoon,1.0,1,109,1071,No Fatality,0,1,32
7396,2023-07-09,2023-07-09,1.0,Flash  Floods,Jammu & Kashmir,2.0,0.0,2023.0,7.0,9.0,3.0,6.0,27,Monsoon,1.0,1,109,1709,Low,0,1,32
7397,2023-07-09,2023-07-09,1.0,Landslide,Jammu & Kashmir,2.0,1.0,2023.0,7.0,9.0,3.0,6.0,27,Monsoon,1.0,1,109,1709,Low,0,1,32
7398,2023-07-10,2023-07-10,1.0,Heavy Rains & Floods,Jammu & Kashmir,0.0,0.0,2023.0,7.0,10.0,3.0,0.0,28,Monsoon,1.0,1,109,1709,No Fatality,0,1,32
7399,2023-07-15,2023-07-15,1.0,Flash  Floods,Jammu & Kashmir,2.0,2.0,2023.0,7.0,15.0,3.0,5.0,28,Monsoon,1.0,1,109,1709,Low,0,1,32
7400,2023-07-15,2023-07-15,1.0,Flash  Floods,Jammu & Kashmir,1.0,0.0,2023.0,7.0,15.0,3.0,5.0,28,Monsoon,1.0,1,109,1709,Low,0,1,32
7401,2023-07-18,2023-07-18,1.0,Landslide,Jammu & Kashmir,0.0,6.0,2023.0,7.0,18.0,3.0,1.0,29,Monsoon,1.0,1,109,1709,No Fatality,0,1,32
7402,2023-07-19,2023-07-19,1.0,Heavy Rains & Landslides,Jammu & Kashmir,8.0,1.0,2023.0,7.0,19.0,3.0,2.0,29,Monsoon,1.0,1,109,1709,Low,0,1,32
7403,2023-07-23,2023-07-23,1.0,Heavy Rains & Flash  Floods,Jammu & Kashmir,1.0,0.0,2023.0,7.0,23.0,3.0,6.0,29,Monsoon,1.0,1,109,1709,Low,0,1,32
7404,2023-07-25,2023-07-25,1.0,Landslide,Jammu & Kashmir,2.0,0.0,2023.0,7.0,25.0,3.0,1.0,30,Monsoon,1.0,1,109,1709,Low,0,1,32
7405,2023-07-28,2023-07-28,1.0,Heavy Rains & Mudslide,Jammu & Kashmir,1.0,0.0,2023.0,7.0,28.0,3.0,4.0,30,Monsoon,1.0,1,109,1709,Low,0,1,32
7406,2023-08-18,2023-08-19,1.0,"Heavy Rains, Flash Floods Landslide",Jammu & Kashmir,8.0,0.0,2023.0,8.0,18.0,3.0,4.0,33,Monsoon,2.0,1,109,1382,Low,0,1,32
7407,2023-07-09,2023-07-09,1.0,Heavy Rains,Ladakh,5.0,0.0,2023.0,7.0,9.0,3.0,6.0,27,Monsoon,1.0,1,1,1709,Low,0,1,42
7415,2023-09-08,2023-09-08,1.0,Heavy rains,Gujarat,2.0,0.0,2023.0,9.0,8.0,3.0,4.0,36,Monsoon,1.0,1,168,938,Low,0,1,26
7416,2023-09-09,2023-09-09,1.0,Heavy rains,Maharashtra,1.0,0.0,2023.0,9.0,9.0,3.0,5.0,36,Monsoon,1.0,1,1011,938,Low,0,1,47
7417,2023-09-10,2023-09-10,1.0,Landslide,Mizoram,1.0,1.0,2023.0,9.0,10.0,3.0,6.0,36,Monsoon,1.0,1,27,938,Low,0,1,52
7418,2023-08-26,2023-08-26,1.0,Heavy Rains & Floods,Uttarakhand,2.0,0.0,2023.0,8.0,26.0,3.0,5.0,34,Monsoon,1.0,1,107,1382,Low,0,1,78
7419,2023-09-12,2023-09-12,1.0,Landslide,Jammu & Kashmir,4.0,0.0,2023.0,9.0,12.0,3.0,1.0,37,Monsoon,1.0,1,109,938,Low,0,1,32
7420,2023-08-25,2023-08-25,1.0,Landslide,Sikkim,1.0,0.0,2023.0,8.0,25.0,3.0,4.0,34,Monsoon,1.0,1,64,1382,Low,0,1,65
7421,2023-08-25,2023-08-25,1.0,Landslide,West Bengal,1.0,0.0,2023.0,8.0,25.0,3.0,4.0,34,Monsoon,1.0,1,330,1382,Low,0,1,79
7422,2023-09-10,2023-09-11,2.0,Heavy Rains & Floods,Uttar Pradesh,0.0,0.0,2023.0,9.0,10.0,3.0,6.0,36,Monsoon,2.0,1,448,938,No Fatality,0,1,69
7423,2023-09-10,2023-09-11,2.0,Heavy Rains & Floods,Uttar Pradesh,0.0,0.0,2023.0,9.0,10.0,3.0,6.0,36,Monsoon,2.0,1,448,938,No Fatality,0,1,69
7424,2023-09-10,2023-09-11,2.0,Heavy Rains & Floods,Uttar Pradesh,0.0,0.0,2023.0,9.0,10.0,3.0,6.0,36,Monsoon,2.0,1,448,938,No Fatality,0,1,69
7425,2023-09-10,2023-09-11,2.0,Heavy Rains & Floods,Uttar Pradesh,1.0,0.0,2023.0,9.0,10.0,3.0,6.0,36,Monsoon,2.0,1,448,938,Low,0,1,69
7426,2023-09-10,2023-09-11,2.0,Heavy Rains & Floods,Uttar Pradesh,1.0,0.0,2023.0,9.0,10.0,3.0,6.0,36,Monsoon,2.0,1,448,938,Low,0,1,69
7427,2023-09-10,2023-09-11,2.0,Heavy Rains & Floods,Uttar Pradesh,0.0,0.0,2023.0,9.0,10.0,3.0,6.0,36,Monsoon,2.0,1,448,938,No Fatality,0,1,69
7428,2023-09-10,2023-09-11,2.0,Heavy Rains & Floods,Uttar Pradesh,0.0,0.0,2023.0,9.0,10.0,3.0,6.0,36,Monsoon,2.0,1,448,938,No Fatality,0,1,69
7429,2023-09-10,2023-09-11,2.0,Heavy Rains & Floods,Uttar Pradesh,2.0,0.0,2023.0,9.0,10.0,3.0,6.0,36,Monsoon,2.0,1,448,938,Low,0,1,69
7430,2023-09-10,2023-09-11,2.0,Heavy Rains & Floods,Uttar Pradesh,0.0,0.0,2023.0,9.0,10.0,3.0,6.0,36,Monsoon,2.0,1,448,938,No Fatality,0,1,69
7431,2023-09-10,2023-09-11,2.0,Heavy Rains & Floods,Uttar Pradesh,1.0,1.0,2023.0,9.0,10.0,3.0,6.0,36,Monsoon,2.0,1,448,938,Low,0,1,69
7432,2023-09-10,2023-09-11,2.0,Heavy Rains & Floods,Uttar Pradesh,0.0,0.0,2023.0,9.0,10.0,3.0,6.0,36,Monsoon,2.0,1,448,938,No Fatality,0,1,69
7433,2023-09-10,2023-09-11,2.0,Heavy Rains & Floods,Uttar Pradesh,0.0,0.0,2023.0,9.0,10.0,3.0,6.0,36,Monsoon,2.0,1,448,938,No Fatality,0,1,69
7434,2023-09-10,2023-09-11,2.0,Heavy Rains & Floods,Uttar Pradesh,0.0,0.0,2023.0,9.0,10.0,3.0,6.0,36,Monsoon,2.0,1,448,938,No Fatality,0,1,69
7435,2023-09-10,2023-09-11,2.0,Heavy Rains & Floods,Uttar Pradesh,0.0,0.0,2023.0,9.0,10.0,3.0,6.0,36,Monsoon,2.0,1,448,938,No Fatality,0,1,69
7436,2023-09-10,2023-09-11,2.0,Heavy Rains & Floods,Uttar Pradesh,0.0,0.0,2023.0,9.0,10.0,3.0,6.0,36,Monsoon,2.0,1,448,938,No Fatality,0,1,69
7437,2023-09-10,2023-09-11,2.0,Heavy Rains & Floods,Uttar Pradesh,0.0,0.0,2023.0,9.0,10.0,3.0,6.0,36,Monsoon,2.0,1,448,938,No Fatality,0,1,69
7438,2023-09-10,2023-09-11,2.0,Heavy Rains & Floods,Uttar Pradesh,0.0,0.0,2023.0,9.0,10.0,3.0,6.0,36,Monsoon,2.0,1,448,938,No Fatality,0,1,69
